day,bucket,n,room_count,realized_makespan,algo,seed,opt_makespan,patients_with_extra_wait,avg_extra_wait_min,cpu_s
2023-09-30,15,15,1,457.76666666666665,GA,0,284.25,15,109.2244,15.42
2023-09-30,15,15,1,457.76666666666665,GA,1,284.25,15,109.2244,15.65
2023-09-30,15,15,1,457.76666666666665,GA,2,284.25,15,109.2667,15.34
2023-09-30,15,15,1,457.76666666666665,GA,3,284.25,15,109.2244,15.37
2023-09-30,15,15,1,457.76666666666665,GA,4,284.25,15,109.2244,15.41
2023-09-30,15,15,1,457.76666666666665,GA,5,284.25,15,109.2244,15.5
2023-09-30,15,15,1,457.76666666666665,GA,6,284.25,15,109.2244,15.28
2023-09-30,15,15,1,457.76666666666665,GA,7,284.25,15,109.2244,15.28
2023-09-30,15,15,1,457.76666666666665,GA,8,284.25,15,109.2244,15.47
2023-09-30,15,15,1,457.76666666666665,GA,9,284.25,15,109.2244,15.58
2023-09-30,15,15,1,457.76666666666665,dPSO,0,284.25,15,111.6433,18.83
2023-09-30,15,15,1,457.76666666666665,dPSO,1,284.25,15,111.8689,19.21
2023-09-30,15,15,1,457.76666666666665,dPSO,2,284.25,15,110.3911,18.85
2023-09-30,15,15,1,457.76666666666665,dPSO,3,284.25,15,112.7411,19.08
2023-09-30,15,15,1,457.76666666666665,dPSO,4,284.25,15,111.6711,19.37
2023-09-30,15,15,1,457.76666666666665,dPSO,5,284.25,15,112.4522,19.07
2023-09-30,15,15,1,457.76666666666665,dPSO,6,284.25,15,111.7278,19.12
2023-09-30,15,15,1,457.76666666666665,dPSO,7,284.25,15,111.9267,19.27
2023-09-30,15,15,1,457.76666666666665,dPSO,8,284.25,15,112.3033,18.99
2023-09-30,15,15,1,457.76666666666665,dPSO,9,284.25,15,110.9667,19.23
2023-09-30,15,15,1,457.76666666666665,SBOA,0,284.25,15,109.2244,18.71
2023-09-30,15,15,1,457.76666666666665,SBOA,1,284.25,15,109.2244,18.41
2023-09-30,15,15,1,457.76666666666665,SBOA,2,284.25,15,109.2244,19.54
2023-09-30,15,15,1,457.76666666666665,SBOA,3,284.25,15,109.2244,19.01
2023-09-30,15,15,1,457.76666666666665,SBOA,4,284.25,15,109.2244,19.11
2023-09-30,15,15,1,457.76666666666665,SBOA,5,284.25,15,109.2244,19.68
2023-09-30,15,15,1,457.76666666666665,SBOA,6,284.25,15,109.2244,18.81
2023-09-30,15,15,1,457.76666666666665,SBOA,7,284.25,15,109.2244,18.02
2023-09-30,15,15,1,457.76666666666665,SBOA,8,284.25,15,109.2244,19.23
2023-09-30,15,15,1,457.76666666666665,SBOA,9,284.25,15,109.2244,18.68
2023-09-30,15,15,1,457.76666666666665,dMShOA,0,284.25,15,110.2489,17.31
2023-09-30,15,15,1,457.76666666666665,dMShOA,1,284.25,15,109.8022,17.21
2023-09-30,15,15,1,457.76666666666665,dMShOA,2,284.25,15,109.9156,17.31
2023-09-30,15,15,1,457.76666666666665,dMShOA,3,284.25,15,109.6678,17.47
2023-09-30,15,15,1,457.76666666666665,dMShOA,4,284.25,15,110.42,17.43
2023-09-30,15,15,1,457.76666666666665,dMShOA,5,284.25,15,109.6556,17.35
2023-09-30,15,15,1,457.76666666666665,dMShOA,6,284.25,15,110.0722,17.32
2023-09-30,15,15,1,457.76666666666665,dMShOA,7,284.25,15,110.4978,17.19
2023-09-30,15,15,1,457.76666666666665,dMShOA,8,284.25,15,109.9189,17.13
2023-09-30,15,15,1,457.76666666666665,dMShOA,9,284.25,15,109.8233,17.44
2020-05-12,15,14,3,647.5,GA,0,486.48333333333335,4,5.4625,18.2
2020-05-12,15,14,3,647.5,GA,1,446.55000000000007,9,10.1185,18.0
2020-05-12,15,14,3,647.5,GA,2,510.5833333333333,4,7.8416,17.96
2020-05-12,15,14,3,647.5,GA,3,512.4166666666666,7,7.419,18.11
2020-05-12,15,14,3,647.5,GA,4,453.85,5,11.6233,18.08
2020-05-12,15,14,3,647.5,GA,5,499.28333333333336,1,7.1,18.05
2020-05-12,15,14,3,647.5,GA,6,541.65,5,7.5467,18.04
2020-05-12,15,14,3,647.5,GA,7,450.7333333333333,1,2.1333,18.15
2020-05-12,15,14,3,647.5,GA,8,502.1833333333333,4,4.7583,18.09
2020-05-12,15,14,3,647.5,GA,9,482.7666666666667,9,5.6685,18.19
2020-05-12,15,14,3,647.5,dPSO,0,446.05,5,12.48,19.11
2020-05-12,15,14,3,647.5,dPSO,1,458.1,10,11.7983,19.05
2020-05-12,15,14,3,647.5,dPSO,2,479.1,7,11.5405,19.19
2020-05-12,15,14,3,647.5,dPSO,3,486.31666666666666,8,24.5042,19.19
2020-05-12,15,14,3,647.5,dPSO,4,507.23333333333335,11,28.2833,19.43
2020-05-12,15,14,3,647.5,dPSO,5,450.9666666666667,10,42.535,19.23
2020-05-12,15,14,3,647.5,dPSO,6,411.58333333333337,14,107.3679,19.39
2020-05-12,15,14,3,647.5,dPSO,7,428.3,13,48.6743,19.38
2020-05-12,15,14,3,647.5,dPSO,8,417.28333333333336,13,39.7654,19.43
2020-05-12,15,14,3,647.5,dPSO,9,562.2666666666667,6,30.7889,19.15
2020-05-12,15,14,3,647.5,SBOA,0,470.78333333333336,1,0.0167,21.52
2020-05-12,15,14,3,647.5,SBOA,1,432.1666666666666,6,4.5778,21.36
2020-05-12,15,14,3,647.5,SBOA,2,437.1333333333333,9,4.5963,21.48
2020-05-12,15,14,3,647.5,SBOA,3,508.08333333333337,0,0.0,21.58
2020-05-12,15,14,3,647.5,SBOA,4,465.25,3,1.8056,21.6
2020-05-12,15,14,3,647.5,SBOA,5,495.6666666666667,4,11.3917,21.23
2020-05-12,15,14,3,647.5,SBOA,6,467.25000000000006,4,1.8958,21.19
2020-05-12,15,14,3,647.5,SBOA,7,463.6666666666667,1,1.05,21.26
2020-05-12,15,14,3,647.5,SBOA,8,491.2833333333334,1,2.7167,21.21
2020-05-12,15,14,3,647.5,SBOA,9,490.3333333333333,5,8.3766,21.26
2020-05-12,15,14,3,647.5,dMShOA,0,468.78333333333336,5,38.8433,19.16
2020-05-12,15,14,3,647.5,dMShOA,1,494.83333333333337,7,21.2333,18.88
2020-05-12,15,14,3,647.5,dMShOA,2,471.56666666666666,8,29.1271,18.94
2020-05-12,15,14,3,647.5,dMShOA,3,491.4166666666667,8,26.0312,18.8
2020-05-12,15,14,3,647.5,dMShOA,4,574.45,5,12.9667,19.01
2020-05-12,15,14,3,647.5,dMShOA,5,528.7333333333333,8,21.9312,18.87
2020-05-12,15,14,3,647.5,dMShOA,6,487.45,10,21.7867,19.01
2020-05-12,15,14,3,647.5,dMShOA,7,503.05,10,16.6517,18.84
2020-05-12,15,14,3,647.5,dMShOA,8,472.56666666666666,8,24.7958,19.0
2020-05-12,15,14,3,647.5,dMShOA,9,479.56666666666666,8,24.7688,18.82
2020-12-28,15,15,5,499.6833333333333,GA,0,358.0,4,7.9083,21.05
2020-12-28,15,15,5,499.6833333333333,GA,1,365.0166666666667,4,3.3292,20.86
2020-12-28,15,15,5,499.6833333333333,GA,2,312.65000000000003,6,16.2611,20.88
2020-12-28,15,15,5,499.6833333333333,GA,3,334.01666666666665,4,6.9958,20.93
2020-12-28,15,15,5,499.6833333333333,GA,4,333.6,6,13.8111,20.94
2020-12-28,15,15,5,499.6833333333333,GA,5,377.53333333333336,4,5.0,21.06
2020-12-28,15,15,5,499.6833333333333,GA,6,327.90000000000003,4,3.9417,21.04
2020-12-28,15,15,5,499.6833333333333,GA,7,397.6666666666667,9,8.7685,20.91
2020-12-28,15,15,5,499.6833333333333,GA,8,376.5333333333333,6,9.7639,20.81
2020-12-28,15,15,5,499.6833333333333,GA,9,349.5833333333333,7,15.6571,20.89
2020-12-28,15,15,5,499.6833333333333,dPSO,0,371.9666666666667,7,15.8881,22.05
2020-12-28,15,15,5,499.6833333333333,dPSO,1,373.75,13,14.6436,21.79
2020-12-28,15,15,5,499.6833333333333,dPSO,2,353.0,15,34.3811,22.06
2020-12-28,15,15,5,499.6833333333333,dPSO,3,356.25000000000006,6,15.2945,22.0
2020-12-28,15,15,5,499.6833333333333,dPSO,4,410.8333333333333,4,4.5,22.33
2020-12-28,15,15,5,499.6833333333333,dPSO,5,325.28333333333336,10,19.605,21.89
2020-12-28,15,15,5,499.6833333333333,dPSO,6,361.6666666666667,5,11.7967,22.22
2020-12-28,15,15,5,499.6833333333333,dPSO,7,394.3,7,18.0309,22.07
2020-12-28,15,15,5,499.6833333333333,dPSO,8,348.5666666666667,9,22.4389,22.12
2020-12-28,15,15,5,499.6833333333333,dPSO,9,393.31666666666666,12,14.5347,22.3
2020-12-28,15,15,5,499.6833333333333,SBOA,0,324.1,5,7.8867,26.9
2020-12-28,15,15,5,499.6833333333333,SBOA,1,345.8333333333333,1,4.5167,25.99
2020-12-28,15,15,5,499.6833333333333,SBOA,2,360.28333333333336,3,3.4389,23.71
2020-12-28,15,15,5,499.6833333333333,SBOA,3,370.7,2,3.8584,27.24
2020-12-28,15,15,5,499.6833333333333,SBOA,4,342.15,3,7.2833,24.35
2020-12-28,15,15,5,499.6833333333333,SBOA,5,318.15000000000003,9,11.663,23.26
2020-12-28,15,15,5,499.6833333333333,SBOA,6,376.8666666666667,0,0.0,26.98
2020-12-28,15,15,5,499.6833333333333,SBOA,7,339.08333333333337,6,12.7583,24.26
2020-12-28,15,15,5,499.6833333333333,SBOA,8,325.91666666666663,4,1.325,25.71
2020-12-28,15,15,5,499.6833333333333,SBOA,9,352.35,4,2.7167,25.96
2020-12-28,15,15,5,499.6833333333333,dMShOA,0,373.9666666666667,10,15.8617,20.87
2020-12-28,15,15,5,499.6833333333333,dMShOA,1,483.1666666666667,8,12.625,20.67
2020-12-28,15,15,5,499.6833333333333,dMShOA,2,401.9833333333333,5,21.8733,20.95
2020-12-28,15,15,5,499.6833333333333,dMShOA,3,363.28333333333336,7,17.8524,20.96
2020-12-28,15,15,5,499.6833333333333,dMShOA,4,352.4833333333333,7,34.4524,20.88
2020-12-28,15,15,5,499.6833333333333,dMShOA,5,462.8833333333334,6,13.6361,20.89
2020-12-28,15,15,5,499.6833333333333,dMShOA,6,372.23333333333335,8,21.7042,21.03
2020-12-28,15,15,5,499.6833333333333,dMShOA,7,354.5,8,30.3354,21.15
2020-12-28,15,15,5,499.6833333333333,dMShOA,8,380.75,7,16.4071,21.24
2020-12-28,15,15,5,499.6833333333333,dMShOA,9,374.65,9,19.9222,21.22
2020-12-29,15,14,5,728.8333333333334,GA,0,297.4833333333333,6,8.5333,19.52
2020-12-29,15,14,5,728.8333333333334,GA,1,256.6333333333333,6,8.9945,19.62
2020-12-29,15,14,5,728.8333333333334,GA,2,342.6166666666666,3,14.4167,19.68
2020-12-29,15,14,5,728.8333333333334,GA,3,349.5333333333333,8,7.1354,19.66
2020-12-29,15,14,5,728.8333333333334,GA,4,276.1833333333334,6,12.0,19.67
2020-12-29,15,14,5,728.8333333333334,GA,5,304.6666666666667,7,14.3476,19.89
2020-12-29,15,14,5,728.8333333333334,GA,6,353.1,6,3.1,19.65
2020-12-29,15,14,5,728.8333333333334,GA,7,329.1666666666667,3,5.0556,19.79
2020-12-29,15,14,5,728.8333333333334,GA,8,297.15,8,10.1604,19.67
2020-12-29,15,14,5,728.8333333333334,GA,9,299.31666666666666,8,12.2437,19.85
2020-12-29,15,14,5,728.8333333333334,dPSO,0,305.78333333333336,11,17.7091,20.91
2020-12-29,15,14,5,728.8333333333334,dPSO,1,291.56666666666666,7,16.3191,20.84
2020-12-29,15,14,5,728.8333333333334,dPSO,2,407.78333333333336,8,19.5438,20.77
2020-12-29,15,14,5,728.8333333333334,dPSO,3,353.8,9,24.2593,21.09
2020-12-29,15,14,5,728.8333333333334,dPSO,4,293.8333333333333,8,13.3771,20.99
2020-12-29,15,14,5,728.8333333333334,dPSO,5,299.6166666666666,7,21.9214,20.76
2020-12-29,15,14,5,728.8333333333334,dPSO,6,255.83333333333331,12,23.1417,20.88
2020-12-29,15,14,5,728.8333333333334,dPSO,7,297.15,8,15.2417,21.0
2020-12-29,15,14,5,728.8333333333334,dPSO,8,300.2833333333333,6,15.8306,20.87
2020-12-29,15,14,5,728.8333333333334,dPSO,9,325.05,5,9.2767,21.06
2020-12-29,15,14,5,728.8333333333334,SBOA,0,342.81666666666666,3,3.6167,22.98
2020-12-29,15,14,5,728.8333333333334,SBOA,1,261.9,3,3.2,24.11
2020-12-29,15,14,5,728.8333333333334,SBOA,2,350.45,3,1.0,24.71
2020-12-29,15,14,5,728.8333333333334,SBOA,3,295.03333333333336,0,0.0,25.74
2020-12-29,15,14,5,728.8333333333334,SBOA,4,288.06666666666666,1,2.1333,23.22
2020-12-29,15,14,5,728.8333333333334,SBOA,5,303.2166666666667,3,5.1944,21.93
2020-12-29,15,14,5,728.8333333333334,SBOA,6,273.53333333333336,3,1.4667,24.3
2020-12-29,15,14,5,728.8333333333334,SBOA,7,328.4833333333333,1,3.0,23.51
2020-12-29,15,14,5,728.8333333333334,SBOA,8,332.6166666666666,2,5.3334,22.23
2020-12-29,15,14,5,728.8333333333334,SBOA,9,300.6666666666667,4,4.2792,24.91
2020-12-29,15,14,5,728.8333333333334,dMShOA,0,351.43333333333334,6,21.0056,19.76
2020-12-29,15,14,5,728.8333333333334,dMShOA,1,373.85,4,17.1583,19.85
2020-12-29,15,14,5,728.8333333333334,dMShOA,2,277.81666666666666,11,15.1318,19.7
2020-12-29,15,14,5,728.8333333333334,dMShOA,3,384.1,3,8.0611,19.72
2020-12-29,15,14,5,728.8333333333334,dMShOA,4,350.4166666666667,8,10.5042,19.85
2020-12-29,15,14,5,728.8333333333334,dMShOA,5,290.45,8,14.5729,19.85
2020-12-29,15,14,5,728.8333333333334,dMShOA,6,318.7333333333333,8,11.5375,19.95
2020-12-29,15,14,5,728.8333333333334,dMShOA,7,383.7,8,15.9771,19.58
2020-12-29,15,14,5,728.8333333333334,dMShOA,8,349.1333333333333,11,17.4561,19.91
2020-12-29,15,14,5,728.8333333333334,dMShOA,9,373.25,3,32.4389,19.82
2021-01-04,15,16,5,534.5,GA,0,511.0,2,6.0834,21.98
2021-01-04,15,16,5,534.5,GA,1,507.01666666666665,5,16.4933,22.17
2021-01-04,15,16,5,534.5,GA,2,492.01666666666665,6,20.1333,22.21
2021-01-04,15,16,5,534.5,GA,3,483.73333333333335,10,27.08,22.24
2021-01-04,15,16,5,534.5,GA,4,447.6666666666666,5,22.0233,22.23
2021-01-04,15,16,5,534.5,GA,5,454.3333333333333,9,29.8982,22.25
2021-01-04,15,16,5,534.5,GA,6,504.2166666666666,6,23.3806,22.24
2021-01-04,15,16,5,534.5,GA,7,454.5833333333333,7,14.3714,22.14
2021-01-04,15,16,5,534.5,GA,8,527.7833333333333,10,21.49,22.1
2021-01-04,15,16,5,534.5,GA,9,492.55,9,5.9167,22.38
2021-01-04,15,16,5,534.5,dPSO,0,444.81666666666666,9,20.1315,23.6
2021-01-04,15,16,5,534.5,dPSO,1,467.1833333333333,9,18.2278,23.29
2021-01-04,15,16,5,534.5,dPSO,2,502.3666666666667,5,20.21,23.51
2021-01-04,15,16,5,534.5,dPSO,3,419.31666666666666,15,70.5711,23.53
2021-01-04,15,16,5,534.5,dPSO,4,447.0,10,38.745,23.44
2021-01-04,15,16,5,534.5,dPSO,5,437.35,12,45.7778,23.66
2021-01-04,15,16,5,534.5,dPSO,6,522.0333333333333,11,27.1061,23.36
2021-01-04,15,16,5,534.5,dPSO,7,529.0833333333333,13,27.3064,23.41
2021-01-04,15,16,5,534.5,dPSO,8,545.5999999999999,10,19.995,23.53
2021-01-04,15,16,5,534.5,dPSO,9,596.5,3,11.3167,23.46
2021-01-04,15,16,5,534.5,SBOA,0,443.3666666666667,1,2.2,26.62
2021-01-04,15,16,5,534.5,SBOA,1,518.9499999999999,0,0.0,28.49
2021-01-04,15,16,5,534.5,SBOA,2,489.3666666666667,0,0.0,27.84
2021-01-04,15,16,5,534.5,SBOA,3,448.65,6,11.0,24.66
2021-01-04,15,16,5,534.5,SBOA,4,489.4,2,2.8334,26.85
2021-01-04,15,16,5,534.5,SBOA,5,461.6666666666667,4,21.1458,25.47
2021-01-04,15,16,5,534.5,SBOA,6,583.4,3,12.3167,26.98
2021-01-04,15,16,5,534.5,SBOA,7,482.1833333333333,5,11.62,24.39
2021-01-04,15,16,5,534.5,SBOA,8,520.9666666666667,2,12.6667,26.13
2021-01-04,15,16,5,534.5,SBOA,9,442.7333333333333,8,9.325,24.44
2021-01-04,15,16,5,534.5,dMShOA,0,445.01666666666665,11,45.3651,22.06
2021-01-04,15,16,5,534.5,dMShOA,1,487.85,11,34.2667,22.25
2021-01-04,15,16,5,534.5,dMShOA,2,600.9333333333333,6,30.0806,22.28
2021-01-04,15,16,5,534.5,dMShOA,3,427.15,13,43.5743,22.25
2021-01-04,15,16,5,534.5,dMShOA,4,543.05,5,29.9633,22.17
2021-01-04,15,16,5,534.5,dMShOA,5,541.9666666666666,11,29.2227,22.08
2021-01-04,15,16,5,534.5,dMShOA,6,490.06666666666666,11,38.7833,22.14
2021-01-04,15,16,5,534.5,dMShOA,7,486.4,8,30.7771,22.4
2021-01-04,15,16,5,534.5,dMShOA,8,507.03333333333336,8,24.0042,22.38
2021-01-04,15,16,5,534.5,dMShOA,9,488.81666666666666,9,49.1963,22.15
2020-06-04,15,15,5,630.1166666666667,GA,0,419.7000000000001,6,12.1917,21.03
2020-06-04,15,15,5,630.1166666666667,GA,1,345.5333333333333,4,17.4875,20.9
2020-06-04,15,15,5,630.1166666666667,GA,2,392.05,4,9.0375,20.84
2020-06-04,15,15,5,630.1166666666667,GA,3,387.26666666666665,7,13.3548,20.98
2020-06-04,15,15,5,630.1166666666667,GA,4,342.8833333333333,3,22.4056,21.05
2020-06-04,15,15,5,630.1166666666667,GA,5,467.4333333333333,3,7.1333,21.02
2020-06-04,15,15,5,630.1166666666667,GA,6,431.3166666666667,7,13.4071,20.74
2020-06-04,15,15,5,630.1166666666667,GA,7,357.3166666666667,13,18.2897,20.97
2020-06-04,15,15,5,630.1166666666667,GA,8,393.65,4,10.3958,21.07
2020-06-04,15,15,5,630.1166666666667,GA,9,363.6333333333333,7,12.0738,21.05
2020-06-04,15,15,5,630.1166666666667,dPSO,0,411.6,2,3.95,22.09
2020-06-04,15,15,5,630.1166666666667,dPSO,1,345.4166666666667,13,32.8013,22.14
2020-06-04,15,15,5,630.1166666666667,dPSO,2,350.35,9,18.5611,22.34
2020-06-04,15,15,5,630.1166666666667,dPSO,3,427.55000000000007,10,23.3667,22.06
2020-06-04,15,15,5,630.1166666666667,dPSO,4,382.25,13,34.532,22.28
2020-06-04,15,15,5,630.1166666666667,dPSO,5,355.9,12,45.8583,21.9
2020-06-04,15,15,5,630.1166666666667,dPSO,6,348.2333333333333,12,22.7708,22.1
2020-06-04,15,15,5,630.1166666666667,dPSO,7,369.0833333333333,13,32.0564,22.09
2020-06-04,15,15,5,630.1166666666667,dPSO,8,398.6166666666667,9,9.9296,22.02
2020-06-04,15,15,5,630.1166666666667,dPSO,9,361.8,14,45.4726,22.1
2020-06-04,15,15,5,630.1166666666667,SBOA,0,329.2333333333333,5,16.1267,25.66
2020-06-04,15,15,5,630.1166666666667,SBOA,1,320.71666666666664,3,8.5556,23.62
2020-06-04,15,15,5,630.1166666666667,SBOA,2,357.9,1,2.5,22.71
2020-06-04,15,15,5,630.1166666666667,SBOA,3,405.0,9,13.4074,22.57
2020-06-04,15,15,5,630.1166666666667,SBOA,4,417.9333333333333,5,6.3666,22.67
2020-06-04,15,15,5,630.1166666666667,SBOA,5,388.8833333333333,4,6.4125,24.85
2020-06-04,15,15,5,630.1166666666667,SBOA,6,426.53333333333336,7,6.95,23.46
2020-06-04,15,15,5,630.1166666666667,SBOA,7,347.70000000000005,4,2.45,25.47
2020-06-04,15,15,5,630.1166666666667,SBOA,8,395.1166666666667,2,2.5583,24.42
2020-06-04,15,15,5,630.1166666666667,SBOA,9,335.4333333333333,2,10.9833,26.05
2020-06-04,15,15,5,630.1166666666667,dMShOA,0,367.7,12,23.1625,20.84
2020-06-04,15,15,5,630.1166666666667,dMShOA,1,423.0,10,20.9583,21.03
2020-06-04,15,15,5,630.1166666666667,dMShOA,2,374.55,12,23.6778,20.71
2020-06-04,15,15,5,630.1166666666667,dMShOA,3,383.78333333333336,13,30.6192,20.83
2020-06-04,15,15,5,630.1166666666667,dMShOA,4,420.26666666666665,11,26.0409,21.08
2020-06-04,15,15,5,630.1166666666667,dMShOA,5,363.7833333333333,7,36.6643,20.84
2020-06-04,15,15,5,630.1166666666667,dMShOA,6,350.3833333333333,9,36.55,21.07
2020-06-04,15,15,5,630.1166666666667,dMShOA,7,359.81666666666666,10,29.5067,20.82
2020-06-04,15,15,5,630.1166666666667,dMShOA,8,436.81666666666666,6,29.475,20.91
2020-06-04,15,15,5,630.1166666666667,dMShOA,9,369.98333333333335,7,34.85,20.93
2020-05-14,15,15,5,722.5833333333334,GA,0,747.4166666666667,6,13.6195,20.91
2020-05-14,15,15,5,722.5833333333334,GA,1,739.6666666666667,3,8.7,20.98
2020-05-14,15,15,5,722.5833333333334,GA,2,739.6666666666667,4,16.7042,20.98
2020-05-14,15,15,5,722.5833333333334,GA,3,739.6666666666667,4,12.3,20.67
2020-05-14,15,15,5,722.5833333333334,GA,4,739.6666666666667,6,10.2583,21.02
2020-05-14,15,15,5,722.5833333333334,GA,5,742.9833333333333,7,31.6619,20.9
2020-05-14,15,15,5,722.5833333333334,GA,6,739.6666666666667,8,12.7375,20.75
2020-05-14,15,15,5,722.5833333333334,GA,7,739.6666666666667,4,17.775,20.93
2020-05-14,15,15,5,722.5833333333334,GA,8,739.6666666666667,6,19.4333,20.95
2020-05-14,15,15,5,722.5833333333334,GA,9,739.6666666666667,4,8.5042,21.03
2020-05-14,15,15,5,722.5833333333334,dPSO,0,739.6666666666667,8,29.6438,22.13
2020-05-14,15,15,5,722.5833333333334,dPSO,1,739.6666666666667,3,9.65,22.24
2020-05-14,15,15,5,722.5833333333334,dPSO,2,739.6666666666667,3,13.3833,22.14
2020-05-14,15,15,5,722.5833333333334,dPSO,3,768.2166666666667,9,39.75,22.16
2020-05-14,15,15,5,722.5833333333334,dPSO,4,746.0166666666668,14,24.5321,22.13
2020-05-14,15,15,5,722.5833333333334,dPSO,5,764.4166666666666,11,16.6091,22.22
2020-05-14,15,15,5,722.5833333333334,dPSO,6,739.6666666666667,12,42.6361,22.35
2020-05-14,15,15,5,722.5833333333334,dPSO,7,739.6666666666667,5,16.09,22.18
2020-05-14,15,15,5,722.5833333333334,dPSO,8,739.6666666666667,9,20.3944,22.15
2020-05-14,15,15,5,722.5833333333334,dPSO,9,739.6666666666667,8,25.8854,22.27
2020-05-14,15,15,5,722.5833333333334,SBOA,0,739.6666666666667,0,0.0,27.14
2020-05-14,15,15,5,722.5833333333334,SBOA,1,739.6666666666667,0,0.0,23.69
2020-05-14,15,15,5,722.5833333333334,SBOA,2,739.6666666666667,0,0.0,23.59
2020-05-14,15,15,5,722.5833333333334,SBOA,3,739.6666666666667,3,11.8778,25.51
2020-05-14,15,15,5,722.5833333333334,SBOA,4,739.6666666666667,0,0.0,23.66
2020-05-14,15,15,5,722.5833333333334,SBOA,5,739.6666666666667,2,7.6667,24.32
2020-05-14,15,15,5,722.5833333333334,SBOA,6,739.6666666666667,2,35.6084,27.22
2020-05-14,15,15,5,722.5833333333334,SBOA,7,739.6666666666667,6,11.4306,22.01
2020-05-14,15,15,5,722.5833333333334,SBOA,8,739.6666666666667,0,0.0,26.2
2020-05-14,15,15,5,722.5833333333334,SBOA,9,739.6666666666667,0,0.0,27.19
2020-05-14,15,15,5,722.5833333333334,dMShOA,0,884.5166666666668,10,23.8917,20.98
2020-05-14,15,15,5,722.5833333333334,dMShOA,1,739.6666666666667,8,32.7604,20.9
2020-05-14,15,15,5,722.5833333333334,dMShOA,2,739.6666666666667,6,27.8611,20.87
2020-05-14,15,15,5,722.5833333333334,dMShOA,3,748.6666666666667,13,26.7718,20.94
2020-05-14,15,15,5,722.5833333333334,dMShOA,4,739.6666666666667,9,32.0685,20.87
2020-05-14,15,15,5,722.5833333333334,dMShOA,5,750.85,11,49.9318,20.98
2020-05-14,15,15,5,722.5833333333334,dMShOA,6,750.4000000000001,7,51.1881,21.21
2020-05-14,15,15,5,722.5833333333334,dMShOA,7,772.0833333333334,4,34.6125,21.12
2020-05-14,15,15,5,722.5833333333334,dMShOA,8,777.8166666666667,12,23.7125,20.94
2020-05-14,15,15,5,722.5833333333334,dMShOA,9,764.6666666666666,9,47.1296,21.17
2021-04-06,20,20,5,527.05,GA,0,457.7166666666667,11,15.7167,27.65
2021-04-06,20,20,5,527.05,GA,1,538.5000000000001,5,16.81,27.75
2021-04-06,20,20,5,527.05,GA,2,429.3833333333333,9,19.1315,27.55
2021-04-06,20,20,5,527.05,GA,3,418.2,13,13.0808,27.56
2021-04-06,20,20,5,527.05,GA,4,490.8666666666667,12,18.3264,27.34
2021-04-06,20,20,5,527.05,GA,5,472.78333333333336,6,12.5611,27.79
2021-04-06,20,20,5,527.05,GA,6,438.0833333333333,8,10.2938,27.56
2021-04-06,20,20,5,527.05,GA,7,448.45,14,24.7095,27.59
2021-04-06,20,20,5,527.05,GA,8,403.6833333333333,13,8.0577,27.51
2021-04-06,20,20,5,527.05,GA,9,441.28333333333336,12,16.307,27.74
2021-04-06,20,20,5,527.05,dPSO,0,612.1,12,21.3972,28.46
2021-04-06,20,20,5,527.05,dPSO,1,416.8,16,38.2781,28.91
2021-04-06,20,20,5,527.05,dPSO,2,550.3833333333333,15,57.8533,28.81
2021-04-06,20,20,5,527.05,dPSO,3,538.5000000000001,11,45.1985,28.52
2021-04-06,20,20,5,527.05,dPSO,4,429.9166666666667,13,32.9154,28.45
2021-04-06,20,20,5,527.05,dPSO,5,417.35,17,30.3461,28.73
2021-04-06,20,20,5,527.05,dPSO,6,550.5000000000001,11,24.5091,28.42
2021-04-06,20,20,5,527.05,dPSO,7,485.81666666666666,11,34.1879,28.8
2021-04-06,20,20,5,527.05,dPSO,8,434.8833333333333,15,44.0911,28.55
2021-04-06,20,20,5,527.05,dPSO,9,511.8,15,37.28,28.7
2021-04-06,20,20,5,527.05,SBOA,0,441.0,7,13.8095,33.84
2021-04-06,20,20,5,527.05,SBOA,1,461.45,2,5.275,36.19
2021-04-06,20,20,5,527.05,SBOA,2,438.8,2,1.3083,36.24
2021-04-06,20,20,5,527.05,SBOA,3,411.4333333333333,7,20.7333,33.94
2021-04-06,20,20,5,527.05,SBOA,4,407.3833333333334,9,6.2981,34.24
2021-04-06,20,20,5,527.05,SBOA,5,432.9500000000001,7,9.2643,37.57
2021-04-06,20,20,5,527.05,SBOA,6,450.0,5,3.0533,34.25
2021-04-06,20,20,5,527.05,SBOA,7,429.3666666666667,6,13.5305,35.67
2021-04-06,20,20,5,527.05,SBOA,8,543.5000000000001,4,2.9625,36.49
2021-04-06,20,20,5,527.05,SBOA,9,419.9166666666666,5,3.8833,34.99
2021-04-06,20,20,5,527.05,dMShOA,0,538.5000000000001,15,45.6522,26.93
2021-04-06,20,20,5,527.05,dMShOA,1,561.9166666666667,12,31.9028,27.09
2021-04-06,20,20,5,527.05,dMShOA,2,448.1833333333333,14,54.144,27.13
2021-04-06,20,20,5,527.05,dMShOA,3,533.6,13,34.45,27.11
2021-04-06,20,20,5,527.05,dMShOA,4,629.35,12,32.9903,26.97
2021-04-06,20,20,5,527.05,dMShOA,5,431.55,14,50.9833,26.91
2021-04-06,20,20,5,527.05,dMShOA,6,401.2,13,28.05,27.16
2021-04-06,20,20,5,527.05,dMShOA,7,642.1,12,35.5972,27.19
2021-04-06,20,20,5,527.05,dMShOA,8,606.8000000000001,14,29.9262,27.15
2021-04-06,20,20,5,527.05,dMShOA,9,648.3833333333333,10,43.5367,27.23
2023-11-18,25,24,5,561.4666666666667,GA,0,476.6333333333333,12,11.3931,32.93
2023-11-18,25,24,5,561.4666666666667,GA,1,389.2666666666667,12,18.025,32.99
2023-11-18,25,24,5,561.4666666666667,GA,2,332.1833333333333,19,25.8605,32.83
2023-11-18,25,24,5,561.4666666666667,GA,3,413.30000000000007,10,22.9117,33.2
2023-11-18,25,24,5,561.4666666666667,GA,4,448.7166666666666,12,17.3694,32.85
2023-11-18,25,24,5,561.4666666666667,GA,5,409.1833333333333,15,17.9711,32.89
2023-11-18,25,24,5,561.4666666666667,GA,6,450.6833333333333,13,14.0359,33.07
2023-11-18,25,24,5,561.4666666666667,GA,7,539.2833333333333,10,8.9833,33.09
2023-11-18,25,24,5,561.4666666666667,GA,8,448.0166666666667,7,13.6571,32.89
2023-11-18,25,24,5,561.4666666666667,GA,9,358.9,15,28.1567,33.21
2023-11-18,25,24,5,561.4666666666667,dPSO,0,393.2666666666666,19,55.8912,33.55
2023-11-18,25,24,5,561.4666666666667,dPSO,1,350.71666666666664,17,48.4392,33.54
2023-11-18,25,24,5,561.4666666666667,dPSO,2,432.2,16,17.651,33.73
2023-11-18,25,24,5,561.4666666666667,dPSO,3,503.1833333333333,13,24.8372,33.65
2023-11-18,25,24,5,561.4666666666667,dPSO,4,350.71666666666664,21,44.5016,33.3
2023-11-18,25,24,5,561.4666666666667,dPSO,5,446.2833333333333,18,30.3482,33.73
2023-11-18,25,24,5,561.4666666666667,dPSO,6,464.6833333333333,14,36.9786,33.59
2023-11-18,25,24,5,561.4666666666667,dPSO,7,292.83333333333337,23,42.2138,33.6
2023-11-18,25,24,5,561.4666666666667,dPSO,8,409.1,18,34.1528,33.62
2023-11-18,25,24,5,561.4666666666667,dPSO,9,426.3833333333333,16,46.5094,33.65
2023-11-18,25,24,5,561.4666666666667,SBOA,0,347.43333333333334,8,5.4792,41.08
2023-11-18,25,24,5,561.4666666666667,SBOA,1,385.2166666666667,4,2.45,41.65
2023-11-18,25,24,5,561.4666666666667,SBOA,2,370.6,10,4.935,40.09
2023-11-18,25,24,5,561.4666666666667,SBOA,3,496.95,4,2.4125,41.11
2023-11-18,25,24,5,561.4666666666667,SBOA,4,377.8833333333333,8,3.8208,40.34
2023-11-18,25,24,5,561.4666666666667,SBOA,5,392.6166666666666,10,10.51,40.48
2023-11-18,25,24,5,561.4666666666667,SBOA,6,403.3,6,4.7611,40.63
2023-11-18,25,24,5,561.4666666666667,SBOA,7,346.79999999999995,6,4.0472,40.19
2023-11-18,25,24,5,561.4666666666667,SBOA,8,347.81666666666666,8,10.5208,39.48
2023-11-18,25,24,5,561.4666666666667,SBOA,9,330.7,11,11.3197,38.62
2023-11-18,25,24,5,561.4666666666667,dMShOA,0,445.0166666666667,18,36.2231,31.61
2023-11-18,25,24,5,561.4666666666667,dMShOA,1,442.2166666666666,17,33.6529,31.65
2023-11-18,25,24,5,561.4666666666667,dMShOA,2,273.9,19,41.9246,31.88
2023-11-18,25,24,5,561.4666666666667,dMShOA,3,368.8833333333333,19,23.3974,31.66
2023-11-18,25,24,5,561.4666666666667,dMShOA,4,345.56666666666666,16,41.3281,31.13
2023-11-18,25,24,5,561.4666666666667,dMShOA,5,433.1333333333333,21,36.2563,31.45
2023-11-18,25,24,5,561.4666666666667,dMShOA,6,462.2166666666667,17,27.848,31.23
2023-11-18,25,24,5,561.4666666666667,dMShOA,7,514.8333333333333,19,27.5325,31.58
2023-11-18,25,24,5,561.4666666666667,dMShOA,8,352.55,18,48.9769,31.17
2023-11-18,25,24,5,561.4666666666667,dMShOA,9,532.0,18,24.1185,30.72
2021-03-16,15,14,6,540.6666666666666,GA,0,655.8666666666667,2,20.5667,19.64
2021-03-16,15,14,6,540.6666666666666,GA,1,556.6333333333333,3,14.7,19.61
2021-03-16,15,14,6,540.6666666666666,GA,2,595.5666666666667,4,4.2417,19.69
2021-03-16,15,14,6,540.6666666666666,GA,3,612.8666666666667,4,13.3375,19.48
2021-03-16,15,14,6,540.6666666666666,GA,4,561.2166666666667,3,10.4111,19.78
2021-03-16,15,14,6,540.6666666666666,GA,5,501.1,6,25.9444,19.72
2021-03-16,15,14,6,540.6666666666666,GA,6,578.75,1,20.8667,19.6
2021-03-16,15,14,6,540.6666666666666,GA,7,573.0166666666667,4,23.1458,19.39
2021-03-16,15,14,6,540.6666666666666,GA,8,556.6333333333333,4,10.3167,19.57
2021-03-16,15,14,6,540.6666666666666,GA,9,542.7833333333333,6,21.8861,19.61
2021-03-16,15,14,6,540.6666666666666,dPSO,0,678.2166666666667,3,21.1833,20.99
2021-03-16,15,14,6,540.6666666666666,dPSO,1,652.2166666666667,8,16.0938,20.99
2021-03-16,15,14,6,540.6666666666666,dPSO,2,603.8333333333334,4,16.4084,20.88
2021-03-16,15,14,6,540.6666666666666,dPSO,3,573.0166666666667,7,27.9238,20.89
2021-03-16,15,14,6,540.6666666666666,dPSO,4,484.3333333333333,7,35.3095,20.91
2021-03-16,15,14,6,540.6666666666666,dPSO,5,636.1166666666667,6,17.9222,20.65
2021-03-16,15,14,6,540.6666666666666,dPSO,6,618.6333333333333,5,22.4167,20.78
2021-03-16,15,14,6,540.6666666666666,dPSO,7,673.2666666666667,4,17.2,21.09
2021-03-16,15,14,6,540.6666666666666,dPSO,8,477.6833333333333,11,30.9197,20.83
2021-03-16,15,14,6,540.6666666666666,dPSO,9,590.1,6,18.1528,21.13
2021-03-16,15,14,6,540.6666666666666,SBOA,0,652.2166666666667,3,4.8722,21.9
2021-03-16,15,14,6,540.6666666666666,SBOA,1,484.0166666666667,0,0.0,25.26
2021-03-16,15,14,6,540.6666666666666,SBOA,2,483.48333333333335,7,28.6429,24.49
2021-03-16,15,14,6,540.6666666666666,SBOA,3,519.7333333333333,8,24.7646,21.51
2021-03-16,15,14,6,540.6666666666666,SBOA,4,673.4666666666667,0,0.0,21.75
2021-03-16,15,14,6,540.6666666666666,SBOA,5,573.0166666666667,2,5.5333,25.18
2021-03-16,15,14,6,540.6666666666666,SBOA,6,579.7166666666667,5,10.6833,22.41
2021-03-16,15,14,6,540.6666666666666,SBOA,7,618.0166666666667,0,0.0,24.46
2021-03-16,15,14,6,540.6666666666666,SBOA,8,583.5666666666666,5,11.59,22.97
2021-03-16,15,14,6,540.6666666666666,SBOA,9,549.8666666666667,5,11.9333,24.64
2021-03-16,15,14,6,540.6666666666666,dMShOA,0,541.5666666666666,7,24.7548,19.71
2021-03-16,15,14,6,540.6666666666666,dMShOA,1,562.8,8,25.2146,19.63
2021-03-16,15,14,6,540.6666666666666,dMShOA,2,526.0666666666667,9,37.3611,19.97
2021-03-16,15,14,6,540.6666666666666,dMShOA,3,652.2166666666667,3,32.1,19.91
2021-03-16,15,14,6,540.6666666666666,dMShOA,4,582.4333333333334,5,25.0167,19.78
2021-03-16,15,14,6,540.6666666666666,dMShOA,5,600.35,4,37.8292,19.94
2021-03-16,15,14,6,540.6666666666666,dMShOA,6,592.2166666666667,5,24.2633,19.96
2021-03-16,15,14,6,540.6666666666666,dMShOA,7,786.9833333333333,4,7.1792,19.79
2021-03-16,15,14,6,540.6666666666666,dMShOA,8,576.75,5,31.3233,20.03
2021-03-16,15,14,6,540.6666666666666,dMShOA,9,604.3666666666667,6,31.9833,19.99
2020-12-15,15,16,6,527.1666666666666,GA,0,377.1333333333334,5,4.7233,22.2
2020-12-15,15,16,6,527.1666666666666,GA,1,463.7166666666666,2,1.3,22.23
2020-12-15,15,16,6,527.1666666666666,GA,2,371.6833333333333,7,11.7548,22.5
2020-12-15,15,16,6,527.1666666666666,GA,3,375.0333333333333,8,14.4646,22.46
2020-12-15,15,16,6,527.1666666666666,GA,4,432.6166666666666,4,11.8375,22.33
2020-12-15,15,16,6,527.1666666666666,GA,5,412.31666666666666,7,8.9262,22.32
2020-12-15,15,16,6,527.1666666666666,GA,6,383.48333333333335,6,4.7889,22.25
2020-12-15,15,16,6,527.1666666666666,GA,7,360.9666666666666,4,7.1917,22.42
2020-12-15,15,16,6,527.1666666666666,GA,8,369.4,5,15.9867,22.46
2020-12-15,15,16,6,527.1666666666666,GA,9,429.2333333333333,3,12.4167,22.36
2020-12-15,15,16,6,527.1666666666666,dPSO,0,360.9666666666666,11,30.2439,23.56
2020-12-15,15,16,6,527.1666666666666,dPSO,1,412.81666666666666,11,28.0091,23.27
2020-12-15,15,16,6,527.1666666666666,dPSO,2,369.9666666666666,11,21.3515,23.5
2020-12-15,15,16,6,527.1666666666666,dPSO,3,388.0333333333333,10,28.4667,23.44
2020-12-15,15,16,6,527.1666666666666,dPSO,4,411.2,10,21.6667,23.65
2020-12-15,15,16,6,527.1666666666666,dPSO,5,397.7333333333333,10,14.0567,23.53
2020-12-15,15,16,6,527.1666666666666,dPSO,6,422.38333333333327,10,21.635,23.74
2020-12-15,15,16,6,527.1666666666666,dPSO,7,448.95,7,14.5095,23.73
2020-12-15,15,16,6,527.1666666666666,dPSO,8,401.6166666666666,11,20.0455,23.4
2020-12-15,15,16,6,527.1666666666666,dPSO,9,485.55,12,15.5514,23.77
2020-12-15,15,16,6,527.1666666666666,SBOA,0,362.9666666666666,5,4.37,29.1
2020-12-15,15,16,6,527.1666666666666,SBOA,1,386.9166666666666,3,4.3556,26.73
2020-12-15,15,16,6,527.1666666666666,SBOA,2,424.6833333333333,5,3.5467,26.36
2020-12-15,15,16,6,527.1666666666666,SBOA,3,377.45,2,4.3417,26.57
2020-12-15,15,16,6,527.1666666666666,SBOA,4,506.95,5,4.5,27.63
2020-12-15,15,16,6,527.1666666666666,SBOA,5,375.55,3,6.0555,27.7
2020-12-15,15,16,6,527.1666666666666,SBOA,6,470.9666666666666,3,11.6222,24.83
2020-12-15,15,16,6,527.1666666666666,SBOA,7,396.7166666666666,8,10.4896,24.57
2020-12-15,15,16,6,527.1666666666666,SBOA,8,370.9666666666666,2,2.3083,29.93
2020-12-15,15,16,6,527.1666666666666,SBOA,9,379.55,1,7.0,25.63
2020-12-15,15,16,6,527.1666666666666,dMShOA,0,420.6333333333334,8,25.0042,21.93
2020-12-15,15,16,6,527.1666666666666,dMShOA,1,483.4166666666666,4,18.4167,22.27
2020-12-15,15,16,6,527.1666666666666,dMShOA,2,519.1833333333334,9,20.7259,22.38
2020-12-15,15,16,6,527.1666666666666,dMShOA,3,418.55,10,20.3733,22.12
2020-12-15,15,16,6,527.1666666666666,dMShOA,4,390.0333333333333,9,22.2778,22.07
2020-12-15,15,16,6,527.1666666666666,dMShOA,5,385.0333333333333,13,26.8436,22.15
2020-12-15,15,16,6,527.1666666666666,dMShOA,6,379.9833333333333,12,21.0514,22.39
2020-12-15,15,16,6,527.1666666666666,dMShOA,7,467.3166666666666,7,16.6143,22.07
2020-12-15,15,16,6,527.1666666666666,dMShOA,8,420.55,10,20.03,22.22
2020-12-15,15,16,6,527.1666666666666,dMShOA,9,380.26666666666665,8,22.1125,22.45
2021-04-08,15,14,6,517.2666666666667,GA,0,415.1,4,6.5667,19.47
2021-04-08,15,14,6,517.2666666666667,GA,1,405.1,6,4.425,19.85
2021-04-08,15,14,6,517.2666666666667,GA,2,516.1,3,3.8556,19.8
2021-04-08,15,14,6,517.2666666666667,GA,3,416.4333333333333,3,5.4278,19.73
2021-04-08,15,14,6,517.2666666666667,GA,4,423.15,4,7.1625,19.77
2021-04-08,15,14,6,517.2666666666667,GA,5,418.56666666666666,4,3.7875,19.81
2021-04-08,15,14,6,517.2666666666667,GA,6,470.1,0,0.0,19.74
2021-04-08,15,14,6,517.2666666666667,GA,7,452.1,2,9.05,19.8
2021-04-08,15,14,6,517.2666666666667,GA,8,415.2833333333333,2,10.7167,19.67
2021-04-08,15,14,6,517.2666666666667,GA,9,425.9833333333333,2,4.2667,19.59
2021-04-08,15,14,6,517.2666666666667,dPSO,0,457.65,8,21.5937,21.04
2021-04-08,15,14,6,517.2666666666667,dPSO,1,424.1,4,7.4042,20.99
2021-04-08,15,14,6,517.2666666666667,dPSO,2,407.1,8,21.5042,20.91
2021-04-08,15,14,6,517.2666666666667,dPSO,3,426.0833333333333,7,11.3262,21.31
2021-04-08,15,14,6,517.2666666666667,dPSO,4,405.1,2,9.2833,21.09
2021-04-08,15,14,6,517.2666666666667,dPSO,5,445.1,5,7.3767,21.14
2021-04-08,15,14,6,517.2666666666667,dPSO,6,488.3833333333334,9,8.9519,20.86
2021-04-08,15,14,6,517.2666666666667,dPSO,7,411.7,5,13.9233,21.35
2021-04-08,15,14,6,517.2666666666667,dPSO,8,419.6666666666667,6,5.2333,20.82
2021-04-08,15,14,6,517.2666666666667,dPSO,9,405.1,6,20.9472,20.94
2021-04-08,15,14,6,517.2666666666667,SBOA,0,405.1,2,4.6417,24.12
2021-04-08,15,14,6,517.2666666666667,SBOA,1,412.85,0,0.0,25.51
2021-04-08,15,14,6,517.2666666666667,SBOA,2,405.65,1,4.5333,27.48
2021-04-08,15,14,6,517.2666666666667,SBOA,3,405.1,0,0.0,24.05
2021-04-08,15,14,6,517.2666666666667,SBOA,4,405.1,4,6.2708,23.24
2021-04-08,15,14,6,517.2666666666667,SBOA,5,405.1,4,6.8458,23.87
2021-04-08,15,14,6,517.2666666666667,SBOA,6,405.1,3,2.9889,22.97
2021-04-08,15,14,6,517.2666666666667,SBOA,7,411.2833333333333,7,24.9357,20.39
2021-04-08,15,14,6,517.2666666666667,SBOA,8,470.1,3,7.7,22.71
2021-04-08,15,14,6,517.2666666666667,SBOA,9,405.1,4,5.925,25.53
2021-04-08,15,14,6,517.2666666666667,dMShOA,0,470.5,7,29.1571,19.78
2021-04-08,15,14,6,517.2666666666667,dMShOA,1,453.3833333333333,7,14.1857,19.83
2021-04-08,15,14,6,517.2666666666667,dMShOA,2,435.25,9,17.6833,19.79
2021-04-08,15,14,6,517.2666666666667,dMShOA,3,443.06666666666666,7,27.119,19.84
2021-04-08,15,14,6,517.2666666666667,dMShOA,4,411.35,9,25.6815,19.99
2021-04-08,15,14,6,517.2666666666667,dMShOA,5,422.1,6,24.1583,19.66
2021-04-08,15,14,6,517.2666666666667,dMShOA,6,409.1,9,21.263,19.94
2021-04-08,15,14,6,517.2666666666667,dMShOA,7,429.9666666666666,10,10.2683,20.14
2021-04-08,15,14,6,517.2666666666667,dMShOA,8,428.23333333333335,6,18.6556,19.62
2021-04-08,15,14,6,517.2666666666667,dMShOA,9,426.2333333333333,9,23.0981,19.76
2020-10-09,15,14,6,484.26666666666665,GA,0,480.95,4,15.3792,19.76
2020-10-09,15,14,6,484.26666666666665,GA,1,491.06666666666666,3,2.5222,19.5
2020-10-09,15,14,6,484.26666666666665,GA,2,506.15,4,29.8417,19.65
2020-10-09,15,14,6,484.26666666666665,GA,3,458.6833333333333,6,15.8833,19.71
2020-10-09,15,14,6,484.26666666666665,GA,4,467.6833333333333,3,24.1556,19.6
2020-10-09,15,14,6,484.26666666666665,GA,5,458.6833333333333,4,13.0542,19.65
2020-10-09,15,14,6,484.26666666666665,GA,6,463.6833333333333,5,7.1967,19.71
2020-10-09,15,14,6,484.26666666666665,GA,7,568.1999999999999,7,18.7619,19.72
2020-10-09,15,14,6,484.26666666666665,GA,8,518.35,3,10.3611,19.68
2020-10-09,15,14,6,484.26666666666665,GA,9,537.7333333333332,6,12.1972,19.62
2020-10-09,15,14,6,484.26666666666665,dPSO,0,480.95,7,22.4143,21.26
2020-10-09,15,14,6,484.26666666666665,dPSO,1,458.6833333333333,2,2.3084,20.99
2020-10-09,15,14,6,484.26666666666665,dPSO,2,609.15,5,21.2567,20.82
2020-10-09,15,14,6,484.26666666666665,dPSO,3,553.7333333333332,5,36.8,21.12
2020-10-09,15,14,6,484.26666666666665,dPSO,4,505.8,8,33.8542,21.11
2020-10-09,15,14,6,484.26666666666665,dPSO,5,458.6833333333333,10,40.0983,20.99
2020-10-09,15,14,6,484.26666666666665,dPSO,6,458.6833333333333,2,11.0334,21.24
2020-10-09,15,14,6,484.26666666666665,dPSO,7,496.55,8,25.1,20.99
2020-10-09,15,14,6,484.26666666666665,dPSO,8,524.9499999999999,8,22.6583,21.18
2020-10-09,15,14,6,484.26666666666665,dPSO,9,562.0833333333334,5,10.5933,20.84
2020-10-09,15,14,6,484.26666666666665,SBOA,0,575.9999999999999,2,3.5417,21.04
2020-10-09,15,14,6,484.26666666666665,SBOA,1,528.6833333333333,6,10.3555,22.54
2020-10-09,15,14,6,484.26666666666665,SBOA,2,485.95,1,0.4667,25.5
2020-10-09,15,14,6,484.26666666666665,SBOA,3,480.95,0,0.0,24.11
2020-10-09,15,14,6,484.26666666666665,SBOA,4,519.9499999999999,7,28.5881,21.3
2020-10-09,15,14,6,484.26666666666665,SBOA,5,504.8666666666667,3,3.15,25.13
2020-10-09,15,14,6,484.26666666666665,SBOA,6,576.7333333333333,0,0.0,24.25
2020-10-09,15,14,6,484.26666666666665,SBOA,7,504.75,4,1.8542,24.71
2020-10-09,15,14,6,484.26666666666665,SBOA,8,533.6833333333333,3,8.5167,23.07
2020-10-09,15,14,6,484.26666666666665,SBOA,9,506.95,1,7.0,25.5
2020-10-09,15,14,6,484.26666666666665,dMShOA,0,493.2833333333333,7,17.1572,19.65
2020-10-09,15,14,6,484.26666666666665,dMShOA,1,531.3833333333333,5,17.3333,19.94
2020-10-09,15,14,6,484.26666666666665,dMShOA,2,566.2833333333333,4,27.45,20.07
2020-10-09,15,14,6,484.26666666666665,dMShOA,3,544.5833333333333,6,32.0361,20.01
2020-10-09,15,14,6,484.26666666666665,dMShOA,4,510.5833333333333,8,32.6917,19.85
2020-10-09,15,14,6,484.26666666666665,dMShOA,5,648.1666666666666,2,8.925,19.79
2020-10-09,15,14,6,484.26666666666665,dMShOA,6,470.4666666666666,8,29.9854,20.2
2020-10-09,15,14,6,484.26666666666665,dMShOA,7,504.55,8,39.8958,19.75
2020-10-09,15,14,6,484.26666666666665,dMShOA,8,567.0333333333333,2,44.1667,19.72
2020-10-09,15,14,6,484.26666666666665,dMShOA,9,563.6833333333333,6,30.0861,20.14
2021-07-29,15,14,6,576.3833333333333,GA,0,520.3833333333333,5,20.24,19.83
2021-07-29,15,14,6,576.3833333333333,GA,1,498.9166666666666,2,27.0917,19.62
2021-07-29,15,14,6,576.3833333333333,GA,2,454.75000000000006,5,23.7867,19.49
2021-07-29,15,14,6,576.3833333333333,GA,3,442.2,8,32.7917,19.6
2021-07-29,15,14,6,576.3833333333333,GA,4,588.2833333333332,1,0.6167,19.87
2021-07-29,15,14,6,576.3833333333333,GA,5,526.5666666666666,3,19.8167,19.83
2021-07-29,15,14,6,576.3833333333333,GA,6,418.98333333333335,5,38.9933,19.81
2021-07-29,15,14,6,576.3833333333333,GA,7,487.15,8,33.1792,19.74
2021-07-29,15,14,6,576.3833333333333,GA,8,475.01666666666665,4,29.4458,19.7
2021-07-29,15,14,6,576.3833333333333,GA,9,511.23333333333335,5,28.0233,19.96
2021-07-29,15,14,6,576.3833333333333,dPSO,0,475.0666666666666,9,17.0556,20.84
2021-07-29,15,14,6,576.3833333333333,dPSO,1,565.75,2,2.7416,21.0
2021-07-29,15,14,6,576.3833333333333,dPSO,2,514.9333333333333,6,28.9111,20.99
2021-07-29,15,14,6,576.3833333333333,dPSO,3,457.6,10,40.085,20.91
2021-07-29,15,14,6,576.3833333333333,dPSO,4,502.51666666666665,6,12.9167,20.91
2021-07-29,15,14,6,576.3833333333333,dPSO,5,550.1833333333333,7,18.2714,20.95
2021-07-29,15,14,6,576.3833333333333,dPSO,6,531.0833333333334,4,18.7083,21.05
2021-07-29,15,14,6,576.3833333333333,dPSO,7,543.9166666666666,9,39.85,21.01
2021-07-29,15,14,6,576.3833333333333,dPSO,8,452.56666666666666,12,38.6097,21.3
2021-07-29,15,14,6,576.3833333333333,dPSO,9,428.56666666666666,8,47.3334,20.99
2021-07-29,15,14,6,576.3833333333333,SBOA,0,493.94999999999993,0,0.0,24.91
2021-07-29,15,14,6,576.3833333333333,SBOA,1,553.7333333333333,1,4.5333,25.01
2021-07-29,15,14,6,576.3833333333333,SBOA,2,508.2166666666666,5,10.5067,20.69
2021-07-29,15,14,6,576.3833333333333,SBOA,3,498.35,2,0.8334,24.59
2021-07-29,15,14,6,576.3833333333333,SBOA,4,561.05,1,1.0,23.04
2021-07-29,15,14,6,576.3833333333333,SBOA,5,495.05,3,7.4222,23.88
2021-07-29,15,14,6,576.3833333333333,SBOA,6,519.1666666666666,1,7.4,22.18
2021-07-29,15,14,6,576.3833333333333,SBOA,7,509.9666666666667,6,13.4306,23.09
2021-07-29,15,14,6,576.3833333333333,SBOA,8,503.05,3,10.5555,24.68
2021-07-29,15,14,6,576.3833333333333,SBOA,9,420.0,8,25.6271,22.85
2021-07-29,15,14,6,576.3833333333333,dMShOA,0,521.65,4,54.1958,19.69
2021-07-29,15,14,6,576.3833333333333,dMShOA,1,413.7833333333333,10,38.18,19.88
2021-07-29,15,14,6,576.3833333333333,dMShOA,2,546.9166666666666,8,47.0146,19.82
2021-07-29,15,14,6,576.3833333333333,dMShOA,3,452.85,8,38.5063,19.7
2021-07-29,15,14,6,576.3833333333333,dMShOA,4,548.5500000000001,7,53.8095,19.73
2021-07-29,15,14,6,576.3833333333333,dMShOA,5,564.2499999999999,6,30.3528,19.82
2021-07-29,15,14,6,576.3833333333333,dMShOA,6,555.0166666666667,7,40.781,19.79
2021-07-29,15,14,6,576.3833333333333,dMShOA,7,440.7833333333333,9,40.1574,19.85
2021-07-29,15,14,6,576.3833333333333,dMShOA,8,466.95,8,44.025,20.07
2021-07-29,15,14,6,576.3833333333333,dMShOA,9,569.0166666666665,7,35.0048,19.76
2021-10-18,15,16,6,513.15,GA,0,418.6666666666667,8,29.9333,22.05
2021-10-18,15,16,6,513.15,GA,1,408.7000000000001,9,21.5574,22.25
2021-10-18,15,16,6,513.15,GA,2,464.01666666666665,3,17.3333,22.44
2021-10-18,15,16,6,513.15,GA,3,438.3333333333333,5,14.3133,22.36
2021-10-18,15,16,6,513.15,GA,4,420.3166666666667,9,15.4407,22.36
2021-10-18,15,16,6,513.15,GA,5,438.26666666666665,10,30.0267,22.43
2021-10-18,15,16,6,513.15,GA,6,399.8666666666667,7,17.8262,22.21
2021-10-18,15,16,6,513.15,GA,7,518.5999999999999,6,14.55,22.29
2021-10-18,15,16,6,513.15,GA,8,448.86666666666673,8,14.475,22.19
2021-10-18,15,16,6,513.15,GA,9,418.15,6,21.25,22.4
2021-10-18,15,16,6,513.15,dPSO,0,537.3,6,23.6944,23.51
2021-10-18,15,16,6,513.15,dPSO,1,378.3666666666667,7,30.0024,23.45
2021-10-18,15,16,6,513.15,dPSO,2,508.6666666666667,11,34.1394,23.32
2021-10-18,15,16,6,513.15,dPSO,3,427.26666666666665,10,23.2283,23.52
2021-10-18,15,16,6,513.15,dPSO,4,477.6666666666667,13,31.2038,23.72
2021-10-18,15,16,6,513.15,dPSO,5,492.9,13,28.1231,23.57
2021-10-18,15,16,6,513.15,dPSO,6,409.0166666666667,13,32.7551,23.78
2021-10-18,15,16,6,513.15,dPSO,7,640.0999999999999,6,24.6444,23.77
2021-10-18,15,16,6,513.15,dPSO,8,454.1,6,25.1528,23.49
2021-10-18,15,16,6,513.15,dPSO,9,462.3833333333334,14,46.7976,23.61
2021-10-18,15,16,6,513.15,SBOA,0,429.25,1,21.7,27.97
2021-10-18,15,16,6,513.15,SBOA,1,484.5166666666667,7,5.9,27.1
2021-10-18,15,16,6,513.15,SBOA,2,426.4666666666667,6,11.3028,26.5
2021-10-18,15,16,6,513.15,SBOA,3,368.38333333333327,6,15.4417,24.99
2021-10-18,15,16,6,513.15,SBOA,4,447.55,1,2.0167,27.34
2021-10-18,15,16,6,513.15,SBOA,5,453.05,3,1.2778,28.78
2021-10-18,15,16,6,513.15,SBOA,6,425.2666666666667,2,9.8416,27.62
2021-10-18,15,16,6,513.15,SBOA,7,402.6666666666667,6,12.2084,27.62
2021-10-18,15,16,6,513.15,SBOA,8,524.8166666666667,4,7.3083,27.66
2021-10-18,15,16,6,513.15,SBOA,9,472.9833333333334,6,6.8361,23.61
2021-10-18,15,16,6,513.15,dMShOA,0,402.7166666666666,12,36.643,22.08
2021-10-18,15,16,6,513.15,dMShOA,1,469.1833333333333,11,26.3924,22.19
2021-10-18,15,16,6,513.15,dMShOA,2,440.3833333333334,11,48.5561,22.27
2021-10-18,15,16,6,513.15,dMShOA,3,505.55,6,41.7166,22.27
2021-10-18,15,16,6,513.15,dMShOA,4,493.2166666666666,6,43.3056,22.28
2021-10-18,15,16,6,513.15,dMShOA,5,534.05,6,28.8444,22.35
2021-10-18,15,16,6,513.15,dMShOA,6,499.3,10,44.555,22.56
2021-10-18,15,16,6,513.15,dMShOA,7,430.15,12,37.3903,22.23
2021-10-18,15,16,6,513.15,dMShOA,8,395.28333333333336,10,47.6367,22.4
2021-10-18,15,16,6,513.15,dMShOA,9,474.4,14,29.0428,22.37
2023-04-15,15,14,6,341.18333333333334,GA,0,279.6,4,11.9916,19.61
2023-04-15,15,14,6,341.18333333333334,GA,1,227.1833333333333,6,12.2778,19.87
2023-04-15,15,14,6,341.18333333333334,GA,2,270.05,3,9.1111,19.77
2023-04-15,15,14,6,341.18333333333334,GA,3,238.4333333333333,5,13.96,19.73
2023-04-15,15,14,6,341.18333333333334,GA,4,269.3,4,12.9125,19.77
2023-04-15,15,14,6,341.18333333333334,GA,5,214.91666666666663,7,12.2429,19.53
2023-04-15,15,14,6,341.18333333333334,GA,6,270.6333333333333,4,16.6417,19.75
2023-04-15,15,14,6,341.18333333333334,GA,7,299.01666666666665,3,5.9833,19.79
2023-04-15,15,14,6,341.18333333333334,GA,8,240.6,5,11.1333,19.86
2023-04-15,15,14,6,341.18333333333334,GA,9,286.0,4,5.8583,19.75
2023-04-15,15,14,6,341.18333333333334,dPSO,0,221.6,11,25.6136,21.33
2023-04-15,15,14,6,341.18333333333334,dPSO,1,232.6833333333333,12,13.7083,21.19
2023-04-15,15,14,6,341.18333333333334,dPSO,2,247.58333333333331,9,27.3667,21.18
2023-04-15,15,14,6,341.18333333333334,dPSO,3,297.3666666666667,3,7.5833,21.01
2023-04-15,15,14,6,341.18333333333334,dPSO,4,263.83333333333337,6,8.075,20.9
2023-04-15,15,14,6,341.18333333333334,dPSO,5,255.26666666666668,7,12.3286,21.12
2023-04-15,15,14,6,341.18333333333334,dPSO,6,238.26666666666668,9,15.8167,20.96
2023-04-15,15,14,6,341.18333333333334,dPSO,7,285.7833333333333,5,3.55,20.91
2023-04-15,15,14,6,341.18333333333334,dPSO,8,203.45,14,28.6595,21.17
2023-04-15,15,14,6,341.18333333333334,dPSO,9,270.9166666666667,4,8.4208,20.97
2023-04-15,15,14,6,341.18333333333334,SBOA,0,220.4333333333333,8,10.2458,22.73
2023-04-15,15,14,6,341.18333333333334,SBOA,1,305.0833333333333,0,0.0,21.75
2023-04-15,15,14,6,341.18333333333334,SBOA,2,238.45,3,11.3889,20.98
2023-04-15,15,14,6,341.18333333333334,SBOA,3,256.3666666666667,0,0.0,23.02
2023-04-15,15,14,6,341.18333333333334,SBOA,4,268.7333333333333,0,0.0,23.87
2023-04-15,15,14,6,341.18333333333334,SBOA,5,224.8,4,10.4,23.26
2023-04-15,15,14,6,341.18333333333334,SBOA,6,250.03333333333333,1,1.9,24.99
2023-04-15,15,14,6,341.18333333333334,SBOA,7,268.5,2,7.3834,25.08
2023-04-15,15,14,6,341.18333333333334,SBOA,8,234.1,4,7.925,25.3
2023-04-15,15,14,6,341.18333333333334,SBOA,9,224.61666666666665,7,13.7738,25.78
2023-04-15,15,14,6,341.18333333333334,dMShOA,0,285.6333333333333,5,10.0433,20.22
2023-04-15,15,14,6,341.18333333333334,dMShOA,1,269.1666666666667,6,22.3722,20.07
2023-04-15,15,14,6,341.18333333333334,dMShOA,2,237.35,5,24.1467,19.94
2023-04-15,15,14,6,341.18333333333334,dMShOA,3,328.4333333333333,6,9.4139,19.82
2023-04-15,15,14,6,341.18333333333334,dMShOA,4,256.9,5,16.43,19.79
2023-04-15,15,14,6,341.18333333333334,dMShOA,5,277.06666666666666,8,14.4917,20.06
2023-04-15,15,14,6,341.18333333333334,dMShOA,6,240.4,9,27.4481,19.83
2023-04-15,15,14,6,341.18333333333334,dMShOA,7,254.46666666666667,7,20.3357,19.84
2023-04-15,15,14,6,341.18333333333334,dMShOA,8,254.83333333333331,4,14.8833,19.98
2023-04-15,15,14,6,341.18333333333334,dMShOA,9,245.91666666666669,10,18.775,19.96
2022-07-13,15,16,6,686.65,GA,0,604.9666666666667,11,29.8439,22.28
2022-07-13,15,16,6,686.65,GA,1,630.0833333333334,2,19.6083,22.22
2022-07-13,15,16,6,686.65,GA,2,580.6833333333334,6,32.8528,22.14
2022-07-13,15,16,6,686.65,GA,3,678.6166666666667,5,27.17,22.4
2022-07-13,15,16,6,686.65,GA,4,562.6833333333333,9,42.3907,22.39
2022-07-13,15,16,6,686.65,GA,5,600.2666666666667,8,33.2896,22.28
2022-07-13,15,16,6,686.65,GA,6,577.1333333333334,6,45.7889,22.19
2022-07-13,15,16,6,686.65,GA,7,602.75,5,29.2067,22.28
2022-07-13,15,16,6,686.65,GA,8,564.1666666666666,6,25.5277,22.06
2022-07-13,15,16,6,686.65,GA,9,645.0999999999999,6,26.075,22.41
2022-07-13,15,16,6,686.65,dPSO,0,539.2833333333333,12,74.6278,23.53
2022-07-13,15,16,6,686.65,dPSO,1,492.76666666666665,14,69.4726,23.59
2022-07-13,15,16,6,686.65,dPSO,2,519.1,13,42.6115,23.47
2022-07-13,15,16,6,686.65,dPSO,3,490.0666666666666,13,75.8628,23.5
2022-07-13,15,16,6,686.65,dPSO,4,611.95,13,49.4808,23.64
2022-07-13,15,16,6,686.65,dPSO,5,759.4666666666666,8,38.3437,23.47
2022-07-13,15,16,6,686.65,dPSO,6,535.4166666666666,14,78.2952,23.55
2022-07-13,15,16,6,686.65,dPSO,7,539.0333333333333,9,37.737,23.54
2022-07-13,15,16,6,686.65,dPSO,8,541.4833333333333,14,58.6833,23.65
2022-07-13,15,16,6,686.65,dPSO,9,766.35,6,21.2417,23.48
2022-07-13,15,16,6,686.65,SBOA,0,524.0833333333334,12,44.8264,28.39
2022-07-13,15,16,6,686.65,SBOA,1,492.85,7,21.9738,24.23
2022-07-13,15,16,6,686.65,SBOA,2,582.5166666666667,3,10.2222,23.88
2022-07-13,15,16,6,686.65,SBOA,3,631.3,3,27.1944,27.32
2022-07-13,15,16,6,686.65,SBOA,4,617.3166666666667,2,8.025,29.92
2022-07-13,15,16,6,686.65,SBOA,5,582.7166666666666,4,8.0,26.07
2022-07-13,15,16,6,686.65,SBOA,6,614.3666666666667,1,2.3833,26.08
2022-07-13,15,16,6,686.65,SBOA,7,599.2833333333333,5,19.5567,26.5
2022-07-13,15,16,6,686.65,SBOA,8,611.9666666666667,8,17.3854,27.38
2022-07-13,15,16,6,686.65,SBOA,9,629.1333333333333,4,12.9917,24.27
2022-07-13,15,16,6,686.65,dMShOA,0,488.55000000000007,14,80.8322,22.11
2022-07-13,15,16,6,686.65,dMShOA,1,583.9166666666666,11,70.2046,22.36
2022-07-13,15,16,6,686.65,dMShOA,2,574.3166666666666,9,65.0296,22.15
2022-07-13,15,16,6,686.65,dMShOA,3,575.4333333333334,11,78.8924,22.1
2022-07-13,15,16,6,686.65,dMShOA,4,603.7666666666667,10,45.025,22.28
2022-07-13,15,16,6,686.65,dMShOA,5,753.85,7,43.6048,22.21
2022-07-13,15,16,6,686.65,dMShOA,6,692.5833333333333,10,39.9517,22.1
2022-07-13,15,16,6,686.65,dMShOA,7,530.7333333333335,7,89.1738,22.17
2022-07-13,15,16,6,686.65,dMShOA,8,581.1833333333333,9,46.2055,22.33
2022-07-13,15,16,6,686.65,dMShOA,9,671.4166666666666,9,57.7852,22.11
2020-03-06,20,21,6,665.0333333333333,GA,0,494.76666666666665,11,35.6197,28.83
2020-03-06,20,21,6,665.0333333333333,GA,1,524.35,11,28.3318,28.76
2020-03-06,20,21,6,665.0333333333333,GA,2,530.85,10,22.58,28.98
2020-03-06,20,21,6,665.0333333333333,GA,3,643.1666666666666,5,13.7,28.86
2020-03-06,20,21,6,665.0333333333333,GA,4,574.9833333333333,10,26.0283,28.91
2020-03-06,20,21,6,665.0333333333333,GA,5,521.2833333333333,15,22.1333,29.15
2020-03-06,20,21,6,665.0333333333333,GA,6,529.15,13,19.4744,29.12
2020-03-06,20,21,6,665.0333333333333,GA,7,549.1333333333333,11,22.547,29.2
2020-03-06,20,21,6,665.0333333333333,GA,8,532.4833333333333,11,39.4455,28.98
2020-03-06,20,21,6,665.0333333333333,GA,9,570.6666666666666,12,30.7569,28.95
2020-03-06,20,21,6,665.0333333333333,dPSO,0,587.8833333333332,10,17.5383,29.46
2020-03-06,20,21,6,665.0333333333333,dPSO,1,571.4666666666666,10,75.25,29.71
2020-03-06,20,21,6,665.0333333333333,dPSO,2,535.65,14,41.3059,29.74
2020-03-06,20,21,6,665.0333333333333,dPSO,3,480.6,12,33.0444,29.83
2020-03-06,20,21,6,665.0333333333333,dPSO,4,541.75,17,51.6598,29.99
2020-03-06,20,21,6,665.0333333333333,dPSO,5,486.98333333333335,16,59.1531,30.02
2020-03-06,20,21,6,665.0333333333333,dPSO,6,464.4666666666666,10,70.6017,29.71
2020-03-06,20,21,6,665.0333333333333,dPSO,7,483.2166666666666,13,27.9795,29.68
2020-03-06,20,21,6,665.0333333333333,dPSO,8,477.3333333333333,17,64.4196,29.96
2020-03-06,20,21,6,665.0333333333333,dPSO,9,579.3333333333334,12,40.9861,29.72
2020-03-06,20,21,6,665.0333333333333,SBOA,0,464.9666666666668,3,7.9722,34.26
2020-03-06,20,21,6,665.0333333333333,SBOA,1,544.3833333333333,1,0.05,35.8
2020-03-06,20,21,6,665.0333333333333,SBOA,2,452.6166666666666,5,9.25,37.69
2020-03-06,20,21,6,665.0333333333333,SBOA,3,590.0000000000001,0,0.0,38.29
2020-03-06,20,21,6,665.0333333333333,SBOA,4,571.35,2,1.2584,36.75
2020-03-06,20,21,6,665.0333333333333,SBOA,5,518.8333333333334,4,12.4833,34.84
2020-03-06,20,21,6,665.0333333333333,SBOA,6,563.8833333333333,1,1.6833,38.92
2020-03-06,20,21,6,665.0333333333333,SBOA,7,478.31666666666666,2,19.65,38.92
2020-03-06,20,21,6,665.0333333333333,SBOA,8,500.5666666666666,1,3.2333,39.09
2020-03-06,20,21,6,665.0333333333333,SBOA,9,501.1666666666667,10,13.3067,31.14
2020-03-06,20,21,6,665.0333333333333,dMShOA,0,734.7833333333334,11,56.047,27.89
2020-03-06,20,21,6,665.0333333333333,dMShOA,1,447.9666666666667,17,63.152,28.11
2020-03-06,20,21,6,665.0333333333333,dMShOA,2,615.7833333333334,13,38.0615,28.28
2020-03-06,20,21,6,665.0333333333333,dMShOA,3,630.85,9,53.8852,28.36
2020-03-06,20,21,6,665.0333333333333,dMShOA,4,518.3000000000001,18,57.1769,28.38
2020-03-06,20,21,6,665.0333333333333,dMShOA,5,521.9333333333333,14,46.8881,28.33
2020-03-06,20,21,6,665.0333333333333,dMShOA,6,636.9333333333333,11,44.0909,28.16
2020-03-06,20,21,6,665.0333333333333,dMShOA,7,570.6166666666667,15,68.4444,28.05
2020-03-06,20,21,6,665.0333333333333,dMShOA,8,527.3333333333334,18,60.5954,28.36
2020-03-06,20,21,6,665.0333333333333,dMShOA,9,624.4333333333334,10,57.215,28.13
2021-11-02,20,21,6,664.9333333333333,GA,0,712.55,11,29.6379,28.65
2021-11-02,20,21,6,664.9333333333333,GA,1,821.1333333333333,15,27.9778,28.91
2021-11-02,20,21,6,664.9333333333333,GA,2,642.3333333333333,9,28.9833,28.99
2021-11-02,20,21,6,664.9333333333333,GA,3,742.4666666666667,12,32.4805,28.98
2021-11-02,20,21,6,664.9333333333333,GA,4,720.3666666666668,12,49.393,29.08
2021-11-02,20,21,6,664.9333333333333,GA,5,666.3000000000001,12,29.0583,28.83
2021-11-02,20,21,6,664.9333333333333,GA,6,662.9333333333334,10,31.0667,28.95
2021-11-02,20,21,6,664.9333333333333,GA,7,766.4666666666667,12,19.3875,29.05
2021-11-02,20,21,6,664.9333333333333,GA,8,642.3333333333333,10,29.4967,29.08
2021-11-02,20,21,6,664.9333333333333,GA,9,677.0166666666667,15,39.3222,29.08
2021-11-02,20,21,6,664.9333333333333,dPSO,0,698.15,16,60.2885,29.75
2021-11-02,20,21,6,664.9333333333333,dPSO,1,701.65,13,91.4962,29.78
2021-11-02,20,21,6,664.9333333333333,dPSO,2,642.3333333333333,17,48.649,29.71
2021-11-02,20,21,6,664.9333333333333,dPSO,3,687.6333333333333,15,52.6511,29.95
2021-11-02,20,21,6,664.9333333333333,dPSO,4,654.8499999999999,15,43.4067,29.78
2021-11-02,20,21,6,664.9333333333333,dPSO,5,676.5500000000001,14,51.2179,29.83
2021-11-02,20,21,6,664.9333333333333,dPSO,6,666.6166666666667,18,53.7176,29.75
2021-11-02,20,21,6,664.9333333333333,dPSO,7,860.3333333333333,17,38.749,29.9
2021-11-02,20,21,6,664.9333333333333,dPSO,8,721.3000000000001,18,45.8269,29.87
2021-11-02,20,21,6,664.9333333333333,dPSO,9,689.2833333333333,16,44.7573,29.98
2021-11-02,20,21,6,664.9333333333333,SBOA,0,725.2833333333333,12,11.65,37.97
2021-11-02,20,21,6,664.9333333333333,SBOA,1,712.8499999999999,7,17.7714,33.96
2021-11-02,20,21,6,664.9333333333333,SBOA,2,712.8499999999999,3,11.8778,40.92
2021-11-02,20,21,6,664.9333333333333,SBOA,3,878.1333333333333,5,5.07,39.14
2021-11-02,20,21,6,664.9333333333333,SBOA,4,801.3,6,7.0639,36.86
2021-11-02,20,21,6,664.9333333333333,SBOA,5,832.6666666666666,5,11.78,37.78
2021-11-02,20,21,6,664.9333333333333,SBOA,6,699.3333333333333,4,6.375,38.57
2021-11-02,20,21,6,664.9333333333333,SBOA,7,642.3333333333333,13,29.0103,39.93
2021-11-02,20,21,6,664.9333333333333,SBOA,8,671.1333333333333,11,21.3212,38.0
2021-11-02,20,21,6,664.9333333333333,SBOA,9,642.3333333333333,2,3.275,37.03
2021-11-02,20,21,6,664.9333333333333,dMShOA,0,702.3333333333333,17,43.1128,28.19
2021-11-02,20,21,6,664.9333333333333,dMShOA,1,930.1,14,52.3155,28.08
2021-11-02,20,21,6,664.9333333333333,dMShOA,2,816.0,16,51.4073,28.17
2021-11-02,20,21,6,664.9333333333333,dMShOA,3,722.8333333333334,14,53.4202,28.35
2021-11-02,20,21,6,664.9333333333333,dMShOA,4,826.65,17,43.5716,28.19
2021-11-02,20,21,6,664.9333333333333,dMShOA,5,712.3333333333333,15,54.4678,28.18
2021-11-02,20,21,6,664.9333333333333,dMShOA,6,648.9833333333333,18,55.9074,28.12
2021-11-02,20,21,6,664.9333333333333,dMShOA,7,710.95,19,56.5921,28.31
2021-11-02,20,21,6,664.9333333333333,dMShOA,8,679.8500000000001,16,68.5719,28.27
2021-11-02,20,21,6,664.9333333333333,dMShOA,9,727.3666666666668,16,89.5906,28.31
2021-01-06,20,20,6,533.7333333333333,GA,0,507.06666666666666,11,33.1424,27.69
2021-01-06,20,20,6,533.7333333333333,GA,1,563.3833333333333,14,22.0833,27.48
2021-01-06,20,20,6,533.7333333333333,GA,2,432.1166666666667,14,30.2322,27.64
2021-01-06,20,20,6,533.7333333333333,GA,3,426.8833333333333,14,29.1869,27.66
2021-01-06,20,20,6,533.7333333333333,GA,4,538.55,12,26.0167,27.83
2021-01-06,20,20,6,533.7333333333333,GA,5,583.6833333333334,9,15.9241,27.62
2021-01-06,20,20,6,533.7333333333333,GA,6,511.6166666666667,16,36.0656,27.67
2021-01-06,20,20,6,533.7333333333333,GA,7,592.45,8,21.1854,27.48
2021-01-06,20,20,6,533.7333333333333,GA,8,516.6,6,25.8056,27.56
2021-01-06,20,20,6,533.7333333333333,GA,9,508.56666666666666,14,26.2655,27.66
2021-01-06,20,20,6,533.7333333333333,dPSO,0,454.4666666666666,15,39.9033,28.66
2021-01-06,20,20,6,533.7333333333333,dPSO,1,414.45,15,35.4944,28.52
2021-01-06,20,20,6,533.7333333333333,dPSO,2,516.3666666666667,15,67.9133,28.65
2021-01-06,20,20,6,533.7333333333333,dPSO,3,442.05,11,33.6333,28.72
2021-01-06,20,20,6,533.7333333333333,dPSO,4,594.4666666666666,9,20.1852,28.63
2021-01-06,20,20,6,533.7333333333333,dPSO,5,489.1166666666667,16,38.624,28.77
2021-01-06,20,20,6,533.7333333333333,dPSO,6,466.6333333333333,16,49.2469,28.72
2021-01-06,20,20,6,533.7333333333333,dPSO,7,486.65,16,30.3927,28.77
2021-01-06,20,20,6,533.7333333333333,dPSO,8,463.51666666666665,15,41.1244,28.78
2021-01-06,20,20,6,533.7333333333333,dPSO,9,412.9333333333333,20,91.9583,28.59
2021-01-06,20,20,6,533.7333333333333,SBOA,0,510.06666666666666,10,4.06,36.72
2021-01-06,20,20,6,533.7333333333333,SBOA,1,524.45,5,6.9033,35.8
2021-01-06,20,20,6,533.7333333333333,SBOA,2,516.7166666666667,1,0.3667,35.79
2021-01-06,20,20,6,533.7333333333333,SBOA,3,483.8333333333333,5,9.8167,36.19
2021-01-06,20,20,6,533.7333333333333,SBOA,4,478.51666666666665,12,19.675,29.69
2021-01-06,20,20,6,533.7333333333333,SBOA,5,625.8333333333333,3,8.3778,33.3
2021-01-06,20,20,6,533.7333333333333,SBOA,6,499.25,8,12.1542,36.63
2021-01-06,20,20,6,533.7333333333333,SBOA,7,448.9166666666667,7,11.5762,35.23
2021-01-06,20,20,6,533.7333333333333,SBOA,8,538.7666666666667,7,12.2405,35.82
2021-01-06,20,20,6,533.7333333333333,SBOA,9,533.4,9,13.3815,36.26
2021-01-06,20,20,6,533.7333333333333,dMShOA,0,504.06666666666666,14,42.5441,27.1
2021-01-06,20,20,6,533.7333333333333,dMShOA,1,448.3666666666667,17,59.1922,27.07
2021-01-06,20,20,6,533.7333333333333,dMShOA,2,524.4,16,47.1323,26.98
2021-01-06,20,20,6,533.7333333333333,dMShOA,3,418.3,19,65.357,27.07
2021-01-06,20,20,6,533.7333333333333,dMShOA,4,706.9833333333333,18,33.3935,27.1
2021-01-06,20,20,6,533.7333333333333,dMShOA,5,586.75,15,49.3722,27.11
2021-01-06,20,20,6,533.7333333333333,dMShOA,6,639.6833333333334,8,58.6812,26.97
2021-01-06,20,20,6,533.7333333333333,dMShOA,7,553.7666666666667,13,70.2333,27.07
2021-01-06,20,20,6,533.7333333333333,dMShOA,8,515.8166666666666,16,36.0386,27.04
2021-01-06,20,20,6,533.7333333333333,dMShOA,9,589.6833333333334,17,60.6892,27.13
2021-10-04,20,19,6,624.9166666666666,GA,0,354.5,13,11.8744,26.47
2021-10-04,20,19,6,624.9166666666666,GA,1,397.65,8,13.3771,26.45
2021-10-04,20,19,6,624.9166666666666,GA,2,361.05,9,12.4704,26.29
2021-10-04,20,19,6,624.9166666666666,GA,3,335.9166666666667,7,21.2548,26.35
2021-10-04,20,19,6,624.9166666666666,GA,4,385.6333333333333,11,17.7742,26.47
2021-10-04,20,19,6,624.9166666666666,GA,5,407.4333333333333,10,23.905,26.46
2021-10-04,20,19,6,624.9166666666666,GA,6,410.9666666666667,6,14.6805,26.42
2021-10-04,20,19,6,624.9166666666666,GA,7,362.6666666666667,13,20.0667,26.35
2021-10-04,20,19,6,624.9166666666666,GA,8,388.9,7,6.6738,26.36
2021-10-04,20,19,6,624.9166666666666,GA,9,382.3,11,23.9742,26.47
2021-10-04,20,19,6,624.9166666666666,dPSO,0,328.44999999999993,16,34.15,27.24
2021-10-04,20,19,6,624.9166666666666,dPSO,1,335.9666666666667,16,30.0958,27.4
2021-10-04,20,19,6,624.9166666666666,dPSO,2,298.4666666666667,17,49.3137,27.28
2021-10-04,20,19,6,624.9166666666666,dPSO,3,366.01666666666665,13,18.0013,27.52
2021-10-04,20,19,6,624.9166666666666,dPSO,4,346.1333333333333,10,17.9033,27.55
2021-10-04,20,19,6,624.9166666666666,dPSO,5,303.7666666666667,15,44.2933,27.32
2021-10-04,20,19,6,624.9166666666666,dPSO,6,335.2,13,34.432,27.11
2021-10-04,20,19,6,624.9166666666666,dPSO,7,300.6666666666667,17,35.5039,27.22
2021-10-04,20,19,6,624.9166666666666,dPSO,8,325.50000000000006,15,69.8978,27.43
2021-10-04,20,19,6,624.9166666666666,dPSO,9,324.1333333333333,15,39.5778,27.26
2021-10-04,20,19,6,624.9166666666666,SBOA,0,392.33333333333337,2,4.275,31.79
2021-10-04,20,19,6,624.9166666666666,SBOA,1,400.51666666666665,3,13.0833,37.04
2021-10-04,20,19,6,624.9166666666666,SBOA,2,378.9333333333333,4,2.7458,32.69
2021-10-04,20,19,6,624.9166666666666,SBOA,3,345.85,8,5.2687,29.75
2021-10-04,20,19,6,624.9166666666666,SBOA,4,391.15,1,1.8833,36.86
2021-10-04,20,19,6,624.9166666666666,SBOA,5,400.81666666666666,3,4.65,32.74
2021-10-04,20,19,6,624.9166666666666,SBOA,6,374.7166666666666,7,11.6476,32.02
2021-10-04,20,19,6,624.9166666666666,SBOA,7,381.6166666666667,8,13.85,35.04
2021-10-04,20,19,6,624.9166666666666,SBOA,8,457.76666666666665,1,4.0,33.9
2021-10-04,20,19,6,624.9166666666666,SBOA,9,386.3,4,5.1792,30.67
2021-10-04,20,19,6,624.9166666666666,dMShOA,0,342.3666666666666,14,42.9012,25.65
2021-10-04,20,19,6,624.9166666666666,dMShOA,1,376.48333333333335,8,55.0979,25.87
2021-10-04,20,19,6,624.9166666666666,dMShOA,2,354.4833333333333,12,51.5306,25.68
2021-10-04,20,19,6,624.9166666666666,dMShOA,3,368.9,15,49.0189,25.93
2021-10-04,20,19,6,624.9166666666666,dMShOA,4,416.55,10,50.08,26.12
2021-10-04,20,19,6,624.9166666666666,dMShOA,5,288.6333333333333,15,36.4155,25.83
2021-10-04,20,19,6,624.9166666666666,dMShOA,6,376.55,13,35.3782,25.5
2021-10-04,20,19,6,624.9166666666666,dMShOA,7,369.35,11,33.3333,25.93
2021-10-04,20,19,6,624.9166666666666,dMShOA,8,420.73333333333335,10,27.8533,25.9
2021-10-04,20,19,6,624.9166666666666,dMShOA,9,370.8833333333334,13,44.8154,25.72
2020-08-20,20,20,6,523.5666666666667,GA,0,582.0,8,26.3813,27.5
2020-08-20,20,20,6,523.5666666666667,GA,1,501.0,9,43.0796,27.76
2020-08-20,20,20,6,523.5666666666667,GA,2,575.3666666666667,7,19.3738,27.62
2020-08-20,20,20,6,523.5666666666667,GA,3,550.2833333333333,9,31.6722,27.83
2020-08-20,20,20,6,523.5666666666667,GA,4,618.5,8,7.4896,27.7
2020-08-20,20,20,6,523.5666666666667,GA,5,587.4166666666667,12,25.8542,27.72
2020-08-20,20,20,6,523.5666666666667,GA,6,486.25,13,27.0936,27.84
2020-08-20,20,20,6,523.5666666666667,GA,7,535.3833333333333,10,23.9667,27.62
2020-08-20,20,20,6,523.5666666666667,GA,8,581.9999999999999,9,19.5759,27.4
2020-08-20,20,20,6,523.5666666666667,GA,9,537.4833333333335,10,16.2733,27.87
2020-08-20,20,20,6,523.5666666666667,dPSO,0,441.9333333333333,18,88.4463,28.51
2020-08-20,20,20,6,523.5666666666667,dPSO,1,492.6666666666667,15,60.3811,28.47
2020-08-20,20,20,6,523.5666666666667,dPSO,2,649.3166666666667,9,24.1148,28.51
2020-08-20,20,20,6,523.5666666666667,dPSO,3,639.7499999999999,12,39.7708,28.48
2020-08-20,20,20,6,523.5666666666667,dPSO,4,497.65,16,47.5833,28.65
2020-08-20,20,20,6,523.5666666666667,dPSO,5,517.3333333333334,11,39.7712,28.51
2020-08-20,20,20,6,523.5666666666667,dPSO,6,464.9,19,63.0439,28.76
2020-08-20,20,20,6,523.5666666666667,dPSO,7,571.8333333333334,13,26.1,28.59
2020-08-20,20,20,6,523.5666666666667,dPSO,8,455.50000000000006,19,72.8921,28.66
2020-08-20,20,20,6,523.5666666666667,dPSO,9,469.98333333333335,19,61.2421,28.65
2020-08-20,20,20,6,523.5666666666667,SBOA,0,591.55,6,9.3667,32.16
2020-08-20,20,20,6,523.5666666666667,SBOA,1,480.81666666666666,9,25.4092,29.85
2020-08-20,20,20,6,523.5666666666667,SBOA,2,523.7666666666667,8,8.1125,33.89
2020-08-20,20,20,6,523.5666666666667,SBOA,3,584.65,7,44.1071,35.64
2020-08-20,20,20,6,523.5666666666667,SBOA,4,519.0500000000001,10,34.2633,30.66
2020-08-20,20,20,6,523.5666666666667,SBOA,5,442.4166666666667,10,20.9433,34.7
2020-08-20,20,20,6,523.5666666666667,SBOA,6,631.8333333333333,7,9.7786,34.54
2020-08-20,20,20,6,523.5666666666667,SBOA,7,517.5,8,18.8104,34.12
2020-08-20,20,20,6,523.5666666666667,SBOA,8,570.35,5,11.7133,35.51
2020-08-20,20,20,6,523.5666666666667,SBOA,9,483.4500000000001,6,9.3361,33.61
2020-08-20,20,20,6,523.5666666666667,dMShOA,0,543.25,13,46.5603,26.99
2020-08-20,20,20,6,523.5666666666667,dMShOA,1,553.1666666666666,12,51.9847,26.82
2020-08-20,20,20,6,523.5666666666667,dMShOA,2,496.6,14,56.5988,26.9
2020-08-20,20,20,6,523.5666666666667,dMShOA,3,443.98333333333335,15,63.76,26.99
2020-08-20,20,20,6,523.5666666666667,dMShOA,4,654.2166666666667,11,62.5545,27.14
2020-08-20,20,20,6,523.5666666666667,dMShOA,5,523.7666666666667,15,61.5967,26.97
2020-08-20,20,20,6,523.5666666666667,dMShOA,6,548.8333333333333,14,52.2607,27.12
2020-08-20,20,20,6,523.5666666666667,dMShOA,7,624.9,14,41.7202,27.04
2020-08-20,20,20,6,523.5666666666667,dMShOA,8,462.9166666666666,17,67.2245,27.08
2020-08-20,20,20,6,523.5666666666667,dMShOA,9,637.3999999999999,12,55.4194,27.08
2020-09-30,20,21,6,526.1833333333333,GA,0,477.6833333333333,11,23.45,28.83
2020-09-30,20,21,6,526.1833333333333,GA,1,450.9,13,25.1487,28.78
2020-09-30,20,21,6,526.1833333333333,GA,2,473.9666666666666,8,16.2583,28.95
2020-09-30,20,21,6,526.1833333333333,GA,3,468.8,13,26.0602,28.9
2020-09-30,20,21,6,526.1833333333333,GA,4,456.2166666666666,12,23.9944,28.82
2020-09-30,20,21,6,526.1833333333333,GA,5,577.3333333333334,8,13.0583,28.87
2020-09-30,20,21,6,526.1833333333333,GA,6,440.4333333333333,15,35.7844,28.86
2020-09-30,20,21,6,526.1833333333333,GA,7,527.2,10,13.715,28.93
2020-09-30,20,21,6,526.1833333333333,GA,8,460.45,15,22.88,29.03
2020-09-30,20,21,6,526.1833333333333,GA,9,527.7666666666667,17,32.3745,28.97
2020-09-30,20,21,6,526.1833333333333,dPSO,0,462.78333333333336,10,27.4967,30.06
2020-09-30,20,21,6,526.1833333333333,dPSO,1,428.31666666666666,18,63.3611,29.89
2020-09-30,20,21,6,526.1833333333333,dPSO,2,717.4833333333333,15,31.2967,29.91
2020-09-30,20,21,6,526.1833333333333,dPSO,3,545.2666666666667,9,21.2482,29.7
2020-09-30,20,21,6,526.1833333333333,dPSO,4,509.9,15,22.1978,29.78
2020-09-30,20,21,6,526.1833333333333,dPSO,5,643.3666666666668,15,29.9911,29.9
2020-09-30,20,21,6,526.1833333333333,dPSO,6,500.6666666666667,13,53.0718,29.9
2020-09-30,20,21,6,526.1833333333333,dPSO,7,445.1666666666667,20,57.8233,29.97
2020-09-30,20,21,6,526.1833333333333,dPSO,8,560.7833333333333,14,28.9559,29.98
2020-09-30,20,21,6,526.1833333333333,dPSO,9,540.2333333333333,12,41.0403,29.48
2020-09-30,20,21,6,526.1833333333333,SBOA,0,460.35,6,5.1361,35.84
2020-09-30,20,21,6,526.1833333333333,SBOA,1,475.7166666666666,14,27.5583,32.27
2020-09-30,20,21,6,526.1833333333333,SBOA,2,468.1,9,15.6907,33.9
2020-09-30,20,21,6,526.1833333333333,SBOA,3,500.6666666666667,2,10.525,35.56
2020-09-30,20,21,6,526.1833333333333,SBOA,4,593.9333333333334,11,13.5849,34.26
2020-09-30,20,21,6,526.1833333333333,SBOA,5,500.6666666666667,7,10.6595,32.07
2020-09-30,20,21,6,526.1833333333333,SBOA,6,536.5666666666667,3,14.55,36.87
2020-09-30,20,21,6,526.1833333333333,SBOA,7,500.7,9,10.2407,35.57
2020-09-30,20,21,6,526.1833333333333,SBOA,8,517.7333333333333,3,8.5667,34.98
2020-09-30,20,21,6,526.1833333333333,SBOA,9,464.1833333333333,9,14.2796,32.0
2020-09-30,20,21,6,526.1833333333333,dMShOA,0,516.4,17,43.9539,28.26
2020-09-30,20,21,6,526.1833333333333,dMShOA,1,542.2166666666667,13,22.1257,28.2
2020-09-30,20,21,6,526.1833333333333,dMShOA,2,592.3000000000001,16,37.6958,28.31
2020-09-30,20,21,6,526.1833333333333,dMShOA,3,479.8833333333333,15,53.4611,28.1
2020-09-30,20,21,6,526.1833333333333,dMShOA,4,443.95,16,55.974,28.13
2020-09-30,20,21,6,526.1833333333333,dMShOA,5,478.05,17,41.7373,27.57
2020-09-30,20,21,6,526.1833333333333,dMShOA,6,653.0500000000001,12,29.4806,27.58
2020-09-30,20,21,6,526.1833333333333,dMShOA,7,520.95,16,36.7021,27.7
2020-09-30,20,21,6,526.1833333333333,dMShOA,8,626.3833333333333,15,42.46,27.55
2020-09-30,20,21,6,526.1833333333333,dMShOA,9,515.0666666666666,15,44.6133,26.87
2021-06-09,15,15,7,507.9,GA,0,400.83333333333337,5,23.0867,21.06
2021-06-09,15,15,7,507.9,GA,1,402.1333333333333,7,9.6548,20.86
2021-06-09,15,15,7,507.9,GA,2,413.83333333333337,2,9.7667,21.01
2021-06-09,15,15,7,507.9,GA,3,415.2833333333333,6,10.7,20.77
2021-06-09,15,15,7,507.9,GA,4,415.4666666666666,5,22.6,20.7
2021-06-09,15,15,7,507.9,GA,5,425.55,4,10.85,20.98
2021-06-09,15,15,7,507.9,GA,6,477.51666666666665,4,22.3292,20.84
2021-06-09,15,15,7,507.9,GA,7,388.6166666666667,5,4.95,21.03
2021-06-09,15,15,7,507.9,GA,8,371.75,9,16.2574,20.81
2021-06-09,15,15,7,507.9,GA,9,380.9,6,20.2333,20.85
2021-06-09,15,15,7,507.9,dPSO,0,404.98333333333335,7,23.5071,22.08
2021-06-09,15,15,7,507.9,dPSO,1,410.85,8,24.3771,22.36
2021-06-09,15,15,7,507.9,dPSO,2,388.6166666666667,4,10.0833,22.0
2021-06-09,15,15,7,507.9,dPSO,3,335.3333333333333,10,30.05,22.1
2021-06-09,15,15,7,507.9,dPSO,4,415.8666666666667,9,24.25,22.34
2021-06-09,15,15,7,507.9,dPSO,5,376.56666666666666,7,28.4929,22.22
2021-06-09,15,15,7,507.9,dPSO,6,415.3,11,28.5136,22.11
2021-06-09,15,15,7,507.9,dPSO,7,357.7333333333333,7,31.7333,22.24
2021-06-09,15,15,7,507.9,dPSO,8,390.98333333333335,7,32.4976,22.05
2021-06-09,15,15,7,507.9,dPSO,9,378.4666666666667,9,11.5352,22.11
2021-06-09,15,15,7,507.9,SBOA,0,476.1166666666667,2,7.3833,23.28
2021-06-09,15,15,7,507.9,SBOA,1,354.2833333333333,5,11.3033,23.77
2021-06-09,15,15,7,507.9,SBOA,2,429.4166666666666,0,0.0,23.91
2021-06-09,15,15,7,507.9,SBOA,3,468.85,4,15.6375,24.72
2021-06-09,15,15,7,507.9,SBOA,4,417.6166666666667,5,9.5067,23.55
2021-06-09,15,15,7,507.9,SBOA,5,381.2,4,13.3708,27.4
2021-06-09,15,15,7,507.9,SBOA,6,417.55,1,6.0,26.84
2021-06-09,15,15,7,507.9,SBOA,7,372.7000000000001,10,14.0617,21.37
2021-06-09,15,15,7,507.9,SBOA,8,441.45,0,0.0,27.47
2021-06-09,15,15,7,507.9,SBOA,9,360.1,5,3.53,27.62
2021-06-09,15,15,7,507.9,dMShOA,0,431.3833333333333,7,37.8143,20.97
2021-06-09,15,15,7,507.9,dMShOA,1,458.2833333333333,4,35.5667,21.15
2021-06-09,15,15,7,507.9,dMShOA,2,411.05,8,37.7208,20.92
2021-06-09,15,15,7,507.9,dMShOA,3,354.5,9,26.2908,21.06
2021-06-09,15,15,7,507.9,dMShOA,4,453.2166666666667,8,34.5833,21.08
2021-06-09,15,15,7,507.9,dMShOA,5,421.1333333333333,5,34.8433,20.79
2021-06-09,15,15,7,507.9,dMShOA,6,421.76666666666665,7,41.4214,21.0
2021-06-09,15,15,7,507.9,dMShOA,7,435.73333333333335,9,16.4926,20.96
2021-06-09,15,15,7,507.9,dMShOA,8,404.26666666666665,7,39.6119,21.13
2021-06-09,15,15,7,507.9,dMShOA,9,476.83333333333337,2,30.675,20.93
2021-12-27,15,15,7,542.15,GA,0,489.75,3,8.6222,20.94
2021-12-27,15,15,7,542.15,GA,1,401.8666666666667,4,18.8916,20.89
2021-12-27,15,15,7,542.15,GA,2,378.35,9,22.6148,21.12
2021-12-27,15,15,7,542.15,GA,3,416.0,5,13.7533,21.04
2021-12-27,15,15,7,542.15,GA,4,422.2166666666667,6,20.325,21.19
2021-12-27,15,15,7,542.15,GA,5,371.3166666666667,5,13.85,21.29
2021-12-27,15,15,7,542.15,GA,6,419.5666666666667,5,18.34,21.28
2021-12-27,15,15,7,542.15,GA,7,381.7000000000001,6,13.5389,21.23
2021-12-27,15,15,7,542.15,GA,8,418.5666666666667,4,22.3167,21.14
2021-12-27,15,15,7,542.15,GA,9,412.05000000000007,5,12.0833,21.12
2021-12-27,15,15,7,542.15,dPSO,0,391.1833333333333,11,34.8909,22.53
2021-12-27,15,15,7,542.15,dPSO,1,365.2166666666667,11,49.7606,22.44
2021-12-27,15,15,7,542.15,dPSO,2,386.3833333333333,7,23.5929,22.12
2021-12-27,15,15,7,542.15,dPSO,3,476.1833333333333,3,22.6222,22.35
2021-12-27,15,15,7,542.15,dPSO,4,397.9500000000001,7,25.0833,22.23
2021-12-27,15,15,7,542.15,dPSO,5,395.5166666666667,7,15.2786,22.26
2021-12-27,15,15,7,542.15,dPSO,6,408.5166666666667,9,18.3593,22.4
2021-12-27,15,15,7,542.15,dPSO,7,365.2166666666667,7,23.9833,22.27
2021-12-27,15,15,7,542.15,dPSO,8,365.2166666666667,9,29.6833,22.4
2021-12-27,15,15,7,542.15,dPSO,9,409.3833333333333,10,26.7533,22.39
2021-12-27,15,15,7,542.15,SBOA,0,365.2166666666667,2,12.5084,23.17
2021-12-27,15,15,7,542.15,SBOA,1,410.2166666666667,1,3.1667,23.95
2021-12-27,15,15,7,542.15,SBOA,2,380.35,2,20.1667,22.7
2021-12-27,15,15,7,542.15,SBOA,3,379.85,1,10.4333,26.2
2021-12-27,15,15,7,542.15,SBOA,4,408.50000000000006,1,1.4667,23.86
2021-12-27,15,15,7,542.15,SBOA,5,385.00000000000006,0,0.0,27.43
2021-12-27,15,15,7,542.15,SBOA,6,379.1666666666667,4,9.5083,24.84
2021-12-27,15,15,7,542.15,SBOA,7,425.2166666666667,0,0.0,28.17
2021-12-27,15,15,7,542.15,SBOA,8,370.6666666666667,2,9.45,24.16
2021-12-27,15,15,7,542.15,SBOA,9,456.0,5,17.52,22.69
2021-12-27,15,15,7,542.15,dMShOA,0,380.5333333333334,6,39.3917,21.27
2021-12-27,15,15,7,542.15,dMShOA,1,439.2166666666667,5,37.5633,20.91
2021-12-27,15,15,7,542.15,dMShOA,2,428.48333333333335,7,23.6119,21.01
2021-12-27,15,15,7,542.15,dMShOA,3,391.58333333333337,10,38.4667,21.07
2021-12-27,15,15,7,542.15,dMShOA,4,390.51666666666665,10,28.76,20.97
2021-12-27,15,15,7,542.15,dMShOA,5,416.48333333333335,8,41.4813,20.98
2021-12-27,15,15,7,542.15,dMShOA,6,405.9500000000001,9,37.1852,20.9
2021-12-27,15,15,7,542.15,dMShOA,7,420.35,7,37.881,21.0
2021-12-27,15,15,7,542.15,dMShOA,8,458.1833333333333,6,28.1167,21.21
2021-12-27,15,15,7,542.15,dMShOA,9,453.66666666666674,7,19.1905,21.14
2020-01-30,15,16,7,705.2833333333333,GA,0,465.2166666666666,5,20.37,22.19
2020-01-30,15,16,7,705.2833333333333,GA,1,487.23333333333335,10,19.8833,22.37
2020-01-30,15,16,7,705.2833333333333,GA,2,443.0,8,25.4563,22.32
2020-01-30,15,16,7,705.2833333333333,GA,3,519.1166666666667,9,23.7389,22.24
2020-01-30,15,16,7,705.2833333333333,GA,4,503.2833333333333,6,31.1944,22.54
2020-01-30,15,16,7,705.2833333333333,GA,5,529.5666666666667,6,24.0583,22.34
2020-01-30,15,16,7,705.2833333333333,GA,6,580.5833333333334,3,20.7111,22.14
2020-01-30,15,16,7,705.2833333333333,GA,7,579.7,5,21.7767,22.35
2020-01-30,15,16,7,705.2833333333333,GA,8,454.44999999999993,10,26.73,22.24
2020-01-30,15,16,7,705.2833333333333,GA,9,501.3666666666666,5,27.22,22.3
2020-01-30,15,16,7,705.2833333333333,dPSO,0,472.6833333333333,7,16.819,23.63
2020-01-30,15,16,7,705.2833333333333,dPSO,1,518.5833333333334,8,34.1438,23.62
2020-01-30,15,16,7,705.2833333333333,dPSO,2,529.2833333333334,13,26.5654,23.59
2020-01-30,15,16,7,705.2833333333333,dPSO,3,539.3,9,35.0574,23.74
2020-01-30,15,16,7,705.2833333333333,dPSO,4,474.95,9,13.8611,23.48
2020-01-30,15,16,7,705.2833333333333,dPSO,5,416.5833333333333,12,41.3139,23.59
2020-01-30,15,16,7,705.2833333333333,dPSO,6,518.6333333333333,6,30.8583,23.59
2020-01-30,15,16,7,705.2833333333333,dPSO,7,600.55,11,25.8818,23.91
2020-01-30,15,16,7,705.2833333333333,dPSO,8,453.5833333333333,14,44.406,23.71
2020-01-30,15,16,7,705.2833333333333,dPSO,9,470.9166666666666,6,29.4,23.55
2020-01-30,15,16,7,705.2833333333333,SBOA,0,492.45,0,0.0,26.19
2020-01-30,15,16,7,705.2833333333333,SBOA,1,490.3666666666666,3,8.55,25.57
2020-01-30,15,16,7,705.2833333333333,SBOA,2,535.7333333333333,1,1.8167,27.93
2020-01-30,15,16,7,705.2833333333333,SBOA,3,517.6,9,16.2889,27.21
2020-01-30,15,16,7,705.2833333333333,SBOA,4,445.65,14,42.4369,23.15
2020-01-30,15,16,7,705.2833333333333,SBOA,5,440.7333333333333,5,37.8733,28.0
2020-01-30,15,16,7,705.2833333333333,SBOA,6,473.75,4,8.9625,27.73
2020-01-30,15,16,7,705.2833333333333,SBOA,7,493.9666666666666,0,0.0,25.98
2020-01-30,15,16,7,705.2833333333333,SBOA,8,449.2,5,12.6567,26.93
2020-01-30,15,16,7,705.2833333333333,SBOA,9,558.2333333333332,1,1.8,25.86
2020-01-30,15,16,7,705.2833333333333,dMShOA,0,443.0833333333333,15,41.7,22.36
2020-01-30,15,16,7,705.2833333333333,dMShOA,1,535.7333333333333,10,30.3533,22.26
2020-01-30,15,16,7,705.2833333333333,dMShOA,2,541.5,6,31.7278,22.2
2020-01-30,15,16,7,705.2833333333333,dMShOA,3,453.3833333333334,12,43.3722,22.3
2020-01-30,15,16,7,705.2833333333333,dMShOA,4,451.4166666666666,9,39.6037,22.11
2020-01-30,15,16,7,705.2833333333333,dMShOA,5,511.45,6,46.3639,22.21
2020-01-30,15,16,7,705.2833333333333,dMShOA,6,556.4166666666667,9,41.2074,22.23
2020-01-30,15,16,7,705.2833333333333,dMShOA,7,622.6166666666667,9,21.9241,22.27
2020-01-30,15,16,7,705.2833333333333,dMShOA,8,548.8166666666666,5,59.5,22.51
2020-01-30,15,16,7,705.2833333333333,dMShOA,9,532.6666666666666,10,37.76,22.21
2021-12-20,15,16,7,620.3166666666667,GA,0,494.9166666666666,5,6.8967,22.43
2021-12-20,15,16,7,620.3166666666667,GA,1,495.3,6,8.6972,22.42
2021-12-20,15,16,7,620.3166666666667,GA,2,498.3,6,11.9083,22.38
2021-12-20,15,16,7,620.3166666666667,GA,3,450.8833333333333,8,15.3708,22.41
2021-12-20,15,16,7,620.3166666666667,GA,4,638.0166666666668,1,8.4667,22.21
2021-12-20,15,16,7,620.3166666666667,GA,5,522.3000000000001,5,10.0633,22.32
2021-12-20,15,16,7,620.3166666666667,GA,6,471.06666666666666,6,17.1222,22.29
2021-12-20,15,16,7,620.3166666666667,GA,7,504.9166666666667,7,24.069,22.48
2021-12-20,15,16,7,620.3166666666667,GA,8,435.56666666666666,6,17.2806,22.24
2021-12-20,15,16,7,620.3166666666667,GA,9,491.31666666666666,7,14.0905,22.31
2021-12-20,15,16,7,620.3166666666667,dPSO,0,414.1166666666667,7,22.2929,23.44
2021-12-20,15,16,7,620.3166666666667,dPSO,1,466.53333333333336,5,28.62,23.61
2021-12-20,15,16,7,620.3166666666667,dPSO,2,441.3,7,23.3476,23.53
2021-12-20,15,16,7,620.3166666666667,dPSO,3,480.06666666666666,8,25.0375,23.55
2021-12-20,15,16,7,620.3166666666667,dPSO,4,424.1833333333333,15,35.3211,23.43
2021-12-20,15,16,7,620.3166666666667,dPSO,5,434.3,9,41.9389,23.63
2021-12-20,15,16,7,620.3166666666667,dPSO,6,525.5,8,12.2437,23.61
2021-12-20,15,16,7,620.3166666666667,dPSO,7,512.0833333333334,8,12.6417,23.71
2021-12-20,15,16,7,620.3166666666667,dPSO,8,539.3333333333334,7,27.7405,23.65
2021-12-20,15,16,7,620.3166666666667,dPSO,9,444.26666666666665,11,22.6864,23.83
2021-12-20,15,16,7,620.3166666666667,SBOA,0,467.95,11,30.0121,23.31
2021-12-20,15,16,7,620.3166666666667,SBOA,1,509.2666666666667,5,9.4933,24.19
2021-12-20,15,16,7,620.3166666666667,SBOA,2,491.6166666666666,1,12.7833,23.46
2021-12-20,15,16,7,620.3166666666667,SBOA,3,419.85,5,7.7267,27.52
2021-12-20,15,16,7,620.3166666666667,SBOA,4,574.6166666666667,4,9.9667,24.19
2021-12-20,15,16,7,620.3166666666667,SBOA,5,506.1,2,5.325,25.38
2021-12-20,15,16,7,620.3166666666667,SBOA,6,419.8666666666667,4,4.65,26.5
2021-12-20,15,16,7,620.3166666666667,SBOA,7,506.85,3,6.9556,29.17
2021-12-20,15,16,7,620.3166666666667,SBOA,8,510.11666666666673,1,0.95,29.61
2021-12-20,15,16,7,620.3166666666667,SBOA,9,476.3833333333333,4,6.7583,28.24
2021-12-20,15,16,7,620.3166666666667,dMShOA,0,491.3,10,37.5533,22.21
2021-12-20,15,16,7,620.3166666666667,dMShOA,1,476.3833333333334,7,60.9095,22.28
2021-12-20,15,16,7,620.3166666666667,dMShOA,2,569.8166666666667,5,31.8,22.18
2021-12-20,15,16,7,620.3166666666667,dMShOA,3,537.4166666666666,9,38.8889,22.19
2021-12-20,15,16,7,620.3166666666667,dMShOA,4,448.65,8,31.2042,22.01
2021-12-20,15,16,7,620.3166666666667,dMShOA,5,620.7666666666668,4,10.6875,22.18
2021-12-20,15,16,7,620.3166666666667,dMShOA,6,516.35,10,31.39,22.24
2021-12-20,15,16,7,620.3166666666667,dMShOA,7,433.6,11,37.5545,22.36
2021-12-20,15,16,7,620.3166666666667,dMShOA,8,463.7333333333334,10,40.1533,22.19
2021-12-20,15,16,7,620.3166666666667,dMShOA,9,470.0833333333333,11,48.2606,22.47
2020-11-16,15,15,7,531.0333333333333,GA,0,528.1499999999999,6,15.0972,21.15
2020-11-16,15,15,7,531.0333333333333,GA,1,644.15,0,0.0,21.09
2020-11-16,15,15,7,531.0333333333333,GA,2,652.1666666666666,1,8.5667,20.96
2020-11-16,15,15,7,531.0333333333333,GA,3,624.1666666666666,1,38.8,21.08
2020-11-16,15,15,7,531.0333333333333,GA,4,644.1,3,19.0111,20.94
2020-11-16,15,15,7,531.0333333333333,GA,5,525.1333333333333,3,25.0944,21.03
2020-11-16,15,15,7,531.0333333333333,GA,6,533.2333333333333,1,10.9,21.03
2020-11-16,15,15,7,531.0333333333333,GA,7,604.15,3,27.7,21.07
2020-11-16,15,15,7,531.0333333333333,GA,8,546.1500000000001,6,12.6056,20.88
2020-11-16,15,15,7,531.0333333333333,GA,9,545.9333333333333,5,22.61,21.01
2020-11-16,15,15,7,531.0333333333333,dPSO,0,545.9333333333333,5,31.1033,22.36
2020-11-16,15,15,7,531.0333333333333,dPSO,1,489.6833333333333,9,28.9204,22.37
2020-11-16,15,15,7,531.0333333333333,dPSO,2,472.03333333333336,12,33.6917,22.5
2020-11-16,15,15,7,531.0333333333333,dPSO,3,493.1666666666666,10,30.5433,22.33
2020-11-16,15,15,7,531.0333333333333,dPSO,4,634.3000000000001,2,19.25,22.36
2020-11-16,15,15,7,531.0333333333333,dPSO,5,524.5333333333333,3,39.9111,22.59
2020-11-16,15,15,7,531.0333333333333,dPSO,6,493.1,5,48.4033,22.26
2020-11-16,15,15,7,531.0333333333333,dPSO,7,717.1666666666667,2,5.8666,22.16
2020-11-16,15,15,7,531.0333333333333,dPSO,8,497.2166666666667,7,21.3762,22.3
2020-11-16,15,15,7,531.0333333333333,dPSO,9,762.35,1,10.5,22.48
2020-11-16,15,15,7,531.0333333333333,SBOA,0,620.15,3,3.4556,27.45
2020-11-16,15,15,7,531.0333333333333,SBOA,1,492.5666666666667,2,16.95,24.88
2020-11-16,15,15,7,531.0333333333333,SBOA,2,622.15,4,9.9083,22.19
2020-11-16,15,15,7,531.0333333333333,SBOA,3,561.7166666666667,0,0.0,25.58
2020-11-16,15,15,7,531.0333333333333,SBOA,4,550.8,4,29.8375,22.28
2020-11-16,15,15,7,531.0333333333333,SBOA,5,580.8,0,0.0,26.98
2020-11-16,15,15,7,531.0333333333333,SBOA,6,659.6333333333333,0,0.0,26.03
2020-11-16,15,15,7,531.0333333333333,SBOA,7,561.7166666666667,2,21.9083,22.41
2020-11-16,15,15,7,531.0333333333333,SBOA,8,557.7,4,15.9542,23.36
2020-11-16,15,15,7,531.0333333333333,SBOA,9,630.55,1,0.9833,23.22
2020-11-16,15,15,7,531.0333333333333,dMShOA,0,604.15,6,26.0695,21.03
2020-11-16,15,15,7,531.0333333333333,dMShOA,1,561.7166666666667,11,31.3515,21.01
2020-11-16,15,15,7,531.0333333333333,dMShOA,2,590.9166666666667,4,28.7792,20.97
2020-11-16,15,15,7,531.0333333333333,dMShOA,3,611.7166666666667,5,25.0133,21.07
2020-11-16,15,15,7,531.0333333333333,dMShOA,4,605.5,4,33.6958,21.12
2020-11-16,15,15,7,531.0333333333333,dMShOA,5,659.1666666666667,7,31.1452,20.88
2020-11-16,15,15,7,531.0333333333333,dMShOA,6,503.31666666666666,4,40.525,21.24
2020-11-16,15,15,7,531.0333333333333,dMShOA,7,501.2333333333333,4,30.25,20.85
2020-11-16,15,15,7,531.0333333333333,dMShOA,8,594.4333333333333,7,20.1786,20.95
2020-11-16,15,15,7,531.0333333333333,dMShOA,9,449.5166666666667,12,41.8347,21.08
2022-04-22,15,16,7,518.3333333333334,GA,0,405.08333333333337,5,14.51,22.23
2022-04-22,15,16,7,518.3333333333334,GA,1,411.26666666666665,8,19.275,22.25
2022-04-22,15,16,7,518.3333333333334,GA,2,389.4666666666666,10,25.2616,22.4
2022-04-22,15,16,7,518.3333333333334,GA,3,530.2,3,23.0722,22.26
2022-04-22,15,16,7,518.3333333333334,GA,4,485.2,3,9.5055,22.39
2022-04-22,15,16,7,518.3333333333334,GA,5,389.5333333333333,7,25.5524,22.33
2022-04-22,15,16,7,518.3333333333334,GA,6,481.2,10,19.3567,22.47
2022-04-22,15,16,7,518.3333333333334,GA,7,471.51666666666665,3,9.0167,22.33
2022-04-22,15,16,7,518.3333333333334,GA,8,404.56666666666666,11,28.6697,22.38
2022-04-22,15,16,7,518.3333333333334,GA,9,408.5833333333333,7,30.4619,22.34
2022-04-22,15,16,7,518.3333333333334,dPSO,0,411.9833333333333,8,25.9438,23.71
2022-04-22,15,16,7,518.3333333333334,dPSO,1,442.7,11,30.5136,23.61
2022-04-22,15,16,7,518.3333333333334,dPSO,2,451.01666666666665,10,21.7067,23.78
2022-04-22,15,16,7,518.3333333333334,dPSO,3,366.0833333333333,10,48.7633,23.61
2022-04-22,15,16,7,518.3333333333334,dPSO,4,419.9833333333333,7,27.1381,23.85
2022-04-22,15,16,7,518.3333333333334,dPSO,5,414.6666666666666,13,46.6064,23.43
2022-04-22,15,16,7,518.3333333333334,dPSO,6,523.2666666666667,7,34.6714,23.49
2022-04-22,15,16,7,518.3333333333334,dPSO,7,400.9666666666666,11,40.4455,23.59
2022-04-22,15,16,7,518.3333333333334,dPSO,8,393.9,11,42.2151,23.56
2022-04-22,15,16,7,518.3333333333334,dPSO,9,418.81666666666666,9,21.6463,23.84
2022-04-22,15,16,7,518.3333333333334,SBOA,0,535.45,4,3.1583,28.12
2022-04-22,15,16,7,518.3333333333334,SBOA,1,436.5833333333333,3,8.4333,29.45
2022-04-22,15,16,7,518.3333333333334,SBOA,2,479.15,2,7.5,27.98
2022-04-22,15,16,7,518.3333333333334,SBOA,3,523.2333333333333,1,3.6,27.99
2022-04-22,15,16,7,518.3333333333334,SBOA,4,516.45,2,9.4083,28.14
2022-04-22,15,16,7,518.3333333333334,SBOA,5,451.9833333333333,2,3.5083,26.07
2022-04-22,15,16,7,518.3333333333334,SBOA,6,480.51666666666665,5,24.49,24.8
2022-04-22,15,16,7,518.3333333333334,SBOA,7,438.9,2,6.85,29.76
2022-04-22,15,16,7,518.3333333333334,SBOA,8,460.7833333333333,7,44.4452,24.37
2022-04-22,15,16,7,518.3333333333334,SBOA,9,481.26666666666665,0,0.0,25.44
2022-04-22,15,16,7,518.3333333333334,dMShOA,0,512.0500000000001,12,34.9944,22.4
2022-04-22,15,16,7,518.3333333333334,dMShOA,1,491.26666666666665,8,29.0375,22.38
2022-04-22,15,16,7,518.3333333333334,dMShOA,2,538.8333333333334,5,55.9,22.16
2022-04-22,15,16,7,518.3333333333334,dMShOA,3,456.0833333333333,11,31.9439,22.42
2022-04-22,15,16,7,518.3333333333334,dMShOA,4,442.1,11,47.5742,22.47
2022-04-22,15,16,7,518.3333333333334,dMShOA,5,487.5,10,37.2633,22.05
2022-04-22,15,16,7,518.3333333333334,dMShOA,6,581.5166666666667,6,22.2917,22.09
2022-04-22,15,16,7,518.3333333333334,dMShOA,7,488.7833333333333,9,39.1074,22.23
2022-04-22,15,16,7,518.3333333333334,dMShOA,8,448.1,9,31.15,22.25
2022-04-22,15,16,7,518.3333333333334,dMShOA,9,488.9833333333333,9,45.4,22.5
2021-09-27,15,16,7,594.8,GA,0,683.5833333333334,4,7.9417,22.28
2021-09-27,15,16,7,594.8,GA,1,633.5333333333334,7,24.7809,22.38
2021-09-27,15,16,7,594.8,GA,2,566.3166666666667,5,23.89,22.35
2021-09-27,15,16,7,594.8,GA,3,551.3166666666667,9,27.9315,22.38
2021-09-27,15,16,7,594.8,GA,4,612.9,6,23.425,22.41
2021-09-27,15,16,7,594.8,GA,5,514.3000000000001,10,36.6817,22.36
2021-09-27,15,16,7,594.8,GA,6,679.0666666666667,8,19.2229,22.26
2021-09-27,15,16,7,594.8,GA,7,473.8333333333333,13,39.691,22.46
2021-09-27,15,16,7,594.8,GA,8,607.3000000000001,4,18.6917,22.37
2021-09-27,15,16,7,594.8,GA,9,499.6333333333333,8,33.7604,22.16
2021-09-27,15,16,7,594.8,dPSO,0,536.0500000000001,8,31.9708,23.73
2021-09-27,15,16,7,594.8,dPSO,1,559.3333333333334,12,41.7972,23.51
2021-09-27,15,16,7,594.8,dPSO,2,519.6166666666667,14,49.2917,23.6
2021-09-27,15,16,7,594.8,dPSO,3,621.4666666666667,6,29.5833,23.48
2021-09-27,15,16,7,594.8,dPSO,4,573.1166666666667,9,38.513,23.55
2021-09-27,15,16,7,594.8,dPSO,5,495.8333333333333,10,54.2467,23.61
2021-09-27,15,16,7,594.8,dPSO,6,586.5166666666668,14,42.1833,23.5
2021-09-27,15,16,7,594.8,dPSO,7,594.9833333333333,10,27.7617,23.6
2021-09-27,15,16,7,594.8,dPSO,8,557.6833333333334,9,23.5778,23.74
2021-09-27,15,16,7,594.8,dPSO,9,492.35,14,36.4655,23.74
2021-09-27,15,16,7,594.8,SBOA,0,552.9333333333334,6,27.1556,24.35
2021-09-27,15,16,7,594.8,SBOA,1,587.3000000000001,3,3.8,28.04
2021-09-27,15,16,7,594.8,SBOA,2,538.8166666666667,7,27.1333,28.0
2021-09-27,15,16,7,594.8,SBOA,3,552.5333333333333,1,6.3833,29.52
2021-09-27,15,16,7,594.8,SBOA,4,532.5500000000001,8,27.4938,26.36
2021-09-27,15,16,7,594.8,SBOA,5,485.6,8,10.4167,28.06
2021-09-27,15,16,7,594.8,SBOA,6,597.8666666666667,3,8.7667,25.05
2021-09-27,15,16,7,594.8,SBOA,7,701.7333333333333,2,12.425,24.85
2021-09-27,15,16,7,594.8,SBOA,8,599.1666666666666,4,17.2792,28.58
2021-09-27,15,16,7,594.8,SBOA,9,589.7833333333334,2,14.75,26.62
2021-09-27,15,16,7,594.8,dMShOA,0,622.3000000000001,10,48.8517,22.4
2021-09-27,15,16,7,594.8,dMShOA,1,574.6,9,53.9092,22.08
2021-09-27,15,16,7,594.8,dMShOA,2,551.5833333333334,10,53.465,22.26
2021-09-27,15,16,7,594.8,dMShOA,3,573.3000000000001,10,59.9517,22.16
2021-09-27,15,16,7,594.8,dMShOA,4,565.9833333333333,11,55.0121,22.25
2021-09-27,15,16,7,594.8,dMShOA,5,521.1,9,51.1185,22.23
2021-09-27,15,16,7,594.8,dMShOA,6,581.8833333333333,12,55.6236,22.16
2021-09-27,15,16,7,594.8,dMShOA,7,620.4666666666667,8,46.8563,22.31
2021-09-27,15,16,7,594.8,dMShOA,8,652.1333333333333,11,34.9303,22.36
2021-09-27,15,16,7,594.8,dMShOA,9,585.8333333333334,11,35.8348,22.28
2021-07-26,15,16,7,568.2333333333333,GA,0,536.6,3,15.0056,22.31
2021-07-26,15,16,7,568.2333333333333,GA,1,538.9666666666667,4,22.0083,22.19
2021-07-26,15,16,7,568.2333333333333,GA,2,570.4666666666667,9,24.6741,22.37
2021-07-26,15,16,7,568.2333333333333,GA,3,549.1833333333333,5,10.5133,22.25
2021-07-26,15,16,7,568.2333333333333,GA,4,518.9333333333333,9,24.8463,22.46
2021-07-26,15,16,7,568.2333333333333,GA,5,538.9666666666667,6,8.5139,22.29
2021-07-26,15,16,7,568.2333333333333,GA,6,595.1666666666667,3,10.0,22.26
2021-07-26,15,16,7,568.2333333333333,GA,7,516.3666666666667,6,13.2861,22.29
2021-07-26,15,16,7,568.2333333333333,GA,8,574.4333333333333,3,37.0167,22.29
2021-07-26,15,16,7,568.2333333333333,GA,9,527.3666666666667,6,20.9306,22.21
2021-07-26,15,16,7,568.2333333333333,dPSO,0,639.3666666666667,7,29.2429,23.81
2021-07-26,15,16,7,568.2333333333333,dPSO,1,569.3666666666667,11,47.3515,23.7
2021-07-26,15,16,7,568.2333333333333,dPSO,2,708.5,11,43.6742,23.74
2021-07-26,15,16,7,568.2333333333333,dPSO,3,522.9,12,35.6778,23.75
2021-07-26,15,16,7,568.2333333333333,dPSO,4,644.5500000000001,15,54.5244,23.56
2021-07-26,15,16,7,568.2333333333333,dPSO,5,555.8333333333334,8,26.1354,23.76
2021-07-26,15,16,7,568.2333333333333,dPSO,6,540.3666666666667,8,32.7271,23.52
2021-07-26,15,16,7,568.2333333333333,dPSO,7,639.3666666666667,5,22.8567,23.72
2021-07-26,15,16,7,568.2333333333333,dPSO,8,555.8333333333334,14,37.525,23.65
2021-07-26,15,16,7,568.2333333333333,dPSO,9,566.3666666666667,6,9.775,23.37
2021-07-26,15,16,7,568.2333333333333,SBOA,0,561.8166666666667,2,11.6,27.93
2021-07-26,15,16,7,568.2333333333333,SBOA,1,543.0833333333333,3,6.15,27.95
2021-07-26,15,16,7,568.2333333333333,SBOA,2,632.65,2,6.95,23.9
2021-07-26,15,16,7,568.2333333333333,SBOA,3,603.3666666666667,0,0.0,29.8
2021-07-26,15,16,7,568.2333333333333,SBOA,4,620.6,0,0.0,28.38
2021-07-26,15,16,7,568.2333333333333,SBOA,5,553.9833333333333,1,35.0,29.83
2021-07-26,15,16,7,568.2333333333333,SBOA,6,516.3666666666667,0,0.0,28.47
2021-07-26,15,16,7,568.2333333333333,SBOA,7,521.6333333333333,5,16.7133,27.79
2021-07-26,15,16,7,568.2333333333333,SBOA,8,639.3666666666667,3,4.4444,27.43
2021-07-26,15,16,7,568.2333333333333,SBOA,9,516.3666666666667,1,14.0,27.11
2021-07-26,15,16,7,568.2333333333333,dMShOA,0,613.6833333333334,7,39.4976,22.45
2021-07-26,15,16,7,568.2333333333333,dMShOA,1,613.8333333333334,8,36.0563,22.21
2021-07-26,15,16,7,568.2333333333333,dMShOA,2,521.1333333333333,8,54.9854,22.2
2021-07-26,15,16,7,568.2333333333333,dMShOA,3,544.7833333333333,7,41.7167,22.32
2021-07-26,15,16,7,568.2333333333333,dMShOA,4,535.4166666666666,10,47.6917,22.36
2021-07-26,15,16,7,568.2333333333333,dMShOA,5,610.4666666666667,12,25.7917,22.37
2021-07-26,15,16,7,568.2333333333333,dMShOA,6,617.4333333333333,8,38.6146,22.14
2021-07-26,15,16,7,568.2333333333333,dMShOA,7,690.2666666666667,8,33.7542,22.34
2021-07-26,15,16,7,568.2333333333333,dMShOA,8,656.1333333333333,10,31.6983,22.04
2021-07-26,15,16,7,568.2333333333333,dMShOA,9,607.35,10,37.3183,22.2
2021-08-06,15,14,7,429.8666666666667,GA,0,431.0833333333333,3,2.9555,19.72
2021-08-06,15,14,7,429.8666666666667,GA,1,409.65,2,4.875,19.71
2021-08-06,15,14,7,429.8666666666667,GA,2,421.3333333333333,4,25.0667,19.76
2021-08-06,15,14,7,429.8666666666667,GA,3,409.65,6,15.9056,19.72
2021-08-06,15,14,7,429.8666666666667,GA,4,409.65,1,5.5333,19.76
2021-08-06,15,14,7,429.8666666666667,GA,5,417.65,2,4.05,19.73
2021-08-06,15,14,7,429.8666666666667,GA,6,425.1166666666666,6,8.8306,19.8
2021-08-06,15,14,7,429.8666666666667,GA,7,458.9666666666666,4,6.5458,19.78
2021-08-06,15,14,7,429.8666666666667,GA,8,440.3666666666667,3,18.15,19.64
2021-08-06,15,14,7,429.8666666666667,GA,9,409.65,2,4.6667,19.65
2021-08-06,15,14,7,429.8666666666667,dPSO,0,409.65,3,2.6667,20.89
2021-08-06,15,14,7,429.8666666666667,dPSO,1,409.65,3,7.0778,21.12
2021-08-06,15,14,7,429.8666666666667,dPSO,2,474.01666666666665,3,2.7778,21.1
2021-08-06,15,14,7,429.8666666666667,dPSO,3,447.35,4,27.5042,20.91
2021-08-06,15,14,7,429.8666666666667,dPSO,4,409.65,7,16.6643,21.03
2021-08-06,15,14,7,429.8666666666667,dPSO,5,432.8,11,14.9015,20.99
2021-08-06,15,14,7,429.8666666666667,dPSO,6,455.8,10,30.505,21.01
2021-08-06,15,14,7,429.8666666666667,dPSO,7,409.65,6,28.9806,21.24
2021-08-06,15,14,7,429.8666666666667,dPSO,8,459.1666666666666,7,19.5071,20.91
2021-08-06,15,14,7,429.8666666666667,dPSO,9,439.3833333333333,5,16.35,20.98
2021-08-06,15,14,7,429.8666666666667,SBOA,0,417.65,4,12.1667,24.29
2021-08-06,15,14,7,429.8666666666667,SBOA,1,476.81666666666666,5,22.9967,21.65
2021-08-06,15,14,7,429.8666666666667,SBOA,2,409.65,3,11.4944,23.17
2021-08-06,15,14,7,429.8666666666667,SBOA,3,409.65,0,0.0,25.46
2021-08-06,15,14,7,429.8666666666667,SBOA,4,416.5833333333333,4,9.5125,25.82
2021-08-06,15,14,7,429.8666666666667,SBOA,5,447.35,0,0.0,22.73
2021-08-06,15,14,7,429.8666666666667,SBOA,6,410.65,8,21.4541,21.18
2021-08-06,15,14,7,429.8666666666667,SBOA,7,409.65,5,19.1267,23.09
2021-08-06,15,14,7,429.8666666666667,SBOA,8,409.65,2,3.5,24.48
2021-08-06,15,14,7,429.8666666666667,SBOA,9,409.65,6,20.0083,24.43
2021-08-06,15,14,7,429.8666666666667,dMShOA,0,456.4666666666666,1,5.8167,19.68
2021-08-06,15,14,7,429.8666666666667,dMShOA,1,566.35,7,13.6309,19.83
2021-08-06,15,14,7,429.8666666666667,dMShOA,2,609.0666666666666,4,7.6666,19.95
2021-08-06,15,14,7,429.8666666666667,dMShOA,3,447.1833333333333,4,19.0291,19.8
2021-08-06,15,14,7,429.8666666666667,dMShOA,4,481.8,6,18.7861,19.79
2021-08-06,15,14,7,429.8666666666667,dMShOA,5,477.81666666666666,6,18.8056,19.86
2021-08-06,15,14,7,429.8666666666667,dMShOA,6,431.0833333333333,7,23.8786,19.74
2021-08-06,15,14,7,429.8666666666667,dMShOA,7,469.65,2,45.6833,19.99
2021-08-06,15,14,7,429.8666666666667,dMShOA,8,480.35,4,20.7667,19.99
2021-08-06,15,14,7,429.8666666666667,dMShOA,9,494.6,10,18.52,19.7
2020-03-18,20,21,7,550.6833333333333,GA,0,425.4166666666666,12,38.8556,29.04
2020-03-18,20,21,7,550.6833333333333,GA,1,480.1833333333333,5,35.1667,28.89
2020-03-18,20,21,7,550.6833333333333,GA,2,506.85,9,36.8555,29.0
2020-03-18,20,21,7,550.6833333333333,GA,3,403.8666666666667,12,24.7153,28.78
2020-03-18,20,21,7,550.6833333333333,GA,4,558.7666666666665,5,14.8,28.99
2020-03-18,20,21,7,550.6833333333333,GA,5,383.56666666666666,12,41.2847,28.99
2020-03-18,20,21,7,550.6833333333333,GA,6,572.7833333333334,9,23.813,29.02
2020-03-18,20,21,7,550.6833333333333,GA,7,527.2333333333333,10,27.7183,28.88
2020-03-18,20,21,7,550.6833333333333,GA,8,469.6333333333333,11,25.9242,28.93
2020-03-18,20,21,7,550.6833333333333,GA,9,414.7166666666666,10,24.8283,29.04
2020-03-18,20,21,7,550.6833333333333,dPSO,0,378.4666666666666,17,42.2157,29.74
2020-03-18,20,21,7,550.6833333333333,dPSO,1,426.73333333333335,14,35.2357,29.96
2020-03-18,20,21,7,550.6833333333333,dPSO,2,464.1,14,38.3381,29.92
2020-03-18,20,21,7,550.6833333333333,dPSO,3,425.4833333333333,17,33.3598,30.22
2020-03-18,20,21,7,550.6833333333333,dPSO,4,434.3,14,42.6024,29.78
2020-03-18,20,21,7,550.6833333333333,dPSO,5,387.1,20,75.2167,29.98
2020-03-18,20,21,7,550.6833333333333,dPSO,6,394.1166666666667,14,45.7524,29.82
2020-03-18,20,21,7,550.6833333333333,dPSO,7,411.8,14,39.6012,29.89
2020-03-18,20,21,7,550.6833333333333,dPSO,8,495.1,11,45.9515,29.79
2020-03-18,20,21,7,550.6833333333333,dPSO,9,460.9166666666667,9,28.0537,30.17
2020-03-18,20,21,7,550.6833333333333,SBOA,0,407.53333333333336,2,9.6334,38.95
2020-03-18,20,21,7,550.6833333333333,SBOA,1,458.01666666666665,1,4.3833,34.76
2020-03-18,20,21,7,550.6833333333333,SBOA,2,363.1166666666667,14,26.4488,36.88
2020-03-18,20,21,7,550.6833333333333,SBOA,3,384.65,5,10.8567,39.42
2020-03-18,20,21,7,550.6833333333333,SBOA,4,426.6333333333334,9,13.3111,39.0
2020-03-18,20,21,7,550.6833333333333,SBOA,5,544.1999999999999,5,3.73,38.27
2020-03-18,20,21,7,550.6833333333333,SBOA,6,556.4833333333333,1,3.8833,37.17
2020-03-18,20,21,7,550.6833333333333,SBOA,7,438.53333333333336,4,16.2208,35.78
2020-03-18,20,21,7,550.6833333333333,SBOA,8,423.8999999999999,6,11.2111,36.22
2020-03-18,20,21,7,550.6833333333333,SBOA,9,420.55,15,45.1744,31.79
2020-03-18,20,21,7,550.6833333333333,dMShOA,0,453.3333333333333,17,51.0971,28.13
2020-03-18,20,21,7,550.6833333333333,dMShOA,1,403.11666666666673,12,62.1194,28.2
2020-03-18,20,21,7,550.6833333333333,dMShOA,2,600.3166666666667,11,49.8288,28.25
2020-03-18,20,21,7,550.6833333333333,dMShOA,3,476.2833333333333,16,56.4792,28.47
2020-03-18,20,21,7,550.6833333333333,dMShOA,4,501.33333333333337,14,41.3952,28.28
2020-03-18,20,21,7,550.6833333333333,dMShOA,5,408.06666666666666,15,62.9511,28.21
2020-03-18,20,21,7,550.6833333333333,dMShOA,6,550.3833333333333,11,40.6106,28.17
2020-03-18,20,21,7,550.6833333333333,dMShOA,7,438.5666666666667,11,40.3333,28.09
2020-03-18,20,21,7,550.6833333333333,dMShOA,8,463.3666666666667,15,43.6567,28.1
2020-03-18,20,21,7,550.6833333333333,dMShOA,9,542.2333333333333,12,37.9264,28.45
2020-12-14,20,21,7,543.45,GA,0,428.1833333333333,11,37.9151,28.86
2020-12-14,20,21,7,543.45,GA,1,450.55,9,36.6593,29.08
2020-12-14,20,21,7,543.45,GA,2,474.1333333333333,10,30.925,28.95
2020-12-14,20,21,7,543.45,GA,3,477.25,10,34.6383,28.95
2020-12-14,20,21,7,543.45,GA,4,512.8833333333333,14,29.3845,29.14
2020-12-14,20,21,7,543.45,GA,5,459.83333333333337,16,36.4364,29.13
2020-12-14,20,21,7,543.45,GA,6,460.31666666666666,12,33.4264,28.87
2020-12-14,20,21,7,543.45,GA,7,483.15,12,27.7028,28.97
2020-12-14,20,21,7,543.45,GA,8,639.2833333333334,10,26.1883,28.92
2020-12-14,20,21,7,543.45,GA,9,544.75,9,26.2333,28.96
2020-12-14,20,21,7,543.45,dPSO,0,472.3833333333334,18,91.1491,30.18
2020-12-14,20,21,7,543.45,dPSO,1,522.8666666666667,10,51.805,29.85
2020-12-14,20,21,7,543.45,dPSO,2,468.4500000000001,9,25.0722,29.77
2020-12-14,20,21,7,543.45,dPSO,3,527.9499999999999,14,51.3548,29.94
2020-12-14,20,21,7,543.45,dPSO,4,404.15,20,79.0225,29.96
2020-12-14,20,21,7,543.45,dPSO,5,443.28333333333336,17,81.5343,29.99
2020-12-14,20,21,7,543.45,dPSO,6,523.6666666666667,10,57.7,29.94
2020-12-14,20,21,7,543.45,dPSO,7,540.45,11,35.7121,29.78
2020-12-14,20,21,7,543.45,dPSO,8,448.3833333333333,15,38.5811,30.07
2020-12-14,20,21,7,543.45,dPSO,9,513.15,14,60.7583,29.72
2020-12-14,20,21,7,543.45,SBOA,0,488.3833333333334,3,10.4611,36.55
2020-12-14,20,21,7,543.45,SBOA,1,464.9,8,21.8729,30.05
2020-12-14,20,21,7,543.45,SBOA,2,599.3666666666667,5,9.4233,33.06
2020-12-14,20,21,7,543.45,SBOA,3,566.1166666666667,4,20.2,31.83
2020-12-14,20,21,7,543.45,SBOA,4,551.5666666666667,8,19.7792,34.47
2020-12-14,20,21,7,543.45,SBOA,5,509.01666666666665,6,11.0111,35.77
2020-12-14,20,21,7,543.45,SBOA,6,613.3333333333333,1,2.5667,39.85
2020-12-14,20,21,7,543.45,SBOA,7,604.3833333333332,5,21.76,35.5
2020-12-14,20,21,7,543.45,SBOA,8,531.9166666666667,4,27.6458,37.01
2020-12-14,20,21,7,543.45,SBOA,9,569.35,6,16.8889,36.63
2020-12-14,20,21,7,543.45,dMShOA,0,466.6166666666667,16,66.8792,28.57
2020-12-14,20,21,7,543.45,dMShOA,1,638.1333333333333,16,50.4594,28.23
2020-12-14,20,21,7,543.45,dMShOA,2,495.9666666666666,18,58.8296,28.09
2020-12-14,20,21,7,543.45,dMShOA,3,432.83333333333337,18,68.5185,28.23
2020-12-14,20,21,7,543.45,dMShOA,4,613.0,15,48.1433,28.24
2020-12-14,20,21,7,543.45,dMShOA,5,598.35,14,65.8524,28.31
2020-12-14,20,21,7,543.45,dMShOA,6,407.25,17,60.9598,28.28
2020-12-14,20,21,7,543.45,dMShOA,7,568.9833333333333,15,51.4278,28.13
2020-12-14,20,21,7,543.45,dMShOA,8,589.7333333333333,14,58.5702,27.97
2020-12-14,20,21,7,543.45,dMShOA,9,400.4,18,73.3546,28.36
2022-09-20,20,19,7,541.65,GA,0,420.2166666666667,15,31.7156,26.41
2022-09-20,20,19,7,541.65,GA,1,430.1833333333333,11,36.9818,26.47
2022-09-20,20,19,7,541.65,GA,2,491.05000000000007,12,30.2417,26.67
2022-09-20,20,19,7,541.65,GA,3,526.8333333333333,7,17.9714,26.4
2022-09-20,20,19,7,541.65,GA,4,436.9666666666667,8,37.3125,26.42
2022-09-20,20,19,7,541.65,GA,5,525.4666666666666,5,25.75,26.3
2022-09-20,20,19,7,541.65,GA,6,514.7333333333333,11,23.3985,26.45
2022-09-20,20,19,7,541.65,GA,7,527.6666666666667,10,33.9833,26.42
2022-09-20,20,19,7,541.65,GA,8,441.30000000000007,11,43.697,26.34
2022-09-20,20,19,7,541.65,GA,9,465.4333333333333,8,34.4979,26.33
2022-09-20,20,19,7,541.65,dPSO,0,429.9333333333333,14,48.6917,27.58
2022-09-20,20,19,7,541.65,dPSO,1,432.9833333333333,14,46.3393,27.51
2022-09-20,20,19,7,541.65,dPSO,2,502.8333333333333,9,34.3241,27.4
2022-09-20,20,19,7,541.65,dPSO,3,466.8333333333333,18,43.1333,27.51
2022-09-20,20,19,7,541.65,dPSO,4,483.9833333333333,16,45.1729,27.52
2022-09-20,20,19,7,541.65,dPSO,5,437.0,15,46.6611,27.3
2022-09-20,20,19,7,541.65,dPSO,6,476.9833333333333,8,23.4688,27.62
2022-09-20,20,19,7,541.65,dPSO,7,447.51666666666665,11,37.3303,27.36
2022-09-20,20,19,7,541.65,dPSO,8,514.9833333333333,13,31.9436,27.38
2022-09-20,20,19,7,541.65,dPSO,9,420.61666666666673,18,60.7611,27.8
2022-09-20,20,19,7,541.65,SBOA,0,492.6833333333333,2,2.2584,33.45
2022-09-20,20,19,7,541.65,SBOA,1,426.23333333333335,5,14.3933,34.47
2022-09-20,20,19,7,541.65,SBOA,2,419.9,8,14.5292,36.33
2022-09-20,20,19,7,541.65,SBOA,3,571.6,4,25.5167,30.5
2022-09-20,20,19,7,541.65,SBOA,4,481.6666666666666,2,5.0916,31.29
2022-09-20,20,19,7,541.65,SBOA,5,493.6833333333333,7,15.2833,36.43
2022-09-20,20,19,7,541.65,SBOA,6,526.1999999999999,7,27.8619,28.52
2022-09-20,20,19,7,541.65,SBOA,7,526.65,3,7.8222,32.16
2022-09-20,20,19,7,541.65,SBOA,8,622.0166666666667,0,0.0,32.88
2022-09-20,20,19,7,541.65,SBOA,9,552.9833333333332,0,0.0,31.99
2022-09-20,20,19,7,541.65,dMShOA,0,511.95,15,44.8811,25.97
2022-09-20,20,19,7,541.65,dMShOA,1,455.3333333333333,18,68.2426,26.0
2022-09-20,20,19,7,541.65,dMShOA,2,481.9166666666667,11,63.5697,25.93
2022-09-20,20,19,7,541.65,dMShOA,3,440.1,13,45.4051,25.93
2022-09-20,20,19,7,541.65,dMShOA,4,559.55,14,41.9059,25.66
2022-09-20,20,19,7,541.65,dMShOA,5,471.75,15,52.4044,25.87
2022-09-20,20,19,7,541.65,dMShOA,6,589.7166666666666,16,49.4146,26.08
2022-09-20,20,19,7,541.65,dMShOA,7,506.03333333333336,13,62.3679,25.84
2022-09-20,20,19,7,541.65,dMShOA,8,535.6333333333333,16,50.3104,25.94
2022-09-20,20,19,7,541.65,dMShOA,9,458.81666666666666,13,73.8936,26.14
2021-10-07,20,20,7,492.56666666666666,GA,0,493.6833333333333,8,23.35,27.87
2021-10-07,20,20,7,492.56666666666666,GA,1,410.2,12,28.1778,27.68
2021-10-07,20,20,7,492.56666666666666,GA,2,396.65,11,18.8045,27.83
2021-10-07,20,20,7,492.56666666666666,GA,3,466.35,7,30.2881,27.75
2021-10-07,20,20,7,492.56666666666666,GA,4,421.2,14,28.6667,27.83
2021-10-07,20,20,7,492.56666666666666,GA,5,519.5,9,15.237,27.55
2021-10-07,20,20,7,492.56666666666666,GA,6,409.55,10,26.6083,27.73
2021-10-07,20,20,7,492.56666666666666,GA,7,534.7,9,21.1371,27.9
2021-10-07,20,20,7,492.56666666666666,GA,8,438.56666666666666,6,12.9306,27.7
2021-10-07,20,20,7,492.56666666666666,GA,9,416.1833333333333,10,27.8033,27.67
2021-10-07,20,20,7,492.56666666666666,dPSO,0,504.3,11,33.6136,28.85
2021-10-07,20,20,7,492.56666666666666,dPSO,1,479.56666666666666,8,21.7958,28.6
2021-10-07,20,20,7,492.56666666666666,dPSO,2,381.1833333333333,15,35.4167,28.68
2021-10-07,20,20,7,492.56666666666666,dPSO,3,437.6333333333333,13,27.5321,28.65
2021-10-07,20,20,7,492.56666666666666,dPSO,4,460.56666666666666,12,22.2,28.73
2021-10-07,20,20,7,492.56666666666666,dPSO,5,518.1166666666667,9,21.9074,28.52
2021-10-07,20,20,7,492.56666666666666,dPSO,6,436.48333333333335,9,27.1722,28.6
2021-10-07,20,20,7,492.56666666666666,dPSO,7,538.25,11,20.6818,28.94
2021-10-07,20,20,7,492.56666666666666,dPSO,8,437.2666666666667,13,40.7192,28.95
2021-10-07,20,20,7,492.56666666666666,dPSO,9,400.8333333333333,14,23.5857,28.61
2021-10-07,20,20,7,492.56666666666666,SBOA,0,460.9,4,8.5084,37.74
2021-10-07,20,20,7,492.56666666666666,SBOA,1,414.4666666666667,4,3.6333,34.35
2021-10-07,20,20,7,492.56666666666666,SBOA,2,493.6166666666666,3,6.7889,36.42
2021-10-07,20,20,7,492.56666666666666,SBOA,3,426.9333333333333,4,5.8958,36.04
2021-10-07,20,20,7,492.56666666666666,SBOA,4,425.5833333333333,6,13.9028,38.75
2021-10-07,20,20,7,492.56666666666666,SBOA,5,464.2,9,24.6259,30.61
2021-10-07,20,20,7,492.56666666666666,SBOA,6,433.35,4,4.5583,34.8
2021-10-07,20,20,7,492.56666666666666,SBOA,7,569.3666666666667,4,4.875,36.33
2021-10-07,20,20,7,492.56666666666666,SBOA,8,454.9166666666667,4,4.3583,37.97
2021-10-07,20,20,7,492.56666666666666,SBOA,9,626.35,3,0.9722,32.96
2021-10-07,20,20,7,492.56666666666666,dMShOA,0,493.98333333333335,10,38.95,27.16
2021-10-07,20,20,7,492.56666666666666,dMShOA,1,496.6166666666667,12,47.875,26.98
2021-10-07,20,20,7,492.56666666666666,dMShOA,2,473.2,12,42.618,27.04
2021-10-07,20,20,7,492.56666666666666,dMShOA,3,435.23333333333335,12,31.7208,26.94
2021-10-07,20,20,7,492.56666666666666,dMShOA,4,581.4333333333334,8,33.2042,26.94
2021-10-07,20,20,7,492.56666666666666,dMShOA,5,461.4666666666667,12,46.8514,27.05
2021-10-07,20,20,7,492.56666666666666,dMShOA,6,395.06666666666666,10,61.5833,27.02
2021-10-07,20,20,7,492.56666666666666,dMShOA,7,492.6333333333333,11,47.647,27.25
2021-10-07,20,20,7,492.56666666666666,dMShOA,8,455.2666666666667,13,41.4192,27.28
2021-10-07,20,20,7,492.56666666666666,dMShOA,9,583.6333333333333,10,46.9017,26.89
2021-03-24,20,19,7,516.4,GA,0,427.2833333333333,10,13.8083,26.4
2021-03-24,20,19,7,516.4,GA,1,371.31666666666666,12,34.2306,26.52
2021-03-24,20,19,7,516.4,GA,2,443.0,10,24.92,26.36
2021-03-24,20,19,7,516.4,GA,3,367.25,12,22.4069,26.48
2021-03-24,20,19,7,516.4,GA,4,459.0,6,12.0945,26.4
2021-03-24,20,19,7,516.4,GA,5,434.4333333333333,13,12.5244,26.24
2021-03-24,20,19,7,516.4,GA,6,380.4500000000001,15,27.4078,26.42
2021-03-24,20,19,7,516.4,GA,7,355.9666666666667,11,25.1682,26.36
2021-03-24,20,19,7,516.4,GA,8,429.2833333333333,10,17.025,26.6
2021-03-24,20,19,7,516.4,GA,9,448.4500000000001,6,48.2555,26.41
2021-03-24,20,19,7,516.4,dPSO,0,375.1,13,21.9846,27.74
2021-03-24,20,19,7,516.4,dPSO,1,351.05000000000007,15,36.0333,27.44
2021-03-24,20,19,7,516.4,dPSO,2,427.0,11,24.2424,27.41
2021-03-24,20,19,7,516.4,dPSO,3,497.73333333333335,11,19.3621,27.39
2021-03-24,20,19,7,516.4,dPSO,4,400.51666666666665,13,19.5756,27.23
2021-03-24,20,19,7,516.4,dPSO,5,409.7,7,18.9762,27.46
2021-03-24,20,19,7,516.4,dPSO,6,365.5333333333333,12,19.5542,27.43
2021-03-24,20,19,7,516.4,dPSO,7,374.4333333333334,12,23.7403,27.48
2021-03-24,20,19,7,516.4,dPSO,8,520.8166666666667,8,15.2625,27.45
2021-03-24,20,19,7,516.4,dPSO,9,400.8666666666667,13,37.55,27.45
2021-03-24,20,19,7,516.4,SBOA,0,374.6,10,31.0567,28.47
2021-03-24,20,19,7,516.4,SBOA,1,500.9,1,1.75,34.82
2021-03-24,20,19,7,516.4,SBOA,2,434.9,4,10.4125,33.64
2021-03-24,20,19,7,516.4,SBOA,3,466.4166666666667,7,10.4095,31.46
2021-03-24,20,19,7,516.4,SBOA,4,363.4666666666666,11,12.8924,34.03
2021-03-24,20,19,7,516.4,SBOA,5,465.4666666666667,7,11.0691,32.96
2021-03-24,20,19,7,516.4,SBOA,6,451.2833333333333,4,8.8209,30.57
2021-03-24,20,19,7,516.4,SBOA,7,462.50000000000006,1,2.2667,34.04
2021-03-24,20,19,7,516.4,SBOA,8,440.9,11,48.1788,26.99
2021-03-24,20,19,7,516.4,SBOA,9,371.0333333333333,8,11.1312,33.2
2021-03-24,20,19,7,516.4,dMShOA,0,519.6166666666667,11,28.8121,25.83
2021-03-24,20,19,7,516.4,dMShOA,1,444.06666666666666,14,26.594,26.18
2021-03-24,20,19,7,516.4,dMShOA,2,542.4333333333334,13,42.1038,25.89
2021-03-24,20,19,7,516.4,dMShOA,3,450.05,8,36.2479,25.75
2021-03-24,20,19,7,516.4,dMShOA,4,449.5333333333333,11,28.9939,25.76
2021-03-24,20,19,7,516.4,dMShOA,5,550.3666666666667,13,28.9192,25.95
2021-03-24,20,19,7,516.4,dMShOA,6,501.0833333333333,10,35.6633,25.85
2021-03-24,20,19,7,516.4,dMShOA,7,420.9,13,30.2064,25.9
2021-03-24,20,19,7,516.4,dMShOA,8,445.0666666666666,13,38.5936,25.97
2021-03-24,20,19,7,516.4,dMShOA,9,391.75,11,46.2273,25.92
2020-10-16,20,19,7,456.28333333333336,GA,0,403.5666666666667,14,27.9441,26.36
2020-10-16,20,19,7,456.28333333333336,GA,1,415.23333333333335,5,16.1833,26.42
2020-10-16,20,19,7,456.28333333333336,GA,2,396.4833333333333,9,22.3074,26.47
2020-10-16,20,19,7,456.28333333333336,GA,3,481.31666666666666,8,13.9458,26.67
2020-10-16,20,19,7,456.28333333333336,GA,4,391.48333333333335,8,23.4521,26.34
2020-10-16,20,19,7,456.28333333333336,GA,5,396.1833333333334,10,20.83,26.4
2020-10-16,20,19,7,456.28333333333336,GA,6,398.25,8,30.8792,26.51
2020-10-16,20,19,7,456.28333333333336,GA,7,432.23333333333335,9,21.4296,26.2
2020-10-16,20,19,7,456.28333333333336,GA,8,402.0166666666667,7,14.8048,26.57
2020-10-16,20,19,7,456.28333333333336,GA,9,445.3333333333333,6,16.4139,26.51
2020-10-16,20,19,7,456.28333333333336,dPSO,0,441.65,6,10.7167,27.38
2020-10-16,20,19,7,456.28333333333336,dPSO,1,346.41666666666663,15,24.5122,27.37
2020-10-16,20,19,7,456.28333333333336,dPSO,2,395.1166666666666,11,29.7606,27.52
2020-10-16,20,19,7,456.28333333333336,dPSO,3,334.55,12,17.2486,27.51
2020-10-16,20,19,7,456.28333333333336,dPSO,4,359.4,14,40.8833,27.3
2020-10-16,20,19,7,456.28333333333336,dPSO,5,459.3333333333333,8,17.7646,27.34
2020-10-16,20,19,7,456.28333333333336,dPSO,6,370.06666666666666,16,29.2292,27.58
2020-10-16,20,19,7,456.28333333333336,dPSO,7,331.0166666666667,11,31.0045,27.48
2020-10-16,20,19,7,456.28333333333336,dPSO,8,358.7,15,37.4044,27.4
2020-10-16,20,19,7,456.28333333333336,dPSO,9,347.0,13,29.5898,27.7
2020-10-16,20,19,7,456.28333333333336,SBOA,0,415.4333333333333,1,4.0167,35.56
2020-10-16,20,19,7,456.28333333333336,SBOA,1,396.85,3,8.4833,31.56
2020-10-16,20,19,7,456.28333333333336,SBOA,2,372.6,3,8.8389,31.95
2020-10-16,20,19,7,456.28333333333336,SBOA,3,338.83333333333337,7,17.8714,34.21
2020-10-16,20,19,7,456.28333333333336,SBOA,4,352.4333333333334,8,21.1708,30.9
2020-10-16,20,19,7,456.28333333333336,SBOA,5,346.65000000000003,4,5.2917,36.03
2020-10-16,20,19,7,456.28333333333336,SBOA,6,393.73333333333335,2,5.6334,34.75
2020-10-16,20,19,7,456.28333333333336,SBOA,7,410.55,3,4.7167,31.44
2020-10-16,20,19,7,456.28333333333336,SBOA,8,424.4333333333333,1,4.0,31.23
2020-10-16,20,19,7,456.28333333333336,SBOA,9,429.35,3,1.6167,35.8
2020-10-16,20,19,7,456.28333333333336,dMShOA,0,489.6833333333333,10,45.5333,25.88
2020-10-16,20,19,7,456.28333333333336,dMShOA,1,401.1333333333334,11,52.6909,25.9
2020-10-16,20,19,7,456.28333333333336,dMShOA,2,428.98333333333335,9,53.5426,26.01
2020-10-16,20,19,7,456.28333333333336,dMShOA,3,466.83333333333337,10,26.885,25.76
2020-10-16,20,19,7,456.28333333333336,dMShOA,4,393.7666666666667,9,53.387,26.07
2020-10-16,20,19,7,456.28333333333336,dMShOA,5,442.1666666666667,11,42.6379,25.87
2020-10-16,20,19,7,456.28333333333336,dMShOA,6,423.8,10,61.1367,26.04
2020-10-16,20,19,7,456.28333333333336,dMShOA,7,481.9500000000001,11,35.6152,25.99
2020-10-16,20,19,7,456.28333333333336,dMShOA,8,387.8,13,45.8231,25.87
2020-10-16,20,19,7,456.28333333333336,dMShOA,9,438.05,7,39.0119,26.14
2020-09-29,20,20,7,514.2833333333333,GA,0,631.3,12,23.2417,27.72
2020-09-29,20,20,7,514.2833333333333,GA,1,602.9666666666667,9,37.9981,27.68
2020-09-29,20,20,7,514.2833333333333,GA,2,593.7166666666667,9,34.6574,27.66
2020-09-29,20,20,7,514.2833333333333,GA,3,636.15,9,38.1852,27.86
2020-09-29,20,20,7,514.2833333333333,GA,4,601.4333333333333,7,25.2238,27.91
2020-09-29,20,20,7,514.2833333333333,GA,5,613.3333333333333,7,48.9666,27.77
2020-09-29,20,20,7,514.2833333333333,GA,6,537.9833333333333,11,55.7909,27.78
2020-09-29,20,20,7,514.2833333333333,GA,7,595.6166666666666,8,28.2125,27.58
2020-09-29,20,20,7,514.2833333333333,GA,8,716.7666666666667,8,27.9271,27.77
2020-09-29,20,20,7,514.2833333333333,GA,9,636.8,9,22.4389,27.82
2020-09-29,20,20,7,514.2833333333333,dPSO,0,655.4333333333333,13,72.8256,28.7
2020-09-29,20,20,7,514.2833333333333,dPSO,1,648.6333333333333,15,67.4611,28.57
2020-09-29,20,20,7,514.2833333333333,dPSO,2,590.5833333333333,14,46.7655,28.65
2020-09-29,20,20,7,514.2833333333333,dPSO,3,672.65,11,49.2833,28.46
2020-09-29,20,20,7,514.2833333333333,dPSO,4,760.6,12,41.0597,28.77
2020-09-29,20,20,7,514.2833333333333,dPSO,5,537.9833333333333,15,61.6611,29.0
2020-09-29,20,20,7,514.2833333333333,dPSO,6,619.0833333333334,7,30.7381,28.91
2020-09-29,20,20,7,514.2833333333333,dPSO,7,660.4,10,35.4883,28.76
2020-09-29,20,20,7,514.2833333333333,dPSO,8,663.4166666666666,11,34.9439,28.6
2020-09-29,20,20,7,514.2833333333333,dPSO,9,691.0,16,48.3406,28.7
2020-09-29,20,20,7,514.2833333333333,SBOA,0,622.55,0,0.0,37.59
2020-09-29,20,20,7,514.2833333333333,SBOA,1,681.6333333333333,0,0.0,32.44
2020-09-29,20,20,7,514.2833333333333,SBOA,2,664.1666666666666,2,19.7917,34.96
2020-09-29,20,20,7,514.2833333333333,SBOA,3,645.75,0,0.0,36.18
2020-09-29,20,20,7,514.2833333333333,SBOA,4,685.8166666666666,5,13.6567,34.89
2020-09-29,20,20,7,514.2833333333333,SBOA,5,675.15,0,0.0,36.17
2020-09-29,20,20,7,514.2833333333333,SBOA,6,590.1333333333333,5,16.5167,35.43
2020-09-29,20,20,7,514.2833333333333,SBOA,7,622.6333333333333,1,35.0,34.82
2020-09-29,20,20,7,514.2833333333333,SBOA,8,626.3666666666666,6,19.2139,32.73
2020-09-29,20,20,7,514.2833333333333,SBOA,9,603.7833333333333,4,10.625,35.02
2020-09-29,20,20,7,514.2833333333333,dMShOA,0,600.1666666666666,11,62.0606,27.05
2020-09-29,20,20,7,514.2833333333333,dMShOA,1,851.1833333333334,10,56.8117,26.95
2020-09-29,20,20,7,514.2833333333333,dMShOA,2,590.4,11,68.4758,26.89
2020-09-29,20,20,7,514.2833333333333,dMShOA,3,656.55,12,41.8444,27.01
2020-09-29,20,20,7,514.2833333333333,dMShOA,4,674.0,14,60.6941,27.19
2020-09-29,20,20,7,514.2833333333333,dMShOA,5,692.15,13,70.9205,27.27
2020-09-29,20,20,7,514.2833333333333,dMShOA,6,597.5666666666666,17,54.9843,27.31
2020-09-29,20,20,7,514.2833333333333,dMShOA,7,891.8166666666666,9,55.7741,27.07
2020-09-29,20,20,7,514.2833333333333,dMShOA,8,614.5,16,59.5177,26.99
2020-09-29,20,20,7,514.2833333333333,dMShOA,9,622.8833333333333,15,67.5933,27.1
2021-10-25,20,21,7,738.3833333333333,GA,0,696.4,10,20.375,28.98
2021-10-25,20,21,7,738.3833333333333,GA,1,718.75,7,18.0524,28.86
2021-10-25,20,21,7,738.3833333333333,GA,2,811.0500000000001,5,25.7333,28.81
2021-10-25,20,21,7,738.3833333333333,GA,3,628.1833333333333,14,45.931,28.91
2021-10-25,20,21,7,738.3833333333333,GA,4,630.6666666666666,12,53.1597,28.98
2021-10-25,20,21,7,738.3833333333333,GA,5,727.6,12,34.532,28.96
2021-10-25,20,21,7,738.3833333333333,GA,6,770.6333333333333,10,30.1084,29.2
2021-10-25,20,21,7,738.3833333333333,GA,7,629.5166666666667,8,45.0687,29.27
2021-10-25,20,21,7,738.3833333333333,GA,8,618.7833333333333,12,50.4375,29.0
2021-10-25,20,21,7,738.3833333333333,GA,9,787.15,12,45.6028,28.99
2021-10-25,20,21,7,738.3833333333333,dPSO,0,812.2833333333334,13,50.6205,29.95
2021-10-25,20,21,7,738.3833333333333,dPSO,1,666.0333333333333,13,65.668,29.72
2021-10-25,20,21,7,738.3833333333333,dPSO,2,553.9499999999999,18,43.4426,30.08
2021-10-25,20,21,7,738.3833333333333,dPSO,3,642.8166666666667,15,60.7378,29.99
2021-10-25,20,21,7,738.3833333333333,dPSO,4,620.35,18,77.3963,29.88
2021-10-25,20,21,7,738.3833333333333,dPSO,5,835.0166666666667,13,52.559,29.9
2021-10-25,20,21,7,738.3833333333333,dPSO,6,589.2666666666667,16,98.7292,29.94
2021-10-25,20,21,7,738.3833333333333,dPSO,7,535.25,18,66.5935,29.92
2021-10-25,20,21,7,738.3833333333333,dPSO,8,685.0333333333334,17,48.0225,29.9
2021-10-25,20,21,7,738.3833333333333,dPSO,9,722.5500000000001,17,62.7588,29.88
2021-10-25,20,21,7,738.3833333333333,SBOA,0,761.0166666666667,1,17.0,35.05
2021-10-25,20,21,7,738.3833333333333,SBOA,1,817.6833333333333,1,2.55,37.55
2021-10-25,20,21,7,738.3833333333333,SBOA,2,899.5666666666667,1,1.1833,36.81
2021-10-25,20,21,7,738.3833333333333,SBOA,3,764.8166666666667,2,2.4667,40.64
2021-10-25,20,21,7,738.3833333333333,SBOA,4,739.9666666666667,5,7.8067,38.73
2021-10-25,20,21,7,738.3833333333333,SBOA,5,789.25,7,8.4167,36.27
2021-10-25,20,21,7,738.3833333333333,SBOA,6,597.3333333333334,8,19.5437,37.82
2021-10-25,20,21,7,738.3833333333333,SBOA,7,780.1833333333333,4,25.5583,37.95
2021-10-25,20,21,7,738.3833333333333,SBOA,8,588.3333333333334,2,16.9916,38.57
2021-10-25,20,21,7,738.3833333333333,SBOA,9,650.6666666666666,6,24.4083,37.24
2021-10-25,20,21,7,738.3833333333333,dMShOA,0,599.5833333333334,19,55.2667,28.17
2021-10-25,20,21,7,738.3833333333333,dMShOA,1,608.0833333333334,18,64.5602,28.2
2021-10-25,20,21,7,738.3833333333333,dMShOA,2,741.7166666666667,15,66.9844,28.36
2021-10-25,20,21,7,738.3833333333333,dMShOA,3,680.5666666666666,7,87.0167,28.13
2021-10-25,20,21,7,738.3833333333333,dMShOA,4,726.3000000000001,15,81.7144,28.38
2021-10-25,20,21,7,738.3833333333333,dMShOA,5,669.1,16,75.3729,28.14
2021-10-25,20,21,7,738.3833333333333,dMShOA,6,733.8666666666667,12,83.3583,28.22
2021-10-25,20,21,7,738.3833333333333,dMShOA,7,603.2666666666668,19,56.4316,28.4
2021-10-25,20,21,7,738.3833333333333,dMShOA,8,824.9333333333333,12,71.7153,28.14
2021-10-25,20,21,7,738.3833333333333,dMShOA,9,691.5166666666667,15,59.9356,28.14
2021-12-10,20,19,7,590.9166666666666,GA,0,526.05,10,20.9967,26.38
2021-12-10,20,19,7,590.9166666666666,GA,1,502.36666666666673,3,21.3722,26.32
2021-12-10,20,19,7,590.9166666666666,GA,2,417.4500000000001,7,27.3167,26.41
2021-12-10,20,19,7,590.9166666666666,GA,3,517.5833333333334,6,34.6694,26.51
2021-12-10,20,19,7,590.9166666666666,GA,4,461.6666666666667,12,17.5764,26.31
2021-12-10,20,19,7,590.9166666666666,GA,5,503.3666666666667,11,19.753,26.47
2021-12-10,20,19,7,590.9166666666666,GA,6,513.45,7,25.5024,26.37
2021-12-10,20,19,7,590.9166666666666,GA,7,415.28333333333336,11,27.9773,26.4
2021-12-10,20,19,7,590.9166666666666,GA,8,426.4500000000001,12,21.2014,26.41
2021-12-10,20,19,7,590.9166666666666,GA,9,565.8166666666666,7,19.631,26.47
2021-12-10,20,19,7,590.9166666666666,dPSO,0,454.5,14,24.6714,27.41
2021-12-10,20,19,7,590.9166666666666,dPSO,1,443.85,15,49.6633,27.26
2021-12-10,20,19,7,590.9166666666666,dPSO,2,473.50000000000006,16,36.726,27.43
2021-12-10,20,19,7,590.9166666666666,dPSO,3,393.6666666666667,17,40.0931,27.48
2021-12-10,20,19,7,590.9166666666666,dPSO,4,462.95,12,26.3306,27.67
2021-12-10,20,19,7,590.9166666666666,dPSO,5,635.0333333333333,12,29.3653,27.57
2021-12-10,20,19,7,590.9166666666666,dPSO,6,451.4166666666667,13,41.7077,27.5
2021-12-10,20,19,7,590.9166666666666,dPSO,7,504.15,12,38.0458,27.74
2021-12-10,20,19,7,590.9166666666666,dPSO,8,497.45,10,26.5,27.46
2021-12-10,20,19,7,590.9166666666666,dPSO,9,430.28333333333336,16,49.9448,27.64
2021-12-10,20,19,7,590.9166666666666,SBOA,0,410.6666666666667,7,18.9071,32.86
2021-12-10,20,19,7,590.9166666666666,SBOA,1,463.6666666666667,3,15.6389,32.03
2021-12-10,20,19,7,590.9166666666666,SBOA,2,529.2333333333333,0,0.0,33.26
2021-12-10,20,19,7,590.9166666666666,SBOA,3,510.7,3,12.5945,35.03
2021-12-10,20,19,7,590.9166666666666,SBOA,4,534.1333333333333,5,7.7133,34.18
2021-12-10,20,19,7,590.9166666666666,SBOA,5,443.6666666666667,4,6.6417,34.84
2021-12-10,20,19,7,590.9166666666666,SBOA,6,479.1166666666667,1,0.7,35.82
2021-12-10,20,19,7,590.9166666666666,SBOA,7,601.1333333333333,1,4.2167,34.67
2021-12-10,20,19,7,590.9166666666666,SBOA,8,507.98333333333335,1,0.3167,35.44
2021-12-10,20,19,7,590.9166666666666,SBOA,9,590.3,0,0.0,34.07
2021-12-10,20,19,7,590.9166666666666,dMShOA,0,544.55,13,44.1231,26.0
2021-12-10,20,19,7,590.9166666666666,dMShOA,1,529.9,13,56.2718,25.74
2021-12-10,20,19,7,590.9166666666666,dMShOA,2,558.3166666666666,12,43.0945,25.85
2021-12-10,20,19,7,590.9166666666666,dMShOA,3,473.95,17,43.0039,25.8
2021-12-10,20,19,7,590.9166666666666,dMShOA,4,482.4333333333333,17,44.2363,26.01
2021-12-10,20,19,7,590.9166666666666,dMShOA,5,509.9166666666667,10,47.9467,26.12
2021-12-10,20,19,7,590.9166666666666,dMShOA,6,617.3666666666667,7,33.4476,25.72
2021-12-10,20,19,7,590.9166666666666,dMShOA,7,496.6666666666667,14,44.1536,25.89
2021-12-10,20,19,7,590.9166666666666,dMShOA,8,521.85,14,37.5191,26.15
2021-12-10,20,19,7,590.9166666666666,dMShOA,9,583.3166666666666,10,25.0017,25.94
2021-04-07,20,19,7,551.15,GA,0,335.06666666666666,10,16.2783,26.39
2021-04-07,20,19,7,551.15,GA,1,445.9,7,9.7786,26.26
2021-04-07,20,19,7,551.15,GA,2,423.3666666666667,9,18.1574,26.42
2021-04-07,20,19,7,551.15,GA,3,360.4166666666666,9,21.1889,26.4
2021-04-07,20,19,7,551.15,GA,4,340.46666666666664,8,22.3792,26.53
2021-04-07,20,19,7,551.15,GA,5,422.4333333333333,11,19.7833,26.42
2021-04-07,20,19,7,551.15,GA,6,395.6333333333333,12,22.9361,26.49
2021-04-07,20,19,7,551.15,GA,7,436.7833333333333,9,13.9148,26.63
2021-04-07,20,19,7,551.15,GA,8,372.06666666666666,8,15.8937,26.45
2021-04-07,20,19,7,551.15,GA,9,343.3166666666666,13,21.1731,26.46
2021-04-07,20,19,7,551.15,dPSO,0,358.71666666666664,16,27.6958,27.52
2021-04-07,20,19,7,551.15,dPSO,1,444.85,13,17.4513,27.82
2021-04-07,20,19,7,551.15,dPSO,2,349.7666666666667,11,15.2454,27.54
2021-04-07,20,19,7,551.15,dPSO,3,427.4333333333333,12,11.8264,27.69
2021-04-07,20,19,7,551.15,dPSO,4,362.55,17,37.5902,27.33
2021-04-07,20,19,7,551.15,dPSO,5,363.5666666666666,13,25.9064,27.51
2021-04-07,20,19,7,551.15,dPSO,6,392.3666666666667,15,26.25,27.52
2021-04-07,20,19,7,551.15,dPSO,7,489.5333333333333,3,7.85,27.42
2021-04-07,20,19,7,551.15,dPSO,8,399.08333333333326,11,21.3348,27.43
2021-04-07,20,19,7,551.15,dPSO,9,395.7833333333333,10,9.57,27.41
2021-04-07,20,19,7,551.15,SBOA,0,374.25,10,15.775,35.84
2021-04-07,20,19,7,551.15,SBOA,1,406.23333333333335,8,10.1229,33.94
2021-04-07,20,19,7,551.15,SBOA,2,460.7,4,3.2833,36.21
2021-04-07,20,19,7,551.15,SBOA,3,373.2166666666666,2,0.9416,34.44
2021-04-07,20,19,7,551.15,SBOA,4,362.6,6,9.9972,28.56
2021-04-07,20,19,7,551.15,SBOA,5,338.76666666666665,16,24.9042,34.61
2021-04-07,20,19,7,551.15,SBOA,6,397.0,16,18.7125,31.18
2021-04-07,20,19,7,551.15,SBOA,7,384.45,9,27.663,31.2
2021-04-07,20,19,7,551.15,SBOA,8,375.85,13,19.0141,33.01
2021-04-07,20,19,7,551.15,SBOA,9,407.7833333333333,1,5.8667,34.09
2021-04-07,20,19,7,551.15,dMShOA,0,395.7833333333333,13,36.5833,25.98
2021-04-07,20,19,7,551.15,dMShOA,1,460.7833333333333,13,32.1449,26.23
2021-04-07,20,19,7,551.15,dMShOA,2,379.9,8,30.8042,26.05
2021-04-07,20,19,7,551.15,dMShOA,3,430.7833333333333,11,32.3515,25.81
2021-04-07,20,19,7,551.15,dMShOA,4,379.9666666666666,14,29.0583,26.08
2021-04-07,20,19,7,551.15,dMShOA,5,467.53333333333336,11,26.347,25.99
2021-04-07,20,19,7,551.15,dMShOA,6,463.4166666666667,11,33.9939,25.99
2021-04-07,20,19,7,551.15,dMShOA,7,422.4166666666667,12,33.2833,25.96
2021-04-07,20,19,7,551.15,dMShOA,8,437.7833333333333,12,27.9792,25.88
2021-04-07,20,19,7,551.15,dMShOA,9,454.9,12,30.3347,25.9
2021-08-10,20,20,7,572.1166666666667,GA,0,515.95,9,41.7611,27.58
2021-08-10,20,20,7,572.1166666666667,GA,1,599.0833333333334,11,27.6379,27.82
2021-08-10,20,20,7,572.1166666666667,GA,2,543.4499999999999,10,27.0517,28.06
2021-08-10,20,20,7,572.1166666666667,GA,3,550.3166666666667,9,32.5018,27.83
2021-08-10,20,20,7,572.1166666666667,GA,4,525.6,11,53.8046,27.64
2021-08-10,20,20,7,572.1166666666667,GA,5,463.51666666666665,15,40.2933,27.75
2021-08-10,20,20,7,572.1166666666667,GA,6,608.3833333333333,13,35.4782,27.81
2021-08-10,20,20,7,572.1166666666667,GA,7,544.6666666666666,6,7.3083,27.54
2021-08-10,20,20,7,572.1166666666667,GA,8,592.45,11,30.1848,27.68
2021-08-10,20,20,7,572.1166666666667,GA,9,552.6500000000001,8,28.9312,27.76
2021-08-10,20,20,7,572.1166666666667,dPSO,0,503.5333333333333,13,66.7667,28.68
2021-08-10,20,20,7,572.1166666666667,dPSO,1,498.5,13,37.3115,28.75
2021-08-10,20,20,7,572.1166666666667,dPSO,2,458.15,18,73.9213,28.63
2021-08-10,20,20,7,572.1166666666667,dPSO,3,568.2,13,31.6551,28.87
2021-08-10,20,20,7,572.1166666666667,dPSO,4,491.2000000000001,16,39.5167,28.7
2021-08-10,20,20,7,572.1166666666667,dPSO,5,535.8333333333334,12,31.4528,28.66
2021-08-10,20,20,7,572.1166666666667,dPSO,6,512.5166666666667,13,31.3462,28.59
2021-08-10,20,20,7,572.1166666666667,dPSO,7,538.6999999999999,15,44.1689,28.59
2021-08-10,20,20,7,572.1166666666667,dPSO,8,521.4166666666666,16,51.9302,28.63
2021-08-10,20,20,7,572.1166666666667,dPSO,9,491.31666666666666,14,65.2952,28.7
2021-08-10,20,20,7,572.1166666666667,SBOA,0,637.1166666666667,1,6.6333,32.99
2021-08-10,20,20,7,572.1166666666667,SBOA,1,511.6666666666667,4,29.15,35.06
2021-08-10,20,20,7,572.1166666666667,SBOA,2,468.75,14,60.9988,27.48
2021-08-10,20,20,7,572.1166666666667,SBOA,3,468.51666666666665,11,20.2515,33.67
2021-08-10,20,20,7,572.1166666666667,SBOA,4,584.3,0,0.0,44.03
2021-08-10,20,20,7,572.1166666666667,SBOA,5,507.85,4,7.4875,34.82
2021-08-10,20,20,7,572.1166666666667,SBOA,6,556.65,5,12.5333,35.97
2021-08-10,20,20,7,572.1166666666667,SBOA,7,659.0166666666667,0,0.0,34.66
2021-08-10,20,20,7,572.1166666666667,SBOA,8,554.3833333333333,2,4.6917,34.99
2021-08-10,20,20,7,572.1166666666667,SBOA,9,528.0333333333334,6,8.9361,30.02
2021-08-10,20,20,7,572.1166666666667,dMShOA,0,516.4333333333333,16,45.2521,26.99
2021-08-10,20,20,7,572.1166666666667,dMShOA,1,571.4333333333333,13,67.35,27.03
2021-08-10,20,20,7,572.1166666666667,dMShOA,2,668.1,12,37.0403,27.04
2021-08-10,20,20,7,572.1166666666667,dMShOA,3,555.5333333333333,15,62.55,27.28
2021-08-10,20,20,7,572.1166666666667,dMShOA,4,529.1333333333333,13,36.7551,26.98
2021-08-10,20,20,7,572.1166666666667,dMShOA,5,560.8666666666667,12,55.7292,26.96
2021-08-10,20,20,7,572.1166666666667,dMShOA,6,751.7833333333333,8,47.0459,26.94
2021-08-10,20,20,7,572.1166666666667,dMShOA,7,588.8333333333333,13,44.4718,26.92
2021-08-10,20,20,7,572.1166666666667,dMShOA,8,521.35,16,48.6698,26.94
2021-08-10,20,20,7,572.1166666666667,dMShOA,9,517.6166666666667,15,52.8,26.96
2021-01-05,20,19,7,527.2666666666667,GA,0,398.4666666666666,11,19.7909,26.54
2021-01-05,20,19,7,527.2666666666667,GA,1,414.6666666666667,6,18.9917,26.29
2021-01-05,20,19,7,527.2666666666667,GA,2,437.1833333333333,6,8.9583,26.41
2021-01-05,20,19,7,527.2666666666667,GA,3,345.65,12,26.4208,26.33
2021-01-05,20,19,7,527.2666666666667,GA,4,494.5166666666667,8,12.8,26.41
2021-01-05,20,19,7,527.2666666666667,GA,5,398.3,9,19.4407,26.64
2021-01-05,20,19,7,527.2666666666667,GA,6,386.48333333333335,6,27.0611,26.33
2021-01-05,20,19,7,527.2666666666667,GA,7,499.05,5,13.0333,26.42
2021-01-05,20,19,7,527.2666666666667,GA,8,422.4333333333333,4,8.6667,26.39
2021-01-05,20,19,7,527.2666666666667,GA,9,440.98333333333335,11,16.3106,26.34
2021-01-05,20,19,7,527.2666666666667,dPSO,0,411.1333333333333,13,33.0346,27.45
2021-01-05,20,19,7,527.2666666666667,dPSO,1,578.9,10,10.81,27.34
2021-01-05,20,19,7,527.2666666666667,dPSO,2,480.8666666666667,9,20.3556,27.46
2021-01-05,20,19,7,527.2666666666667,dPSO,3,588.1833333333334,5,26.7133,27.3
2021-01-05,20,19,7,527.2666666666667,dPSO,4,406.8833333333333,11,22.647,27.46
2021-01-05,20,19,7,527.2666666666667,dPSO,5,359.5333333333333,12,18.2111,27.24
2021-01-05,20,19,7,527.2666666666667,dPSO,6,478.1666666666667,12,10.825,27.49
2021-01-05,20,19,7,527.2666666666667,dPSO,7,509.75,10,18.4667,27.48
2021-01-05,20,19,7,527.2666666666667,dPSO,8,395.56666666666666,15,35.9922,27.55
2021-01-05,20,19,7,527.2666666666667,dPSO,9,455.4666666666667,6,20.0194,27.77
2021-01-05,20,19,7,527.2666666666667,SBOA,0,424.5333333333333,1,6.0167,33.79
2021-01-05,20,19,7,527.2666666666667,SBOA,1,424.5333333333333,0,0.0,34.86
2021-01-05,20,19,7,527.2666666666667,SBOA,2,501.9,1,6.4667,33.1
2021-01-05,20,19,7,527.2666666666667,SBOA,3,460.85,5,11.6933,27.55
2021-01-05,20,19,7,527.2666666666667,SBOA,4,416.3333333333333,7,9.0667,30.52
2021-01-05,20,19,7,527.2666666666667,SBOA,5,527.8333333333334,1,0.75,33.53
2021-01-05,20,19,7,527.2666666666667,SBOA,6,444.0,2,0.9083,35.51
2021-01-05,20,19,7,527.2666666666667,SBOA,7,410.8,2,3.175,35.0
2021-01-05,20,19,7,527.2666666666667,SBOA,8,337.65,3,25.3222,31.88
2021-01-05,20,19,7,527.2666666666667,SBOA,9,425.6833333333333,3,2.6667,31.53
2021-01-05,20,19,7,527.2666666666667,dMShOA,0,381.4,9,44.0519,25.89
2021-01-05,20,19,7,527.2666666666667,dMShOA,1,397.56666666666666,12,43.207,25.77
2021-01-05,20,19,7,527.2666666666667,dMShOA,2,448.1666666666667,9,34.0482,25.92
2021-01-05,20,19,7,527.2666666666667,dMShOA,3,414.1,10,37.745,25.78
2021-01-05,20,19,7,527.2666666666667,dMShOA,4,534.4166666666667,11,28.7379,26.06
2021-01-05,20,19,7,527.2666666666667,dMShOA,5,390.0333333333333,8,43.1062,25.7
2021-01-05,20,19,7,527.2666666666667,dMShOA,6,439.3,9,47.2944,26.05
2021-01-05,20,19,7,527.2666666666667,dMShOA,7,377.7666666666667,12,26.1055,25.95
2021-01-05,20,19,7,527.2666666666667,dMShOA,8,416.25000000000006,11,30.8606,26.04
2021-01-05,20,19,7,527.2666666666667,dMShOA,9,449.6,6,54.8611,26.19
2020-01-31,20,19,7,559.55,GA,0,544.3500000000001,11,17.0333,26.41
2020-01-31,20,19,7,559.55,GA,1,494.15,12,28.0292,26.33
2020-01-31,20,19,7,559.55,GA,2,565.1833333333334,6,8.7861,26.37
2020-01-31,20,19,7,559.55,GA,3,506.8833333333333,10,22.5567,26.31
2020-01-31,20,19,7,559.55,GA,4,477.9666666666666,7,34.2857,26.48
2020-01-31,20,19,7,559.55,GA,5,497.95,4,16.55,26.37
2020-01-31,20,19,7,559.55,GA,6,472.9,5,21.0867,26.49
2020-01-31,20,19,7,559.55,GA,7,533.65,7,40.7738,26.48
2020-01-31,20,19,7,559.55,GA,8,549.25,5,25.8233,26.2
2020-01-31,20,19,7,559.55,GA,9,614.1833333333334,9,11.9741,26.41
2020-01-31,20,19,7,559.55,dPSO,0,459.8666666666666,12,21.5167,27.52
2020-01-31,20,19,7,559.55,dPSO,1,432.8333333333333,12,54.7056,27.54
2020-01-31,20,19,7,559.55,dPSO,2,487.3333333333333,10,20.5683,27.58
2020-01-31,20,19,7,559.55,dPSO,3,545.0333333333334,14,38.9869,27.43
2020-01-31,20,19,7,559.55,dPSO,4,563.9833333333333,15,43.4811,27.5
2020-01-31,20,19,7,559.55,dPSO,5,479.2166666666667,14,30.6667,27.52
2020-01-31,20,19,7,559.55,dPSO,6,468.9166666666667,11,22.9515,27.4
2020-01-31,20,19,7,559.55,dPSO,7,508.85,9,53.2519,27.46
2020-01-31,20,19,7,559.55,dPSO,8,506.6333333333333,17,62.3294,27.67
2020-01-31,20,19,7,559.55,dPSO,9,475.1333333333333,12,29.8722,27.86
2020-01-31,20,19,7,559.55,SBOA,0,503.05,3,1.8778,34.72
2020-01-31,20,19,7,559.55,SBOA,1,523.6,4,11.6583,32.07
2020-01-31,20,19,7,559.55,SBOA,2,457.4333333333333,4,3.7792,36.24
2020-01-31,20,19,7,559.55,SBOA,3,477.1666666666666,3,6.4445,34.41
2020-01-31,20,19,7,559.55,SBOA,4,529.7333333333333,8,9.9729,30.46
2020-01-31,20,19,7,559.55,SBOA,5,456.28333333333336,6,10.3833,32.38
2020-01-31,20,19,7,559.55,SBOA,6,651.65,4,18.2167,28.76
2020-01-31,20,19,7,559.55,SBOA,7,493.25,6,6.4028,32.63
2020-01-31,20,19,7,559.55,SBOA,8,552.0833333333334,7,10.9405,33.62
2020-01-31,20,19,7,559.55,SBOA,9,538.15,1,10.2167,33.38
2020-01-31,20,19,7,559.55,dMShOA,0,656.1999999999999,9,45.0574,25.98
2020-01-31,20,19,7,559.55,dMShOA,1,469.0333333333333,15,54.3756,25.98
2020-01-31,20,19,7,559.55,dMShOA,2,519.7666666666667,14,36.6548,26.1
2020-01-31,20,19,7,559.55,dMShOA,3,637.0666666666667,8,51.9458,25.8
2020-01-31,20,19,7,559.55,dMShOA,4,542.0500000000001,11,48.7318,25.95
2020-01-31,20,19,7,559.55,dMShOA,5,714.6666666666666,7,13.8381,25.89
2020-01-31,20,19,7,559.55,dMShOA,6,570.1833333333334,9,39.0185,25.81
2020-01-31,20,19,7,559.55,dMShOA,7,498.4333333333333,14,50.2893,25.73
2020-01-31,20,19,7,559.55,dMShOA,8,573.3000000000001,14,30.2488,26.03
2020-01-31,20,19,7,559.55,dMShOA,9,573.0,12,38.6597,26.12
2021-07-14,25,24,7,516.8833333333333,GA,0,439.1666666666666,18,36.1269,33.01
2021-07-14,25,24,7,516.8833333333333,GA,1,459.1666666666666,13,42.2551,32.97
2021-07-14,25,24,7,516.8833333333333,GA,2,446.3,6,19.2556,33.04
2021-07-14,25,24,7,516.8833333333333,GA,3,407.3666666666667,17,51.5167,33.0
2021-07-14,25,24,7,516.8833333333333,GA,4,423.7166666666667,13,32.9975,32.96
2021-07-14,25,24,7,516.8833333333333,GA,5,556.9333333333334,7,28.4428,32.99
2021-07-14,25,24,7,516.8833333333333,GA,6,451.6166666666667,17,29.5069,32.91
2021-07-14,25,24,7,516.8833333333333,GA,7,379.6666666666666,18,52.2056,32.95
2021-07-14,25,24,7,516.8833333333333,GA,8,523.3166666666667,10,14.5984,32.97
2021-07-14,25,24,7,516.8833333333333,GA,9,416.76666666666665,15,30.4711,32.97
2021-07-14,25,24,7,516.8833333333333,dPSO,0,383.1833333333333,20,46.8692,33.76
2021-07-14,25,24,7,516.8833333333333,dPSO,1,343.90000000000003,20,47.825,33.75
2021-07-14,25,24,7,516.8833333333333,dPSO,2,353.83333333333326,24,75.2868,33.67
2021-07-14,25,24,7,516.8833333333333,dPSO,3,394.5,23,50.7717,34.19
2021-07-14,25,24,7,516.8833333333333,dPSO,4,400.4,21,59.3294,33.86
2021-07-14,25,24,7,516.8833333333333,dPSO,5,407.7166666666666,15,41.04,33.65
2021-07-14,25,24,7,516.8833333333333,dPSO,6,385.56666666666666,22,56.825,33.55
2021-07-14,25,24,7,516.8833333333333,dPSO,7,362.23333333333335,18,46.6343,33.68
2021-07-14,25,24,7,516.8833333333333,dPSO,8,444.6666666666667,20,59.5158,33.77
2021-07-14,25,24,7,516.8833333333333,dPSO,9,469.4666666666667,18,47.0648,34.14
2021-07-14,25,24,7,516.8833333333333,SBOA,0,376.05,16,26.1063,43.44
2021-07-14,25,24,7,516.8833333333333,SBOA,1,427.4,1,2.6833,42.99
2021-07-14,25,24,7,516.8833333333333,SBOA,2,367.75,15,11.21,43.84
2021-07-14,25,24,7,516.8833333333333,SBOA,3,407.51666666666665,6,8.5778,44.85
2021-07-14,25,24,7,516.8833333333333,SBOA,4,479.8666666666667,6,6.4055,45.06
2021-07-14,25,24,7,516.8833333333333,SBOA,5,330.1833333333333,18,22.4806,47.75
2021-07-14,25,24,7,516.8833333333333,SBOA,6,467.01666666666665,10,11.7267,43.18
2021-07-14,25,24,7,516.8833333333333,SBOA,7,488.5833333333333,5,17.8267,44.97
2021-07-14,25,24,7,516.8833333333333,SBOA,8,523.1833333333333,0,0.0,43.95
2021-07-14,25,24,7,516.8833333333333,SBOA,9,470.6333333333333,10,22.6833,41.08
2021-07-14,25,24,7,516.8833333333333,dMShOA,0,509.31666666666666,21,64.5357,31.67
2021-07-14,25,24,7,516.8833333333333,dMShOA,1,421.8,17,53.2745,31.75
2021-07-14,25,24,7,516.8833333333333,dMShOA,2,458.51666666666665,22,63.9833,31.7
2021-07-14,25,24,7,516.8833333333333,dMShOA,3,412.2833333333333,15,57.6589,32.03
2021-07-14,25,24,7,516.8833333333333,dMShOA,4,393.9166666666667,21,64.854,31.97
2021-07-14,25,24,7,516.8833333333333,dMShOA,5,443.98333333333335,19,67.9193,31.67
2021-07-14,25,24,7,516.8833333333333,dMShOA,6,388.5833333333333,22,66.2879,31.64
2021-07-14,25,24,7,516.8833333333333,dMShOA,7,434.9666666666667,21,62.3397,31.71
2021-07-14,25,24,7,516.8833333333333,dMShOA,8,388.4333333333333,20,63.7025,31.77
2021-07-14,25,24,7,516.8833333333333,dMShOA,9,449.1666666666667,20,67.7925,32.0
2021-10-13,25,24,7,535.7166666666667,GA,0,722.35,12,33.1708,32.9
2021-10-13,25,24,7,535.7166666666667,GA,1,520.5166666666667,14,36.456,32.85
2021-10-13,25,24,7,535.7166666666667,GA,2,607.0666666666666,7,19.0048,32.91
2021-10-13,25,24,7,535.7166666666667,GA,3,529.1166666666667,14,33.6667,33.18
2021-10-13,25,24,7,535.7166666666667,GA,4,609.8,11,31.9242,33.07
2021-10-13,25,24,7,535.7166666666667,GA,5,529.6,14,36.4405,32.82
2021-10-13,25,24,7,535.7166666666667,GA,6,619.8499999999999,15,31.2889,32.78
2021-10-13,25,24,7,535.7166666666667,GA,7,494.7833333333333,17,31.65,32.85
2021-10-13,25,24,7,535.7166666666667,GA,8,506.4833333333333,12,38.193,33.02
2021-10-13,25,24,7,535.7166666666667,GA,9,601.8166666666666,9,41.0278,32.98
2021-10-13,25,24,7,535.7166666666667,dPSO,0,492.85,21,43.1492,34.09
2021-10-13,25,24,7,535.7166666666667,dPSO,1,543.3666666666667,13,38.2846,33.85
2021-10-13,25,24,7,535.7166666666667,dPSO,2,574.8666666666666,17,43.2049,33.8
2021-10-13,25,24,7,535.7166666666667,dPSO,3,465.2,22,92.0909,33.75
2021-10-13,25,24,7,535.7166666666667,dPSO,4,545.0666666666666,14,51.9333,33.69
2021-10-13,25,24,7,535.7166666666667,dPSO,5,540.0,15,81.5845,33.92
2021-10-13,25,24,7,535.7166666666667,dPSO,6,461.9166666666666,20,64.1342,33.8
2021-10-13,25,24,7,535.7166666666667,dPSO,7,594.3499999999999,19,52.1184,33.66
2021-10-13,25,24,7,535.7166666666667,dPSO,8,544.9666666666666,15,61.4344,33.78
2021-10-13,25,24,7,535.7166666666667,dPSO,9,527.7333333333332,14,48.3167,33.94
2021-10-13,25,24,7,535.7166666666667,SBOA,0,548.0666666666666,0,0.0,42.18
2021-10-13,25,24,7,535.7166666666667,SBOA,1,544.4666666666667,7,25.1405,43.02
2021-10-13,25,24,7,535.7166666666667,SBOA,2,716.25,2,12.3666,42.62
2021-10-13,25,24,7,535.7166666666667,SBOA,3,511.7833333333333,14,51.7488,32.22
2021-10-13,25,24,7,535.7166666666667,SBOA,4,620.15,5,26.39,41.54
2021-10-13,25,24,7,535.7166666666667,SBOA,5,478.4833333333332,5,9.85,47.13
2021-10-13,25,24,7,535.7166666666667,SBOA,6,587.7166666666667,10,13.2517,42.48
2021-10-13,25,24,7,535.7166666666667,SBOA,7,592.4166666666667,7,42.1286,45.0
2021-10-13,25,24,7,535.7166666666667,SBOA,8,588.9833333333333,7,12.0238,44.13
2021-10-13,25,24,7,535.7166666666667,SBOA,9,590.1333333333333,3,29.8,43.04
2021-10-13,25,24,7,535.7166666666667,dMShOA,0,528.8333333333333,17,61.3108,32.04
2021-10-13,25,24,7,535.7166666666667,dMShOA,1,525.0833333333333,16,63.0365,31.81
2021-10-13,25,24,7,535.7166666666667,dMShOA,2,698.05,18,54.0204,31.84
2021-10-13,25,24,7,535.7166666666667,dMShOA,3,692.2,16,55.4021,31.72
2021-10-13,25,24,7,535.7166666666667,dMShOA,4,441.2,19,53.1561,31.71
2021-10-13,25,24,7,535.7166666666667,dMShOA,5,498.98333333333335,21,60.3952,31.74
2021-10-13,25,24,7,535.7166666666667,dMShOA,6,665.2499999999999,12,48.9222,31.67
2021-10-13,25,24,7,535.7166666666667,dMShOA,7,570.85,16,58.3885,31.75
2021-10-13,25,24,7,535.7166666666667,dMShOA,8,474.4,20,64.0683,31.71
2021-10-13,25,24,7,535.7166666666667,dMShOA,9,566.7666666666668,17,79.9539,31.76
2020-10-15,30,29,7,518.25,GA,0,393.6,21,51.2119,39.8
2020-10-15,30,29,7,518.25,GA,1,443.45,24,55.141,39.53
2020-10-15,30,29,7,518.25,GA,2,537.2833333333334,14,34.4333,39.86
2020-10-15,30,29,7,518.25,GA,3,413.08333333333337,26,55.2442,39.53
2020-10-15,30,29,7,518.25,GA,4,345.4666666666667,26,50.4006,39.45
2020-10-15,30,29,7,518.25,GA,5,384.6,24,37.6521,39.41
2020-10-15,30,29,7,518.25,GA,6,384.5333333333333,25,73.0527,39.45
2020-10-15,30,29,7,518.25,GA,7,417.2833333333334,24,42.816,39.31
2020-10-15,30,29,7,518.25,GA,8,496.5,20,27.8858,39.28
2020-10-15,30,29,7,518.25,GA,9,526.3166666666667,17,45.7667,39.6
2020-10-15,30,29,7,518.25,dPSO,0,362.4,26,74.809,39.97
2020-10-15,30,29,7,518.25,dPSO,1,389.51666666666665,28,77.2417,39.88
2020-10-15,30,29,7,518.25,dPSO,2,402.3166666666667,18,73.487,40.03
2020-10-15,30,29,7,518.25,dPSO,3,473.0166666666667,25,73.06,39.92
2020-10-15,30,29,7,518.25,dPSO,4,445.15,25,81.452,39.79
2020-10-15,30,29,7,518.25,dPSO,5,443.76666666666665,27,78.3315,40.13
2020-10-15,30,29,7,518.25,dPSO,6,439.0666666666668,23,50.992,39.97
2020-10-15,30,29,7,518.25,dPSO,7,429.4500000000001,21,71.0643,40.0
2020-10-15,30,29,7,518.25,dPSO,8,348.15,26,66.3378,40.17
2020-10-15,30,29,7,518.25,dPSO,9,570.25,17,22.0882,39.99
2020-10-15,30,29,7,518.25,SBOA,0,411.9666666666666,19,32.8868,52.4
2020-10-15,30,29,7,518.25,SBOA,1,482.6833333333334,6,8.2917,48.32
2020-10-15,30,29,7,518.25,SBOA,2,511.5833333333333,9,12.8037,47.76
2020-10-15,30,29,7,518.25,SBOA,3,432.08333333333337,2,21.45,48.62
2020-10-15,30,29,7,518.25,SBOA,4,394.03333333333336,17,20.9461,50.27
2020-10-15,30,29,7,518.25,SBOA,5,444.53333333333336,15,27.9044,49.18
2020-10-15,30,29,7,518.25,SBOA,6,433.03333333333336,17,34.5186,47.69
2020-10-15,30,29,7,518.25,SBOA,7,441.7833333333333,13,19.2526,47.36
2020-10-15,30,29,7,518.25,SBOA,8,427.85,24,37.7201,46.68
2020-10-15,30,29,7,518.25,SBOA,9,503.48333333333335,17,33.2667,47.2
2020-10-15,30,29,7,518.25,dMShOA,0,386.1333333333333,25,88.3907,37.77
2020-10-15,30,29,7,518.25,dMShOA,1,392.73333333333335,22,80.8136,37.59
2020-10-15,30,29,7,518.25,dMShOA,2,413.51666666666665,25,80.2253,37.58
2020-10-15,30,29,7,518.25,dMShOA,3,439.0666666666667,28,77.3988,37.71
2020-10-15,30,29,7,518.25,dMShOA,4,389.05,26,70.0026,37.34
2020-10-15,30,29,7,518.25,dMShOA,5,413.4166666666667,26,84.8038,37.63
2020-10-15,30,29,7,518.25,dMShOA,6,431.28333333333336,27,64.4809,36.3
2020-10-15,30,29,7,518.25,dMShOA,7,467.9666666666667,27,76.7809,36.62
2020-10-15,30,29,7,518.25,dMShOA,8,404.33333333333337,27,87.4358,35.68
2020-10-15,30,29,7,518.25,dMShOA,9,436.5666666666667,24,80.3993,36.02
2021-09-02,15,16,8,597.35,GA,0,633.45,2,13.0,22.35
2021-09-02,15,16,8,597.35,GA,1,499.5,3,22.9667,22.29
2021-09-02,15,16,8,597.35,GA,2,576.9666666666668,1,33.5,22.16
2021-09-02,15,16,8,597.35,GA,3,510.06666666666666,4,17.3083,21.93
2021-09-02,15,16,8,597.35,GA,4,520.5833333333334,2,15.7416,22.12
2021-09-02,15,16,8,597.35,GA,5,475.8666666666667,5,32.8067,22.31
2021-09-02,15,16,8,597.35,GA,6,552.8166666666667,8,31.6437,22.26
2021-09-02,15,16,8,597.35,GA,7,646.4833333333332,5,10.51,22.01
2021-09-02,15,16,8,597.35,GA,8,580.35,2,2.4083,22.14
2021-09-02,15,16,8,597.35,GA,9,532.0833333333334,3,20.6667,22.21
2021-09-02,15,16,8,597.35,dPSO,0,603.4166666666666,9,52.4778,23.26
2021-09-02,15,16,8,597.35,dPSO,1,511.2166666666667,4,15.5625,23.41
2021-09-02,15,16,8,597.35,dPSO,2,476.45,9,27.7741,23.6
2021-09-02,15,16,8,597.35,dPSO,3,533.0333333333333,4,21.825,23.25
2021-09-02,15,16,8,597.35,dPSO,4,490.28333333333336,2,13.2416,23.35
2021-09-02,15,16,8,597.35,dPSO,5,451.31666666666666,12,49.6111,23.58
2021-09-02,15,16,8,597.35,dPSO,6,512.3666666666667,11,22.1621,23.55
2021-09-02,15,16,8,597.35,dPSO,7,683.2,0,0.0,23.41
2021-09-02,15,16,8,597.35,dPSO,8,563.6166666666667,3,20.7278,23.55
2021-09-02,15,16,8,597.35,dPSO,9,573.8000000000001,3,12.3111,23.49
2021-09-02,15,16,8,597.35,SBOA,0,561.4166666666667,1,1.0,27.72
2021-09-02,15,16,8,597.35,SBOA,1,567.4333333333334,4,25.0083,25.62
2021-09-02,15,16,8,597.35,SBOA,2,543.4833333333333,2,11.7417,27.71
2021-09-02,15,16,8,597.35,SBOA,3,586.4166666666667,1,0.5,28.75
2021-09-02,15,16,8,597.35,SBOA,4,572.9666666666668,7,22.3619,24.59
2021-09-02,15,16,8,597.35,SBOA,5,597.7666666666668,0,0.0,26.59
2021-09-02,15,16,8,597.35,SBOA,6,534.8333333333334,1,10.75,25.14
2021-09-02,15,16,8,597.35,SBOA,7,683.6333333333333,0,0.0,29.02
2021-09-02,15,16,8,597.35,SBOA,8,560.1999999999999,2,4.1417,28.98
2021-09-02,15,16,8,597.35,SBOA,9,543.6,0,0.0,25.74
2021-09-02,15,16,8,597.35,dMShOA,0,508.0833333333333,9,43.6463,22.02
2021-09-02,15,16,8,597.35,dMShOA,1,441.0833333333333,11,42.3318,22.14
2021-09-02,15,16,8,597.35,dMShOA,2,566.1500000000001,9,36.563,22.16
2021-09-02,15,16,8,597.35,dMShOA,3,545.0833333333333,7,34.5048,22.11
2021-09-02,15,16,8,597.35,dMShOA,4,564.45,9,30.8445,22.32
2021-09-02,15,16,8,597.35,dMShOA,5,527.6166666666667,9,48.2907,22.17
2021-09-02,15,16,8,597.35,dMShOA,6,606.8333333333334,3,34.7111,22.27
2021-09-02,15,16,8,597.35,dMShOA,7,520.4833333333333,7,24.0976,22.17
2021-09-02,15,16,8,597.35,dMShOA,8,453.1833333333333,10,58.9984,22.27
2021-09-02,15,16,8,597.35,dMShOA,9,466.4666666666667,10,33.5283,22.36
2021-07-12,15,16,8,532.8,GA,0,602.2,6,16.45,22.35
2021-07-12,15,16,8,532.8,GA,1,458.4166666666666,3,19.95,22.24
2021-07-12,15,16,8,532.8,GA,2,430.23333333333335,6,25.0972,22.31
2021-07-12,15,16,8,532.8,GA,3,432.3833333333333,7,26.2452,22.28
2021-07-12,15,16,8,532.8,GA,4,410.8833333333333,10,26.5967,22.48
2021-07-12,15,16,8,532.8,GA,5,467.7,7,28.0619,22.56
2021-07-12,15,16,8,532.8,GA,6,506.3666666666667,5,12.1467,22.52
2021-07-12,15,16,8,532.8,GA,7,488.9,6,23.4222,22.39
2021-07-12,15,16,8,532.8,GA,8,421.85,6,15.5028,22.42
2021-07-12,15,16,8,532.8,GA,9,406.35,7,17.3143,22.39
2021-07-12,15,16,8,532.8,dPSO,0,429.23333333333335,8,22.4938,23.58
2021-07-12,15,16,8,532.8,dPSO,1,445.01666666666665,8,22.5958,23.36
2021-07-12,15,16,8,532.8,dPSO,2,436.3666666666667,12,28.4014,23.64
2021-07-12,15,16,8,532.8,dPSO,3,416.1333333333333,11,27.0682,23.56
2021-07-12,15,16,8,532.8,dPSO,4,407.56666666666666,7,37.2834,23.74
2021-07-12,15,16,8,532.8,dPSO,5,477.6833333333333,10,19.3767,23.46
2021-07-12,15,16,8,532.8,dPSO,6,488.9,5,35.7133,23.56
2021-07-12,15,16,8,532.8,dPSO,7,434.7166666666667,11,45.4652,23.81
2021-07-12,15,16,8,532.8,dPSO,8,489.58333333333337,10,31.95,23.61
2021-07-12,15,16,8,532.8,dPSO,9,455.9166666666666,4,37.9959,23.64
2021-07-12,15,16,8,532.8,SBOA,0,391.3666666666667,4,7.425,26.94
2021-07-12,15,16,8,532.8,SBOA,1,393.05,6,20.0195,27.56
2021-07-12,15,16,8,532.8,SBOA,2,463.23333333333335,0,0.0,26.53
2021-07-12,15,16,8,532.8,SBOA,3,525.0833333333334,6,18.8222,26.52
2021-07-12,15,16,8,532.8,SBOA,4,484.3333333333333,8,40.6833,23.54
2021-07-12,15,16,8,532.8,SBOA,5,506.3666666666667,0,0.0,27.68
2021-07-12,15,16,8,532.8,SBOA,6,459.1166666666667,0,0.0,28.12
2021-07-12,15,16,8,532.8,SBOA,7,509.3,11,25.4939,22.99
2021-07-12,15,16,8,532.8,SBOA,8,467.7,2,11.975,29.73
2021-07-12,15,16,8,532.8,SBOA,9,415.75,0,0.0,27.31
2021-07-12,15,16,8,532.8,dMShOA,0,451.2000000000001,11,35.3121,22.31
2021-07-12,15,16,8,532.8,dMShOA,1,412.8,10,43.495,22.07
2021-07-12,15,16,8,532.8,dMShOA,2,497.51666666666665,14,37.9381,22.23
2021-07-12,15,16,8,532.8,dMShOA,3,488.9,12,40.3486,22.31
2021-07-12,15,16,8,532.8,dMShOA,4,499.9166666666667,9,29.9204,22.21
2021-07-12,15,16,8,532.8,dMShOA,5,552.5833333333333,6,50.3167,22.02
2021-07-12,15,16,8,532.8,dMShOA,6,466.8666666666667,12,43.4417,22.38
2021-07-12,15,16,8,532.8,dMShOA,7,462.85,10,40.9733,22.42
2021-07-12,15,16,8,532.8,dMShOA,8,449.23333333333335,12,34.2055,22.16
2021-07-12,15,16,8,532.8,dMShOA,9,533.9,10,30.8017,22.3
2020-12-23,15,16,8,437.76666666666665,GA,0,367.9333333333333,2,2.9583,22.4
2020-12-23,15,16,8,437.76666666666665,GA,1,326.91666666666663,5,30.55,22.25
2020-12-23,15,16,8,437.76666666666665,GA,2,425.58333333333337,5,4.8133,22.41
2020-12-23,15,16,8,437.76666666666665,GA,3,382.7833333333333,6,3.0333,22.11
2020-12-23,15,16,8,437.76666666666665,GA,4,304.1,9,20.2167,22.18
2020-12-23,15,16,8,437.76666666666665,GA,5,388.5,4,7.0125,22.32
2020-12-23,15,16,8,437.76666666666665,GA,6,386.8,7,8.0143,22.17
2020-12-23,15,16,8,437.76666666666665,GA,7,347.8333333333333,8,13.8292,22.22
2020-12-23,15,16,8,437.76666666666665,GA,8,347.8666666666667,5,22.2933,22.23
2020-12-23,15,16,8,437.76666666666665,GA,9,348.15000000000003,8,15.3771,22.31
2020-12-23,15,16,8,437.76666666666665,dPSO,0,323.05,9,24.2963,23.39
2020-12-23,15,16,8,437.76666666666665,dPSO,1,420.2,1,6.0,23.46
2020-12-23,15,16,8,437.76666666666665,dPSO,2,297.2333333333333,7,34.5833,23.63
2020-12-23,15,16,8,437.76666666666665,dPSO,3,295.9666666666667,9,14.7815,23.75
2020-12-23,15,16,8,437.76666666666665,dPSO,4,378.8333333333333,4,4.8417,23.69
2020-12-23,15,16,8,437.76666666666665,dPSO,5,311.8666666666667,8,26.2125,23.59
2020-12-23,15,16,8,437.76666666666665,dPSO,6,311.43333333333334,9,19.3852,23.67
2020-12-23,15,16,8,437.76666666666665,dPSO,7,275.2333333333333,12,29.8333,23.78
2020-12-23,15,16,8,437.76666666666665,dPSO,8,416.4500000000001,2,2.0083,23.75
2020-12-23,15,16,8,437.76666666666665,dPSO,9,319.2333333333333,4,17.8166,23.63
2020-12-23,15,16,8,437.76666666666665,SBOA,0,305.95,5,31.4067,29.63
2020-12-23,15,16,8,437.76666666666665,SBOA,1,299.9166666666667,9,22.8426,23.92
2020-12-23,15,16,8,437.76666666666665,SBOA,2,298.55,3,11.7278,26.92
2020-12-23,15,16,8,437.76666666666665,SBOA,3,347.2,2,4.0916,27.98
2020-12-23,15,16,8,437.76666666666665,SBOA,4,368.7,2,5.8167,26.59
2020-12-23,15,16,8,437.76666666666665,SBOA,5,303.1,6,35.0278,27.45
2020-12-23,15,16,8,437.76666666666665,SBOA,6,343.5,5,8.6433,28.44
2020-12-23,15,16,8,437.76666666666665,SBOA,7,366.23333333333335,2,9.9167,24.71
2020-12-23,15,16,8,437.76666666666665,SBOA,8,339.3333333333333,5,7.52,25.4
2020-12-23,15,16,8,437.76666666666665,SBOA,9,331.21666666666664,2,8.325,29.03
2020-12-23,15,16,8,437.76666666666665,dMShOA,0,346.46666666666664,7,30.5833,22.11
2020-12-23,15,16,8,437.76666666666665,dMShOA,1,369.3833333333333,7,21.0452,22.13
2020-12-23,15,16,8,437.76666666666665,dMShOA,2,470.0833333333333,5,23.3467,22.17
2020-12-23,15,16,8,437.76666666666665,dMShOA,3,320.65,7,31.2905,22.33
2020-12-23,15,16,8,437.76666666666665,dMShOA,4,369.3666666666667,6,19.1833,22.24
2020-12-23,15,16,8,437.76666666666665,dMShOA,5,307.9833333333333,7,43.4476,22.21
2020-12-23,15,16,8,437.76666666666665,dMShOA,6,392.2666666666667,7,20.2976,22.24
2020-12-23,15,16,8,437.76666666666665,dMShOA,7,331.85,10,20.3767,22.45
2020-12-23,15,16,8,437.76666666666665,dMShOA,8,446.0833333333333,8,20.4646,22.32
2020-12-23,15,16,8,437.76666666666665,dMShOA,9,372.8333333333333,4,24.0,22.26
2021-09-23,15,16,8,631.8833333333333,GA,0,560.15,5,9.1967,22.26
2021-09-23,15,16,8,631.8833333333333,GA,1,518.25,0,0.0,22.12
2021-09-23,15,16,8,631.8833333333333,GA,2,485.6833333333333,3,12.9556,22.23
2021-09-23,15,16,8,631.8833333333333,GA,3,492.1166666666667,3,26.8889,22.26
2021-09-23,15,16,8,631.8833333333333,GA,4,522.85,3,9.8055,22.33
2021-09-23,15,16,8,631.8833333333333,GA,5,507.15,0,0.0,22.37
2021-09-23,15,16,8,631.8833333333333,GA,6,497.4333333333333,7,14.9309,22.29
2021-09-23,15,16,8,631.8833333333333,GA,7,475.6166666666667,8,21.8896,22.34
2021-09-23,15,16,8,631.8833333333333,GA,8,501.15,6,17.8667,22.18
2021-09-23,15,16,8,631.8833333333333,GA,9,520.5333333333333,2,9.575,22.31
2021-09-23,15,16,8,631.8833333333333,dPSO,0,465.6166666666667,7,16.0952,23.54
2021-09-23,15,16,8,631.8833333333333,dPSO,1,555.6833333333333,10,29.8017,23.61
2021-09-23,15,16,8,631.8833333333333,dPSO,2,501.2,7,13.7167,23.75
2021-09-23,15,16,8,631.8833333333333,dPSO,3,457.15,9,19.9815,23.67
2021-09-23,15,16,8,631.8833333333333,dPSO,4,461.75,11,32.3939,23.86
2021-09-23,15,16,8,631.8833333333333,dPSO,5,578.1999999999999,8,30.1896,23.72
2021-09-23,15,16,8,631.8833333333333,dPSO,6,457.15,9,37.0444,23.77
2021-09-23,15,16,8,631.8833333333333,dPSO,7,524.2,6,26.1556,23.63
2021-09-23,15,16,8,631.8833333333333,dPSO,8,463.5,9,23.313,23.34
2021-09-23,15,16,8,631.8833333333333,dPSO,9,488.5,11,35.0409,23.66
2021-09-23,15,16,8,631.8833333333333,SBOA,0,471.6166666666667,15,38.5044,22.33
2021-09-23,15,16,8,631.8833333333333,SBOA,1,464.23333333333335,4,11.95,29.81
2021-09-23,15,16,8,631.8833333333333,SBOA,2,516.85,4,2.45,24.11
2021-09-23,15,16,8,631.8833333333333,SBOA,3,518.25,2,8.0583,27.81
2021-09-23,15,16,8,631.8833333333333,SBOA,4,507.25,0,0.0,30.25
2021-09-23,15,16,8,631.8833333333333,SBOA,5,586.15,0,0.0,25.62
2021-09-23,15,16,8,631.8833333333333,SBOA,6,479.5,0,0.0,28.77
2021-09-23,15,16,8,631.8833333333333,SBOA,7,465.75,4,19.6625,28.51
2021-09-23,15,16,8,631.8833333333333,SBOA,8,461.25,3,6.8889,28.0
2021-09-23,15,16,8,631.8833333333333,SBOA,9,460.23333333333335,1,6.9333,27.58
2021-09-23,15,16,8,631.8833333333333,dMShOA,0,481.1833333333333,10,36.6283,22.19
2021-09-23,15,16,8,631.8833333333333,dMShOA,1,529.7666666666667,9,39.6519,22.27
2021-09-23,15,16,8,631.8833333333333,dMShOA,2,486.6,9,28.8222,22.33
2021-09-23,15,16,8,631.8833333333333,dMShOA,3,583.4333333333334,7,39.1381,22.32
2021-09-23,15,16,8,631.8833333333333,dMShOA,4,507.65,11,29.3182,22.38
2021-09-23,15,16,8,631.8833333333333,dMShOA,5,503.15,10,42.8,22.4
2021-09-23,15,16,8,631.8833333333333,dMShOA,6,526.6,10,33.75,22.32
2021-09-23,15,16,8,631.8833333333333,dMShOA,7,495.2,9,28.8259,22.35
2021-09-23,15,16,8,631.8833333333333,dMShOA,8,486.6,6,25.6083,22.01
2021-09-23,15,16,8,631.8833333333333,dMShOA,9,477.0833333333333,7,36.2547,22.23
2020-02-17,15,16,8,840.4166666666666,GA,0,400.1666666666667,5,3.3833,22.31
2020-02-17,15,16,8,840.4166666666666,GA,1,400.1666666666667,5,6.4167,22.24
2020-02-17,15,16,8,840.4166666666666,GA,2,400.1666666666667,3,2.8278,22.26
2020-02-17,15,16,8,840.4166666666666,GA,3,405.75000000000006,5,11.0867,22.23
2020-02-17,15,16,8,840.4166666666666,GA,4,400.1666666666667,4,6.9542,22.44
2020-02-17,15,16,8,840.4166666666666,GA,5,413.0166666666667,4,4.5666,22.33
2020-02-17,15,16,8,840.4166666666666,GA,6,400.1666666666667,2,5.275,22.47
2020-02-17,15,16,8,840.4166666666666,GA,7,400.1666666666667,4,8.2166,22.45
2020-02-17,15,16,8,840.4166666666666,GA,8,400.1666666666667,1,8.05,22.09
2020-02-17,15,16,8,840.4166666666666,GA,9,400.1666666666667,4,5.6792,22.32
2020-02-17,15,16,8,840.4166666666666,dPSO,0,400.1666666666667,0,0.0,23.62
2020-02-17,15,16,8,840.4166666666666,dPSO,1,400.1666666666667,7,14.1571,23.41
2020-02-17,15,16,8,840.4166666666666,dPSO,2,400.1666666666667,8,14.7458,23.54
2020-02-17,15,16,8,840.4166666666666,dPSO,3,414.05,3,3.2389,23.64
2020-02-17,15,16,8,840.4166666666666,dPSO,4,412.5,4,9.0708,23.62
2020-02-17,15,16,8,840.4166666666666,dPSO,5,412.5,3,5.8389,23.54
2020-02-17,15,16,8,840.4166666666666,dPSO,6,487.1666666666667,3,3.0722,23.4
2020-02-17,15,16,8,840.4166666666666,dPSO,7,429.1666666666667,4,10.9209,23.76
2020-02-17,15,16,8,840.4166666666666,dPSO,8,428.6833333333333,9,13.8426,23.72
2020-02-17,15,16,8,840.4166666666666,dPSO,9,404.85,12,21.9986,23.65
2020-02-17,15,16,8,840.4166666666666,SBOA,0,405.75000000000006,1,2.1167,26.84
2020-02-17,15,16,8,840.4166666666666,SBOA,1,400.1666666666667,0,0.0,29.61
2020-02-17,15,16,8,840.4166666666666,SBOA,2,400.1666666666667,1,12.3,29.81
2020-02-17,15,16,8,840.4166666666666,SBOA,3,494.28333333333336,2,13.45,23.16
2020-02-17,15,16,8,840.4166666666666,SBOA,4,400.1666666666667,3,2.3611,27.13
2020-02-17,15,16,8,840.4166666666666,SBOA,5,400.1666666666667,0,0.0,26.61
2020-02-17,15,16,8,840.4166666666666,SBOA,6,400.1666666666667,1,47.0,26.05
2020-02-17,15,16,8,840.4166666666666,SBOA,7,400.1666666666667,0,0.0,29.93
2020-02-17,15,16,8,840.4166666666666,SBOA,8,400.1666666666667,0,0.0,29.44
2020-02-17,15,16,8,840.4166666666666,SBOA,9,400.1666666666667,0,0.0,28.45
2020-02-17,15,16,8,840.4166666666666,dMShOA,0,442.3833333333334,5,16.56,22.29
2020-02-17,15,16,8,840.4166666666666,dMShOA,1,400.1666666666667,4,14.3583,22.04
2020-02-17,15,16,8,840.4166666666666,dMShOA,2,409.4833333333333,5,11.45,22.12
2020-02-17,15,16,8,840.4166666666666,dMShOA,3,400.1666666666667,5,10.08,22.27
2020-02-17,15,16,8,840.4166666666666,dMShOA,4,432.3666666666667,5,18.7833,22.19
2020-02-17,15,16,8,840.4166666666666,dMShOA,5,414.05,7,19.6048,22.12
2020-02-17,15,16,8,840.4166666666666,dMShOA,6,426.8833333333333,8,18.525,21.98
2020-02-17,15,16,8,840.4166666666666,dMShOA,7,400.1666666666667,4,20.5042,22.26
2020-02-17,15,16,8,840.4166666666666,dMShOA,8,400.1666666666667,7,15.7,22.35
2020-02-17,15,16,8,840.4166666666666,dMShOA,9,423.56666666666666,7,12.2262,22.21
2021-12-14,20,21,8,750.95,GA,0,767.5666666666667,6,13.3889,28.97
2021-12-14,20,21,8,750.95,GA,1,537.8333333333334,9,51.0389,28.99
2021-12-14,20,21,8,750.95,GA,2,603.5333333333333,9,30.1222,28.73
2021-12-14,20,21,8,750.95,GA,3,642.5833333333334,9,15.3796,28.94
2021-12-14,20,21,8,750.95,GA,4,593.0000000000001,9,37.3667,28.97
2021-12-14,20,21,8,750.95,GA,5,514.7,13,39.6487,29.05
2021-12-14,20,21,8,750.95,GA,6,599.5500000000001,8,37.5833,28.79
2021-12-14,20,21,8,750.95,GA,7,461.9333333333333,17,33.8696,28.75
2021-12-14,20,21,8,750.95,GA,8,636.6166666666667,6,41.9639,29.09
2021-12-14,20,21,8,750.95,GA,9,650.3666666666667,6,36.6444,28.85
2021-12-14,20,21,8,750.95,dPSO,0,593.0500000000001,13,45.2782,29.95
2021-12-14,20,21,8,750.95,dPSO,1,599.5500000000001,11,54.1955,30.15
2021-12-14,20,21,8,750.95,dPSO,2,652.8333333333334,15,53.3289,30.08
2021-12-14,20,21,8,750.95,dPSO,3,601.0833333333334,10,33.225,29.8
2021-12-14,20,21,8,750.95,dPSO,4,592.15,10,46.09,30.17
2021-12-14,20,21,8,750.95,dPSO,5,693.95,10,24.0483,30.03
2021-12-14,20,21,8,750.95,dPSO,6,604.5166666666668,18,49.7935,29.83
2021-12-14,20,21,8,750.95,dPSO,7,533.4166666666666,15,48.6467,30.11
2021-12-14,20,21,8,750.95,dPSO,8,523.9333333333333,17,31.7333,30.26
2021-12-14,20,21,8,750.95,dPSO,9,761.2333333333333,10,30.0067,30.22
2021-12-14,20,21,8,750.95,SBOA,0,750.2333333333333,1,9.5667,37.82
2021-12-14,20,21,8,750.95,SBOA,1,557.75,8,10.7271,39.47
2021-12-14,20,21,8,750.95,SBOA,2,516.0500000000001,4,26.8,38.86
2021-12-14,20,21,8,750.95,SBOA,3,627.5999999999999,2,15.5584,37.89
2021-12-14,20,21,8,750.95,SBOA,4,558.9,9,35.9685,35.89
2021-12-14,20,21,8,750.95,SBOA,5,922.5166666666668,4,14.9417,30.52
2021-12-14,20,21,8,750.95,SBOA,6,567.7166666666667,5,70.7834,32.87
2021-12-14,20,21,8,750.95,SBOA,7,606.2166666666667,5,81.7033,35.17
2021-12-14,20,21,8,750.95,SBOA,8,714.35,6,9.1305,34.49
2021-12-14,20,21,8,750.95,SBOA,9,617.6,16,76.4698,27.96
2021-12-14,20,21,8,750.95,dMShOA,0,619.3833333333333,10,61.635,28.35
2021-12-14,20,21,8,750.95,dMShOA,1,770.9,12,45.0208,28.22
2021-12-14,20,21,8,750.95,dMShOA,2,669.9333333333334,12,53.2375,28.5
2021-12-14,20,21,8,750.95,dMShOA,3,664.5500000000001,16,47.0177,28.41
2021-12-14,20,21,8,750.95,dMShOA,4,691.0666666666666,14,63.3012,28.48
2021-12-14,20,21,8,750.95,dMShOA,5,791.65,10,42.7033,28.17
2021-12-14,20,21,8,750.95,dMShOA,6,516.7,15,73.0067,28.38
2021-12-14,20,21,8,750.95,dMShOA,7,622.7,14,59.7369,28.3
2021-12-14,20,21,8,750.95,dMShOA,8,544.4833333333333,14,71.1214,28.58
2021-12-14,20,21,8,750.95,dMShOA,9,610.3166666666666,9,78.9833,28.58
2020-11-17,20,21,8,546.35,GA,0,623.2,14,33.8369,29.07
2020-11-17,20,21,8,546.35,GA,1,720.1333333333334,10,24.1917,29.06
2020-11-17,20,21,8,546.35,GA,2,670.4666666666667,12,35.8208,28.92
2020-11-17,20,21,8,546.35,GA,3,722.6166666666667,10,35.665,28.77
2020-11-17,20,21,8,546.35,GA,4,797.0666666666667,8,37.8021,28.99
2020-11-17,20,21,8,546.35,GA,5,612.15,17,55.6588,29.19
2020-11-17,20,21,8,546.35,GA,6,702.8000000000001,11,36.8364,29.13
2020-11-17,20,21,8,546.35,GA,7,632.4000000000001,13,42.3321,28.97
2020-11-17,20,21,8,546.35,GA,8,667.2166666666667,7,16.619,29.06
2020-11-17,20,21,8,546.35,GA,9,609.9666666666667,10,34.4867,29.0
2020-11-17,20,21,8,546.35,dPSO,0,589.35,18,71.363,30.08
2020-11-17,20,21,8,546.35,dPSO,1,746.4833333333333,9,51.3111,29.72
2020-11-17,20,21,8,546.35,dPSO,2,701.45,13,57.0064,30.34
2020-11-17,20,21,8,546.35,dPSO,3,606.1333333333334,17,47.7098,30.3
2020-11-17,20,21,8,546.35,dPSO,4,613.8833333333333,18,61.8602,29.98
2020-11-17,20,21,8,546.35,dPSO,5,705.7833333333333,15,59.8978,29.98
2020-11-17,20,21,8,546.35,dPSO,6,618.0833333333334,21,48.5849,29.78
2020-11-17,20,21,8,546.35,dPSO,7,627.8000000000001,14,55.1869,30.05
2020-11-17,20,21,8,546.35,dPSO,8,675.0,16,42.2177,29.97
2020-11-17,20,21,8,546.35,dPSO,9,590.25,14,57.4369,29.7
2020-11-17,20,21,8,546.35,SBOA,0,656.3666666666667,5,17.8367,38.82
2020-11-17,20,21,8,546.35,SBOA,1,633.7833333333334,4,18.4958,39.2
2020-11-17,20,21,8,546.35,SBOA,2,636.0166666666667,3,13.9111,35.95
2020-11-17,20,21,8,546.35,SBOA,3,768.0833333333334,6,4.4167,35.49
2020-11-17,20,21,8,546.35,SBOA,4,631.6333333333333,7,15.4976,31.14
2020-11-17,20,21,8,546.35,SBOA,5,651.9333333333334,13,24.0782,38.09
2020-11-17,20,21,8,546.35,SBOA,6,639.15,3,4.0111,36.83
2020-11-17,20,21,8,546.35,SBOA,7,615.4666666666667,2,3.95,39.08
2020-11-17,20,21,8,546.35,SBOA,8,613.7166666666667,5,34.2567,32.85
2020-11-17,20,21,8,546.35,SBOA,9,757.6833333333334,6,7.4028,35.67
2020-11-17,20,21,8,546.35,dMShOA,0,668.5666666666667,14,58.7178,28.31
2020-11-17,20,21,8,546.35,dMShOA,1,665.5666666666667,18,52.9852,28.05
2020-11-17,20,21,8,546.35,dMShOA,2,622.4333333333334,14,63.8191,28.47
2020-11-17,20,21,8,546.35,dMShOA,3,696.8833333333334,13,64.3744,28.62
2020-11-17,20,21,8,546.35,dMShOA,4,620.8333333333334,17,57.1559,28.26
2020-11-17,20,21,8,546.35,dMShOA,5,634.1666666666667,16,64.5573,28.08
2020-11-17,20,21,8,546.35,dMShOA,6,685.0500000000001,16,61.2729,28.21
2020-11-17,20,21,8,546.35,dMShOA,7,722.4000000000001,15,41.6433,28.14
2020-11-17,20,21,8,546.35,dMShOA,8,837.8000000000001,14,47.0107,28.3
2020-11-17,20,21,8,546.35,dMShOA,9,543.4833333333333,15,75.5433,28.02
2022-03-09,20,19,8,607.0333333333333,GA,0,510.31666666666666,10,24.9083,26.21
2022-03-09,20,19,8,607.0333333333333,GA,1,530.5833333333333,8,22.7396,26.45
2022-03-09,20,19,8,607.0333333333333,GA,2,482.9333333333333,12,42.5847,26.42
2022-03-09,20,19,8,607.0333333333333,GA,3,559.3666666666667,10,37.6184,26.52
2022-03-09,20,19,8,607.0333333333333,GA,4,485.25,7,26.7833,26.58
2022-03-09,20,19,8,607.0333333333333,GA,5,499.8,8,17.9354,26.43
2022-03-09,20,19,8,607.0333333333333,GA,6,496.8666666666666,10,41.5667,26.26
2022-03-09,20,19,8,607.0333333333333,GA,7,478.1333333333333,9,33.7537,26.46
2022-03-09,20,19,8,607.0333333333333,GA,8,568.7666666666667,6,23.1611,26.47
2022-03-09,20,19,8,607.0333333333333,GA,9,502.5833333333333,11,29.8727,26.37
2022-03-09,20,19,8,607.0333333333333,dPSO,0,494.06666666666666,15,33.6856,27.53
2022-03-09,20,19,8,607.0333333333333,dPSO,1,463.1166666666667,14,38.4095,27.25
2022-03-09,20,19,8,607.0333333333333,dPSO,2,468.4666666666666,14,50.2869,27.25
2022-03-09,20,19,8,607.0333333333333,dPSO,3,492.1,11,41.0621,27.29
2022-03-09,20,19,8,607.0333333333333,dPSO,4,492.65,8,25.1812,27.48
2022-03-09,20,19,8,607.0333333333333,dPSO,5,464.8833333333333,10,50.3983,27.45
2022-03-09,20,19,8,607.0333333333333,dPSO,6,448.3333333333333,15,49.5567,27.57
2022-03-09,20,19,8,607.0333333333333,dPSO,7,515.35,9,13.6926,27.64
2022-03-09,20,19,8,607.0333333333333,dPSO,8,523.0666666666666,11,49.7773,27.54
2022-03-09,20,19,8,607.0333333333333,dPSO,9,563.65,15,46.7467,27.43
2022-03-09,20,19,8,607.0333333333333,SBOA,0,652.2833333333333,1,4.7667,31.99
2022-03-09,20,19,8,607.0333333333333,SBOA,1,553.1833333333333,0,0.0,31.23
2022-03-09,20,19,8,607.0333333333333,SBOA,2,557.8333333333334,0,0.0,34.57
2022-03-09,20,19,8,607.0333333333333,SBOA,3,508.78333333333336,5,32.5933,29.66
2022-03-09,20,19,8,607.0333333333333,SBOA,4,569.1666666666666,7,17.1595,31.48
2022-03-09,20,19,8,607.0333333333333,SBOA,5,466.78333333333336,8,17.8604,34.85
2022-03-09,20,19,8,607.0333333333333,SBOA,6,458.6333333333333,13,32.7205,27.45
2022-03-09,20,19,8,607.0333333333333,SBOA,7,557.0666666666667,6,14.9139,29.15
2022-03-09,20,19,8,607.0333333333333,SBOA,8,479.9166666666667,9,21.6278,31.15
2022-03-09,20,19,8,607.0333333333333,SBOA,9,477.51666666666665,6,20.35,35.16
2022-03-09,20,19,8,607.0333333333333,dMShOA,0,655.8666666666667,13,35.6205,25.56
2022-03-09,20,19,8,607.0333333333333,dMShOA,1,456.75,13,49.8961,25.94
2022-03-09,20,19,8,607.0333333333333,dMShOA,2,483.2000000000001,13,33.4115,25.65
2022-03-09,20,19,8,607.0333333333333,dMShOA,3,561.4499999999999,13,43.1936,25.82
2022-03-09,20,19,8,607.0333333333333,dMShOA,4,560.15,10,29.1717,25.92
2022-03-09,20,19,8,607.0333333333333,dMShOA,5,603.7166666666666,13,42.9257,25.74
2022-03-09,20,19,8,607.0333333333333,dMShOA,6,485.7666666666667,11,52.4227,26.05
2022-03-09,20,19,8,607.0333333333333,dMShOA,7,473.8833333333334,15,52.19,26.08
2022-03-09,20,19,8,607.0333333333333,dMShOA,8,524.8333333333333,11,64.1212,26.06
2022-03-09,20,19,8,607.0333333333333,dMShOA,9,541.0166666666667,10,55.85,25.81
2023-01-17,20,19,8,622.0666666666667,GA,0,581.4333333333333,10,30.795,26.27
2023-01-17,20,19,8,622.0666666666667,GA,1,648.2833333333333,10,37.7317,26.28
2023-01-17,20,19,8,622.0666666666667,GA,2,606.0666666666666,7,24.6452,26.19
2023-01-17,20,19,8,622.0666666666667,GA,3,580.9666666666666,13,34.7936,26.45
2023-01-17,20,19,8,622.0666666666667,GA,4,572.1,8,38.6708,26.29
2023-01-17,20,19,8,622.0666666666667,GA,5,640.4333333333333,14,31.7048,26.45
2023-01-17,20,19,8,622.0666666666667,GA,6,600.75,13,37.0808,26.54
2023-01-17,20,19,8,622.0666666666667,GA,7,585.5166666666667,6,25.8333,26.27
2023-01-17,20,19,8,622.0666666666667,GA,8,688.75,10,22.1217,26.4
2023-01-17,20,19,8,622.0666666666667,GA,9,617.15,8,29.3542,26.4
2023-01-17,20,19,8,622.0666666666667,dPSO,0,691.6999999999999,11,51.6,27.48
2023-01-17,20,19,8,622.0666666666667,dPSO,1,558.15,6,13.3556,27.68
2023-01-17,20,19,8,622.0666666666667,dPSO,2,627.5,14,39.8845,27.44
2023-01-17,20,19,8,622.0666666666667,dPSO,3,606.15,14,48.4726,27.45
2023-01-17,20,19,8,622.0666666666667,dPSO,4,573.15,15,69.3733,27.73
2023-01-17,20,19,8,622.0666666666667,dPSO,5,652.8,13,35.4744,27.65
2023-01-17,20,19,8,622.0666666666667,dPSO,6,624.15,14,56.375,27.65
2023-01-17,20,19,8,622.0666666666667,dPSO,7,677.8,10,25.7733,27.44
2023-01-17,20,19,8,622.0666666666667,dPSO,8,667.4833333333333,7,34.6976,27.65
2023-01-17,20,19,8,622.0666666666667,dPSO,9,617.6166666666667,10,60.065,27.5
2023-01-17,20,19,8,622.0666666666667,SBOA,0,665.5833333333334,0,0.0,32.42
2023-01-17,20,19,8,622.0666666666667,SBOA,1,574.05,13,50.2603,28.02
2023-01-17,20,19,8,622.0666666666667,SBOA,2,580.15,3,21.2833,33.93
2023-01-17,20,19,8,622.0666666666667,SBOA,3,728.9499999999999,4,21.3375,32.42
2023-01-17,20,19,8,622.0666666666667,SBOA,4,568.15,5,10.1667,31.67
2023-01-17,20,19,8,622.0666666666667,SBOA,5,800.0833333333334,15,37.9322,27.45
2023-01-17,20,19,8,622.0666666666667,SBOA,6,652.8,1,0.4,34.09
2023-01-17,20,19,8,622.0666666666667,SBOA,7,613.1833333333333,2,4.125,34.15
2023-01-17,20,19,8,622.0666666666667,SBOA,8,581.9666666666666,6,5.6389,37.2
2023-01-17,20,19,8,622.0666666666667,SBOA,9,565.9333333333334,2,2.4917,32.98
2023-01-17,20,19,8,622.0666666666667,dMShOA,0,634.15,14,61.0833,26.0
2023-01-17,20,19,8,622.0666666666667,dMShOA,1,694.3333333333334,14,50.406,26.08
2023-01-17,20,19,8,622.0666666666667,dMShOA,2,608.25,12,38.75,25.94
2023-01-17,20,19,8,622.0666666666667,dMShOA,3,660.9833333333333,16,47.4083,25.97
2023-01-17,20,19,8,622.0666666666667,dMShOA,4,753.7833333333333,8,58.1437,25.93
2023-01-17,20,19,8,622.0666666666667,dMShOA,5,718.4333333333333,13,46.2821,26.04
2023-01-17,20,19,8,622.0666666666667,dMShOA,6,666.4833333333333,14,60.4667,26.08
2023-01-17,20,19,8,622.0666666666667,dMShOA,7,658.3,13,57.4282,25.88
2023-01-17,20,19,8,622.0666666666667,dMShOA,8,642.2833333333333,12,71.1014,26.18
2023-01-17,20,19,8,622.0666666666667,dMShOA,9,663.9333333333333,13,52.2551,25.82
2022-06-10,20,21,8,676.1833333333333,GA,0,436.4333333333333,11,42.1818,28.75
2022-06-10,20,21,8,676.1833333333333,GA,1,523.5166666666667,5,52.4167,28.99
2022-06-10,20,21,8,676.1833333333333,GA,2,419.5666666666666,11,40.4303,28.91
2022-06-10,20,21,8,676.1833333333333,GA,3,451.9833333333333,8,36.9417,28.98
2022-06-10,20,21,8,676.1833333333333,GA,4,378.4833333333333,14,41.8036,29.06
2022-06-10,20,21,8,676.1833333333333,GA,5,467.0833333333333,13,18.0987,29.02
2022-06-10,20,21,8,676.1833333333333,GA,6,429.3333333333333,18,20.6778,28.98
2022-06-10,20,21,8,676.1833333333333,GA,7,446.2,9,51.3389,29.06
2022-06-10,20,21,8,676.1833333333333,GA,8,432.0,8,19.0167,29.14
2022-06-10,20,21,8,676.1833333333333,GA,9,398.2833333333333,17,37.4029,28.85
2022-06-10,20,21,8,676.1833333333333,dPSO,0,372.0,19,54.4579,29.84
2022-06-10,20,21,8,676.1833333333333,dPSO,1,447.4666666666666,20,43.1683,29.81
2022-06-10,20,21,8,676.1833333333333,dPSO,2,499.6166666666667,15,31.6489,30.0
2022-06-10,20,21,8,676.1833333333333,dPSO,3,456.4,13,26.2141,29.72
2022-06-10,20,21,8,676.1833333333333,dPSO,4,435.5333333333333,16,42.9094,30.27
2022-06-10,20,21,8,676.1833333333333,dPSO,5,390.81666666666666,13,65.4795,29.92
2022-06-10,20,21,8,676.1833333333333,dPSO,6,427.7,17,50.7716,30.12
2022-06-10,20,21,8,676.1833333333333,dPSO,7,454.35,10,25.76,29.75
2022-06-10,20,21,8,676.1833333333333,dPSO,8,351.2,19,48.9131,30.18
2022-06-10,20,21,8,676.1833333333333,dPSO,9,393.75,18,46.9222,30.0
2022-06-10,20,21,8,676.1833333333333,SBOA,0,484.48333333333335,0,0.0,33.85
2022-06-10,20,21,8,676.1833333333333,SBOA,1,462.1,0,0.0,40.51
2022-06-10,20,21,8,676.1833333333333,SBOA,2,509.7,2,26.8333,35.92
2022-06-10,20,21,8,676.1833333333333,SBOA,3,423.25,3,18.3389,39.9
2022-06-10,20,21,8,676.1833333333333,SBOA,4,402.6666666666666,12,10.5431,38.78
2022-06-10,20,21,8,676.1833333333333,SBOA,5,451.9333333333333,8,37.2833,36.33
2022-06-10,20,21,8,676.1833333333333,SBOA,6,485.8666666666666,6,6.4861,38.89
2022-06-10,20,21,8,676.1833333333333,SBOA,7,400.1,9,5.8278,38.52
2022-06-10,20,21,8,676.1833333333333,SBOA,8,397.76666666666665,5,10.01,38.39
2022-06-10,20,21,8,676.1833333333333,SBOA,9,493.48333333333335,1,8.7,37.27
2022-06-10,20,21,8,676.1833333333333,dMShOA,0,487.4,12,33.5625,28.13
2022-06-10,20,21,8,676.1833333333333,dMShOA,1,517.0833333333333,10,53.24,28.16
2022-06-10,20,21,8,676.1833333333333,dMShOA,2,451.7166666666666,10,30.6367,28.31
2022-06-10,20,21,8,676.1833333333333,dMShOA,3,431.26666666666665,15,49.7256,28.01
2022-06-10,20,21,8,676.1833333333333,dMShOA,4,428.8833333333333,17,57.0157,28.5
2022-06-10,20,21,8,676.1833333333333,dMShOA,5,404.65,15,57.3867,28.34
2022-06-10,20,21,8,676.1833333333333,dMShOA,6,383.53333333333336,19,39.3921,27.93
2022-06-10,20,21,8,676.1833333333333,dMShOA,7,513.9333333333334,15,41.1311,28.28
2022-06-10,20,21,8,676.1833333333333,dMShOA,8,531.5833333333334,14,57.3607,28.42
2022-06-10,20,21,8,676.1833333333333,dMShOA,9,420.0833333333333,13,48.8436,28.26
2021-12-15,25,24,8,765.7833333333333,GA,0,472.4166666666667,14,43.9464,32.89
2021-12-15,25,24,8,765.7833333333333,GA,1,534.2,12,50.6569,32.64
2021-12-15,25,24,8,765.7833333333333,GA,2,660.1833333333334,15,29.8422,32.81
2021-12-15,25,24,8,765.7833333333333,GA,3,538.9,12,41.5514,32.9
2021-12-15,25,24,8,765.7833333333333,GA,4,555.4333333333333,13,36.4769,32.69
2021-12-15,25,24,8,765.7833333333333,GA,5,463.7000000000001,14,51.6036,32.72
2021-12-15,25,24,8,765.7833333333333,GA,6,486.3666666666667,11,20.5212,33.19
2021-12-15,25,24,8,765.7833333333333,GA,7,497.2166666666667,17,43.4843,32.9
2021-12-15,25,24,8,765.7833333333333,GA,8,497.05,15,47.6756,32.94
2021-12-15,25,24,8,765.7833333333333,GA,9,522.2666666666667,14,28.2833,33.17
2021-12-15,25,24,8,765.7833333333333,dPSO,0,510.6,21,48.7079,33.66
2021-12-15,25,24,8,765.7833333333333,dPSO,1,475.38333333333327,15,58.1422,33.71
2021-12-15,25,24,8,765.7833333333333,dPSO,2,552.4166666666667,16,39.7583,33.75
2021-12-15,25,24,8,765.7833333333333,dPSO,3,659.7833333333333,10,26.5,33.79
2021-12-15,25,24,8,765.7833333333333,dPSO,4,494.5,17,65.5206,33.94
2021-12-15,25,24,8,765.7833333333333,dPSO,5,576.2333333333333,15,41.3233,33.88
2021-12-15,25,24,8,765.7833333333333,dPSO,6,550.5166666666667,12,65.5292,33.57
2021-12-15,25,24,8,765.7833333333333,dPSO,7,476.6833333333333,14,42.7929,33.89
2021-12-15,25,24,8,765.7833333333333,dPSO,8,522.1166666666667,11,39.0561,33.82
2021-12-15,25,24,8,765.7833333333333,dPSO,9,524.85,21,54.6563,33.76
2021-12-15,25,24,8,765.7833333333333,SBOA,0,509.23333333333335,6,13.9639,44.4
2021-12-15,25,24,8,765.7833333333333,SBOA,1,645.0999999999999,0,0.0,43.6
2021-12-15,25,24,8,765.7833333333333,SBOA,2,433.3166666666667,11,42.5258,40.59
2021-12-15,25,24,8,765.7833333333333,SBOA,3,533.95,7,23.0476,45.11
2021-12-15,25,24,8,765.7833333333333,SBOA,4,447.75,11,9.6606,45.52
2021-12-15,25,24,8,765.7833333333333,SBOA,5,468.85,14,45.65,32.96
2021-12-15,25,24,8,765.7833333333333,SBOA,6,627.1666666666666,1,27.6667,45.47
2021-12-15,25,24,8,765.7833333333333,SBOA,7,529.5,9,10.2,43.27
2021-12-15,25,24,8,765.7833333333333,SBOA,8,526.05,5,11.6967,44.23
2021-12-15,25,24,8,765.7833333333333,SBOA,9,594.6999999999999,0,0.0,44.15
2021-12-15,25,24,8,765.7833333333333,dMShOA,0,577.4,16,57.051,31.67
2021-12-15,25,24,8,765.7833333333333,dMShOA,1,565.8666666666667,17,53.0922,31.82
2021-12-15,25,24,8,765.7833333333333,dMShOA,2,483.58333333333337,19,73.7289,31.77
2021-12-15,25,24,8,765.7833333333333,dMShOA,3,535.8833333333333,19,61.1184,31.78
2021-12-15,25,24,8,765.7833333333333,dMShOA,4,560.6500000000001,18,73.6426,32.0
2021-12-15,25,24,8,765.7833333333333,dMShOA,5,570.1666666666666,14,78.6666,31.94
2021-12-15,25,24,8,765.7833333333333,dMShOA,6,491.6833333333333,17,76.8118,31.58
2021-12-15,25,24,8,765.7833333333333,dMShOA,7,499.4166666666667,17,63.1451,31.83
2021-12-15,25,24,8,765.7833333333333,dMShOA,8,495.35,17,72.6873,31.79
2021-12-15,25,24,8,765.7833333333333,dMShOA,9,675.7666666666667,17,51.802,31.79
2023-01-26,25,24,8,703.1333333333333,GA,0,580.6999999999999,18,68.7713,32.73
2023-01-26,25,24,8,703.1333333333333,GA,1,692.0833333333333,10,41.4383,32.88
2023-01-26,25,24,8,703.1333333333333,GA,2,635.9333333333333,11,54.6409,33.02
2023-01-26,25,24,8,703.1333333333333,GA,3,752.0166666666667,7,41.8524,33.11
2023-01-26,25,24,8,703.1333333333333,GA,4,544.6,21,60.7635,32.99
2023-01-26,25,24,8,703.1333333333333,GA,5,655.7333333333332,8,55.9146,33.17
2023-01-26,25,24,8,703.1333333333333,GA,6,661.0166666666667,16,48.1344,33.15
2023-01-26,25,24,8,703.1333333333333,GA,7,597.6833333333333,11,43.3182,33.08
2023-01-26,25,24,8,703.1333333333333,GA,8,564.3166666666667,12,44.2014,32.8
2023-01-26,25,24,8,703.1333333333333,GA,9,548.8333333333333,15,48.0244,33.09
2023-01-26,25,24,8,703.1333333333333,dPSO,0,588.0333333333333,14,88.3976,33.93
2023-01-26,25,24,8,703.1333333333333,dPSO,1,509.9666666666667,16,64.8906,33.9
2023-01-26,25,24,8,703.1333333333333,dPSO,2,521.4,23,84.8275,33.66
2023-01-26,25,24,8,703.1333333333333,dPSO,3,546.15,21,92.0714,33.35
2023-01-26,25,24,8,703.1333333333333,dPSO,4,519.0833333333334,20,79.0042,33.8
2023-01-26,25,24,8,703.1333333333333,dPSO,5,553.5833333333334,18,69.6454,33.69
2023-01-26,25,24,8,703.1333333333333,dPSO,6,514.8833333333333,21,67.8421,33.53
2023-01-26,25,24,8,703.1333333333333,dPSO,7,528.0833333333334,20,82.0758,34.0
2023-01-26,25,24,8,703.1333333333333,dPSO,8,572.6999999999999,21,111.4008,34.05
2023-01-26,25,24,8,703.1333333333333,dPSO,9,628.2833333333333,16,52.5167,34.09
2023-01-26,25,24,8,703.1333333333333,SBOA,0,502.4333333333334,9,13.7407,42.95
2023-01-26,25,24,8,703.1333333333333,SBOA,1,572.7833333333334,17,42.3696,43.46
2023-01-26,25,24,8,703.1333333333333,SBOA,2,577.6333333333333,12,33.3847,41.55
2023-01-26,25,24,8,703.1333333333333,SBOA,3,465.56666666666666,12,47.7236,41.47
2023-01-26,25,24,8,703.1333333333333,SBOA,4,639.3333333333334,21,89.954,32.33
2023-01-26,25,24,8,703.1333333333333,SBOA,5,642.3333333333334,8,15.1188,43.93
2023-01-26,25,24,8,703.1333333333333,SBOA,6,595.2333333333332,11,25.4667,42.37
2023-01-26,25,24,8,703.1333333333333,SBOA,7,638.5999999999999,1,9.8,45.88
2023-01-26,25,24,8,703.1333333333333,SBOA,8,561.1999999999999,7,17.4381,41.66
2023-01-26,25,24,8,703.1333333333333,SBOA,9,740.2833333333334,0,0.0,43.39
2023-01-26,25,24,8,703.1333333333333,dMShOA,0,560.9666666666667,21,84.2968,31.83
2023-01-26,25,24,8,703.1333333333333,dMShOA,1,633.85,19,85.2175,31.71
2023-01-26,25,24,8,703.1333333333333,dMShOA,2,614.9,19,79.2158,31.64
2023-01-26,25,24,8,703.1333333333333,dMShOA,3,708.4166666666666,17,73.8804,31.5
2023-01-26,25,24,8,703.1333333333333,dMShOA,4,533.4833333333333,14,67.1881,31.7
2023-01-26,25,24,8,703.1333333333333,dMShOA,5,752.4833333333333,13,82.3244,31.65
2023-01-26,25,24,8,703.1333333333333,dMShOA,6,597.0166666666667,18,84.3148,31.47
2023-01-26,25,24,8,703.1333333333333,dMShOA,7,563.9499999999999,18,77.5935,31.78
2023-01-26,25,24,8,703.1333333333333,dMShOA,8,684.3333333333334,17,81.3745,32.03
2023-01-26,25,24,8,703.1333333333333,dMShOA,9,532.2666666666667,19,70.107,32.05
2021-11-16,25,26,8,682.3666666666667,GA,0,512.5666666666667,11,43.7773,35.56
2021-11-16,25,26,8,682.3666666666667,GA,1,616.5,13,44.0962,35.49
2021-11-16,25,26,8,682.3666666666667,GA,2,560.5666666666667,15,45.7144,35.6
2021-11-16,25,26,8,682.3666666666667,GA,3,551.85,18,34.4759,35.44
2021-11-16,25,26,8,682.3666666666667,GA,4,696.35,14,38.0155,35.2
2021-11-16,25,26,8,682.3666666666667,GA,5,666.4666666666667,15,36.2044,35.38
2021-11-16,25,26,8,682.3666666666667,GA,6,496.9,15,47.2822,35.49
2021-11-16,25,26,8,682.3666666666667,GA,7,629.75,10,43.2933,35.28
2021-11-16,25,26,8,682.3666666666667,GA,8,615.9833333333333,14,39.7631,35.54
2021-11-16,25,26,8,682.3666666666667,GA,9,625.0,16,46.6604,35.56
2021-11-16,25,26,8,682.3666666666667,dPSO,0,537.2500000000001,15,78.76,36.32
2021-11-16,25,26,8,682.3666666666667,dPSO,1,514.2666666666667,20,68.5725,36.3
2021-11-16,25,26,8,682.3666666666667,dPSO,2,619.0,16,55.1896,36.26
2021-11-16,25,26,8,682.3666666666667,dPSO,3,438.65,24,80.875,36.57
2021-11-16,25,26,8,682.3666666666667,dPSO,4,552.3166666666667,17,38.6657,36.64
2021-11-16,25,26,8,682.3666666666667,dPSO,5,586.55,20,70.3675,36.53
2021-11-16,25,26,8,682.3666666666667,dPSO,6,637.5,20,47.2133,36.1
2021-11-16,25,26,8,682.3666666666667,dPSO,7,541.0166666666667,17,44.5294,36.2
2021-11-16,25,26,8,682.3666666666667,dPSO,8,623.4166666666666,14,52.2667,36.42
2021-11-16,25,26,8,682.3666666666667,dPSO,9,496.15,24,85.1708,36.61
2021-11-16,25,26,8,682.3666666666667,SBOA,0,738.8333333333333,6,10.2889,49.26
2021-11-16,25,26,8,682.3666666666667,SBOA,1,715.7333333333332,9,38.0407,47.79
2021-11-16,25,26,8,682.3666666666667,SBOA,2,547.7666666666667,4,3.0583,48.06
2021-11-16,25,26,8,682.3666666666667,SBOA,3,544.6,8,26.1458,42.14
2021-11-16,25,26,8,682.3666666666667,SBOA,4,474.2166666666666,14,14.3405,44.46
2021-11-16,25,26,8,682.3666666666667,SBOA,5,636.7,0,0.0,43.83
2021-11-16,25,26,8,682.3666666666667,SBOA,6,512.6666666666666,15,25.3155,43.79
2021-11-16,25,26,8,682.3666666666667,SBOA,7,502.1333333333333,12,10.5528,46.01
2021-11-16,25,26,8,682.3666666666667,SBOA,8,566.4166666666666,10,19.9383,42.82
2021-11-16,25,26,8,682.3666666666667,SBOA,9,511.7666666666667,13,40.4744,48.51
2021-11-16,25,26,8,682.3666666666667,dMShOA,0,601.9,15,94.4111,34.21
2021-11-16,25,26,8,682.3666666666667,dMShOA,1,574.9666666666666,19,75.9535,34.16
2021-11-16,25,26,8,682.3666666666667,dMShOA,2,743.6333333333333,16,79.7062,34.13
2021-11-16,25,26,8,682.3666666666667,dMShOA,3,649.3166666666667,16,87.0615,34.46
2021-11-16,25,26,8,682.3666666666667,dMShOA,4,550.9,21,75.423,34.49
2021-11-16,25,26,8,682.3666666666667,dMShOA,5,615.45,19,83.2772,34.36
2021-11-16,25,26,8,682.3666666666667,dMShOA,6,587.5166666666668,22,56.9288,33.95
2021-11-16,25,26,8,682.3666666666667,dMShOA,7,593.8000000000001,21,81.8119,34.07
2021-11-16,25,26,8,682.3666666666667,dMShOA,8,548.3666666666667,19,79.8254,34.26
2021-11-16,25,26,8,682.3666666666667,dMShOA,9,587.5,16,76.0708,34.45
2020-10-26,25,24,8,496.3666666666667,GA,0,437.23333333333335,12,30.0764,33.03
2020-10-26,25,24,8,496.3666666666667,GA,1,450.05,14,35.2119,32.93
2020-10-26,25,24,8,496.3666666666667,GA,2,400.51666666666665,13,33.3103,32.9
2020-10-26,25,24,8,496.3666666666667,GA,3,436.56666666666666,7,30.819,33.18
2020-10-26,25,24,8,496.3666666666667,GA,4,494.01666666666665,13,20.1756,33.22
2020-10-26,25,24,8,496.3666666666667,GA,5,459.23333333333335,17,44.8157,32.72
2020-10-26,25,24,8,496.3666666666667,GA,6,535.6666666666666,12,34.643,32.72
2020-10-26,25,24,8,496.3666666666667,GA,7,412.0166666666667,17,33.9176,33.0
2020-10-26,25,24,8,496.3666666666667,GA,8,448.25,15,33.8244,32.83
2020-10-26,25,24,8,496.3666666666667,GA,9,413.6666666666666,10,31.1367,32.94
2020-10-26,25,24,8,496.3666666666667,dPSO,0,447.4666666666667,12,21.7417,33.87
2020-10-26,25,24,8,496.3666666666667,dPSO,1,482.4666666666667,12,22.3528,33.64
2020-10-26,25,24,8,496.3666666666667,dPSO,2,378.11666666666673,16,35.5771,33.48
2020-10-26,25,24,8,496.3666666666667,dPSO,3,467.58333333333337,18,37.5232,33.83
2020-10-26,25,24,8,496.3666666666667,dPSO,4,428.01666666666665,18,50.1565,33.82
2020-10-26,25,24,8,496.3666666666667,dPSO,5,456.5,18,55.175,33.44
2020-10-26,25,24,8,496.3666666666667,dPSO,6,418.38333333333327,20,46.2683,34.04
2020-10-26,25,24,8,496.3666666666667,dPSO,7,371.78333333333336,20,63.205,33.8
2020-10-26,25,24,8,496.3666666666667,dPSO,8,377.3333333333333,16,33.8281,33.79
2020-10-26,25,24,8,496.3666666666667,dPSO,9,371.76666666666665,20,65.2617,33.75
2020-10-26,25,24,8,496.3666666666667,SBOA,0,461.9333333333333,8,11.0333,43.34
2020-10-26,25,24,8,496.3666666666667,SBOA,1,417.7833333333333,3,4.1,43.97
2020-10-26,25,24,8,496.3666666666667,SBOA,2,438.4333333333334,5,14.9967,42.22
2020-10-26,25,24,8,496.3666666666667,SBOA,3,436.15,12,19.2736,46.5
2020-10-26,25,24,8,496.3666666666667,SBOA,4,456.9,11,34.7106,40.4
2020-10-26,25,24,8,496.3666666666667,SBOA,5,402.0833333333333,7,15.669,46.27
2020-10-26,25,24,8,496.3666666666667,SBOA,6,527.0833333333334,3,14.9167,48.29
2020-10-26,25,24,8,496.3666666666667,SBOA,7,549.1166666666667,6,8.8556,43.5
2020-10-26,25,24,8,496.3666666666667,SBOA,8,424.88333333333327,6,8.7,42.27
2020-10-26,25,24,8,496.3666666666667,SBOA,9,397.15,3,10.5778,42.56
2020-10-26,25,24,8,496.3666666666667,dMShOA,0,456.83333333333337,12,65.6722,31.71
2020-10-26,25,24,8,496.3666666666667,dMShOA,1,505.6333333333333,14,58.0714,31.69
2020-10-26,25,24,8,496.3666666666667,dMShOA,2,441.9666666666667,14,68.2655,31.59
2020-10-26,25,24,8,496.3666666666667,dMShOA,3,450.6333333333333,14,53.475,31.48
2020-10-26,25,24,8,496.3666666666667,dMShOA,4,441.5833333333333,19,55.136,31.71
2020-10-26,25,24,8,496.3666666666667,dMShOA,5,458.9,18,50.9565,31.74
2020-10-26,25,24,8,496.3666666666667,dMShOA,6,453.8666666666667,20,60.2633,31.85
2020-10-26,25,24,8,496.3666666666667,dMShOA,7,465.15,20,52.6025,32.07
2020-10-26,25,24,8,496.3666666666667,dMShOA,8,429.3,19,53.3421,31.73
2020-10-26,25,24,8,496.3666666666667,dMShOA,9,403.3,17,62.1284,31.66
2021-12-03,25,25,8,706.0666666666667,GA,0,684.3833333333333,7,63.6857,34.38
2021-12-03,25,25,8,706.0666666666667,GA,1,659.8166666666667,13,28.3962,34.18
2021-12-03,25,25,8,706.0666666666667,GA,2,596.8666666666668,14,44.6298,34.0
2021-12-03,25,25,8,706.0666666666667,GA,3,700.2833333333333,10,28.95,34.04
2021-12-03,25,25,8,706.0666666666667,GA,4,687.7166666666667,15,47.2067,34.21
2021-12-03,25,25,8,706.0666666666667,GA,5,785.4,16,36.0542,34.25
2021-12-03,25,25,8,706.0666666666667,GA,6,713.35,15,41.0067,34.3
2021-12-03,25,25,8,706.0666666666667,GA,7,615.0666666666666,14,42.7738,34.44
2021-12-03,25,25,8,706.0666666666667,GA,8,658.5666666666666,11,49.0121,34.29
2021-12-03,25,25,8,706.0666666666667,GA,9,755.5666666666667,10,26.9533,34.04
2021-12-03,25,25,8,706.0666666666667,dPSO,0,572.7,20,77.7533,34.99
2021-12-03,25,25,8,706.0666666666667,dPSO,1,635.4833333333333,21,48.7817,35.13
2021-12-03,25,25,8,706.0666666666667,dPSO,2,714.7666666666667,17,64.6412,35.08
2021-12-03,25,25,8,706.0666666666667,dPSO,3,603.3166666666667,21,62.0309,35.04
2021-12-03,25,25,8,706.0666666666667,dPSO,4,653.3,23,95.9551,35.29
2021-12-03,25,25,8,706.0666666666667,dPSO,5,603.7833333333334,18,64.675,34.96
2021-12-03,25,25,8,706.0666666666667,dPSO,6,564.7833333333333,16,73.9698,34.98
2021-12-03,25,25,8,706.0666666666667,dPSO,7,808.9833333333333,13,52.4628,35.23
2021-12-03,25,25,8,706.0666666666667,dPSO,8,714.3666666666668,18,45.9204,35.43
2021-12-03,25,25,8,706.0666666666667,dPSO,9,591.9166666666667,18,55.9972,34.75
2021-12-03,25,25,8,706.0666666666667,SBOA,0,739.6,1,9.0,47.15
2021-12-03,25,25,8,706.0666666666667,SBOA,1,763.4166666666666,4,16.9042,40.47
2021-12-03,25,25,8,706.0666666666667,SBOA,2,676.1833333333334,0,0.0,42.29
2021-12-03,25,25,8,706.0666666666667,SBOA,3,688.3166666666667,3,12.8167,44.67
2021-12-03,25,25,8,706.0666666666667,SBOA,4,579.2833333333333,4,2.2708,45.41
2021-12-03,25,25,8,706.0666666666667,SBOA,5,579.4166666666667,16,31.0083,36.96
2021-12-03,25,25,8,706.0666666666667,SBOA,6,776.7666666666667,5,4.66,50.85
2021-12-03,25,25,8,706.0666666666667,SBOA,7,624.8333333333334,2,12.55,45.98
2021-12-03,25,25,8,706.0666666666667,SBOA,8,620.3333333333334,4,15.5958,43.58
2021-12-03,25,25,8,706.0666666666667,SBOA,9,646.2333333333335,6,34.3556,40.91
2021-12-03,25,25,8,706.0666666666667,dMShOA,0,689.9666666666667,17,67.9225,33.02
2021-12-03,25,25,8,706.0666666666667,dMShOA,1,645.6166666666666,18,67.2454,33.08
2021-12-03,25,25,8,706.0666666666667,dMShOA,2,655.1000000000001,23,73.7072,33.01
2021-12-03,25,25,8,706.0666666666667,dMShOA,3,505.7833333333333,22,81.4333,32.95
2021-12-03,25,25,8,706.0666666666667,dMShOA,4,747.9166666666667,14,62.0405,32.9
2021-12-03,25,25,8,706.0666666666667,dMShOA,5,804.4,13,51.9346,33.16
2021-12-03,25,25,8,706.0666666666667,dMShOA,6,618.35,18,64.1481,32.9
2021-12-03,25,25,8,706.0666666666667,dMShOA,7,614.0833333333333,20,79.1433,33.25
2021-12-03,25,25,8,706.0666666666667,dMShOA,8,809.4666666666667,19,73.6851,33.32
2021-12-03,25,25,8,706.0666666666667,dMShOA,9,614.2833333333333,17,95.3108,32.61
2020-11-09,25,24,8,559.4666666666667,GA,0,593.7333333333333,8,21.6938,33.0
2020-11-09,25,24,8,559.4666666666667,GA,1,551.6,12,56.8264,33.04
2020-11-09,25,24,8,559.4666666666667,GA,2,547.6500000000001,13,36.432,33.13
2020-11-09,25,24,8,559.4666666666667,GA,3,564.1666666666666,8,38.4542,33.03
2020-11-09,25,24,8,559.4666666666667,GA,4,566.8,9,22.6093,32.82
2020-11-09,25,24,8,559.4666666666667,GA,5,584.2833333333333,13,27.691,32.93
2020-11-09,25,24,8,559.4666666666667,GA,6,459.1166666666666,14,41.319,32.87
2020-11-09,25,24,8,559.4666666666667,GA,7,495.8666666666667,13,26.4231,33.02
2020-11-09,25,24,8,559.4666666666667,GA,8,487.2000000000001,12,24.1125,32.92
2020-11-09,25,24,8,559.4666666666667,GA,9,529.8833333333333,15,38.9478,32.96
2020-11-09,25,24,8,559.4666666666667,dPSO,0,484.3,22,59.075,34.16
2020-11-09,25,24,8,559.4666666666667,dPSO,1,517.9333333333334,17,76.8167,34.08
2020-11-09,25,24,8,559.4666666666667,dPSO,2,544.7333333333333,13,30.9038,33.54
2020-11-09,25,24,8,559.4666666666667,dPSO,3,441.78333333333336,16,29.6417,33.57
2020-11-09,25,24,8,559.4666666666667,dPSO,4,459.0,21,76.5302,33.41
2020-11-09,25,24,8,559.4666666666667,dPSO,5,481.98333333333335,18,60.5287,33.82
2020-11-09,25,24,8,559.4666666666667,dPSO,6,580.2166666666667,17,39.0186,33.9
2020-11-09,25,24,8,559.4666666666667,dPSO,7,470.86666666666673,19,60.536,33.84
2020-11-09,25,24,8,559.4666666666667,dPSO,8,490.55,21,57.7579,33.99
2020-11-09,25,24,8,559.4666666666667,dPSO,9,500.3,12,34.1097,33.93
2020-11-09,25,24,8,559.4666666666667,SBOA,0,593.6833333333334,3,2.0833,43.54
2020-11-09,25,24,8,559.4666666666667,SBOA,1,676.1333333333333,3,6.6111,44.61
2020-11-09,25,24,8,559.4666666666667,SBOA,2,712.95,10,54.0533,32.68
2020-11-09,25,24,8,559.4666666666667,SBOA,3,628.6833333333334,4,23.6334,41.82
2020-11-09,25,24,8,559.4666666666667,SBOA,4,528.0,0,0.0,44.43
2020-11-09,25,24,8,559.4666666666667,SBOA,5,528.6166666666668,17,53.9804,32.56
2020-11-09,25,24,8,559.4666666666667,SBOA,6,616.0333333333333,2,2.8666,43.23
2020-11-09,25,24,8,559.4666666666667,SBOA,7,487.5833333333333,15,51.3256,33.88
2020-11-09,25,24,8,559.4666666666667,SBOA,8,539.4166666666666,11,22.5924,42.57
2020-11-09,25,24,8,559.4666666666667,SBOA,9,535.35,8,8.9875,42.3
2020-11-09,25,24,8,559.4666666666667,dMShOA,0,447.1333333333333,19,53.9482,31.94
2020-11-09,25,24,8,559.4666666666667,dMShOA,1,580.4666666666667,16,55.274,31.5
2020-11-09,25,24,8,559.4666666666667,dMShOA,2,599.7666666666667,16,61.2198,31.5
2020-11-09,25,24,8,559.4666666666667,dMShOA,3,605.2333333333333,16,71.224,31.47
2020-11-09,25,24,8,559.4666666666667,dMShOA,4,508.8833333333333,19,56.7693,31.97
2020-11-09,25,24,8,559.4666666666667,dMShOA,5,623.6166666666667,16,47.0115,31.86
2020-11-09,25,24,8,559.4666666666667,dMShOA,6,584.8833333333333,15,60.7556,31.88
2020-11-09,25,24,8,559.4666666666667,dMShOA,7,571.6833333333334,17,56.4922,31.81
2020-11-09,25,24,8,559.4666666666667,dMShOA,8,629.1833333333334,17,53.2128,32.08
2020-11-09,25,24,8,559.4666666666667,dMShOA,9,677.1333333333333,16,46.7458,31.75
2022-05-03,25,26,8,515.7833333333333,GA,0,483.3166666666667,20,34.5283,35.73
2022-05-03,25,26,8,515.7833333333333,GA,1,459.9166666666667,15,38.7855,35.57
2022-05-03,25,26,8,515.7833333333333,GA,2,552.7166666666667,16,38.674,35.65
2022-05-03,25,26,8,515.7833333333333,GA,3,639.0333333333334,12,24.775,35.35
2022-05-03,25,26,8,515.7833333333333,GA,4,497.28333333333336,14,32.0071,35.29
2022-05-03,25,26,8,515.7833333333333,GA,5,454.58333333333326,18,36.5981,35.76
2022-05-03,25,26,8,515.7833333333333,GA,6,394.7166666666667,18,46.8343,35.29
2022-05-03,25,26,8,515.7833333333333,GA,7,577.6333333333333,16,37.374,35.82
2022-05-03,25,26,8,515.7833333333333,GA,8,447.6666666666666,18,37.2694,35.57
2022-05-03,25,26,8,515.7833333333333,GA,9,524.9499999999999,12,34.4556,35.65
2022-05-03,25,26,8,515.7833333333333,dPSO,0,419.5166666666667,20,82.0825,36.46
2022-05-03,25,26,8,515.7833333333333,dPSO,1,567.5333333333334,18,44.2954,36.58
2022-05-03,25,26,8,515.7833333333333,dPSO,2,539.8166666666667,13,78.7385,36.36
2022-05-03,25,26,8,515.7833333333333,dPSO,3,428.15,23,68.6102,36.42
2022-05-03,25,26,8,515.7833333333333,dPSO,4,434.2666666666667,25,57.234,36.25
2022-05-03,25,26,8,515.7833333333333,dPSO,5,517.2333333333333,20,43.0517,36.22
2022-05-03,25,26,8,515.7833333333333,dPSO,6,419.6833333333333,25,62.8987,36.18
2022-05-03,25,26,8,515.7833333333333,dPSO,7,440.4333333333334,24,58.3764,36.29
2022-05-03,25,26,8,515.7833333333333,dPSO,8,437.50000000000006,22,74.8402,36.22
2022-05-03,25,26,8,515.7833333333333,dPSO,9,434.3,19,75.2035,36.43
2022-05-03,25,26,8,515.7833333333333,SBOA,0,445.9333333333333,11,35.397,46.77
2022-05-03,25,26,8,515.7833333333333,SBOA,1,543.3333333333334,4,10.8458,45.08
2022-05-03,25,26,8,515.7833333333333,SBOA,2,594.8833333333334,4,3.9083,48.88
2022-05-03,25,26,8,515.7833333333333,SBOA,3,562.0333333333333,3,3.8167,45.7
2022-05-03,25,26,8,515.7833333333333,SBOA,4,553.6666666666667,14,31.8012,44.51
2022-05-03,25,26,8,515.7833333333333,SBOA,5,493.1333333333333,13,12.3603,47.06
2022-05-03,25,26,8,515.7833333333333,SBOA,6,503.58333333333337,7,13.4214,51.67
2022-05-03,25,26,8,515.7833333333333,SBOA,7,546.6166666666667,16,35.0583,36.02
2022-05-03,25,26,8,515.7833333333333,SBOA,8,604.7333333333333,4,4.1375,49.66
2022-05-03,25,26,8,515.7833333333333,SBOA,9,446.0,8,17.225,44.66
2022-05-03,25,26,8,515.7833333333333,dMShOA,0,604.8000000000001,18,61.2259,34.17
2022-05-03,25,26,8,515.7833333333333,dMShOA,1,686.5166666666668,19,54.6886,34.19
2022-05-03,25,26,8,515.7833333333333,dMShOA,2,477.1333333333333,20,66.2158,34.42
2022-05-03,25,26,8,515.7833333333333,dMShOA,3,446.75,22,63.9205,34.23
2022-05-03,25,26,8,515.7833333333333,dMShOA,4,482.1666666666667,19,76.6579,34.09
2022-05-03,25,26,8,515.7833333333333,dMShOA,5,551.9666666666668,21,62.1302,34.04
2022-05-03,25,26,8,515.7833333333333,dMShOA,6,565.8333333333334,18,71.4046,33.98
2022-05-03,25,26,8,515.7833333333333,dMShOA,7,514.1166666666667,22,59.4015,34.03
2022-05-03,25,26,8,515.7833333333333,dMShOA,8,565.0000000000001,20,51.48,34.19
2022-05-03,25,26,8,515.7833333333333,dMShOA,9,548.4166666666665,23,64.5942,34.13
2020-10-08,25,26,8,519.25,GA,0,498.05000000000007,15,38.04,35.86
2020-10-08,25,26,8,519.25,GA,1,537.4333333333334,14,27.9345,35.53
2020-10-08,25,26,8,519.25,GA,2,473.65,18,27.2694,35.65
2020-10-08,25,26,8,519.25,GA,3,480.8166666666667,15,28.81,35.76
2020-10-08,25,26,8,519.25,GA,4,577.1500000000001,12,13.2333,35.62
2020-10-08,25,26,8,519.25,GA,5,502.3833333333333,17,29.9598,35.51
2020-10-08,25,26,8,519.25,GA,6,532.75,15,28.1411,35.59
2020-10-08,25,26,8,519.25,GA,7,515.6833333333334,20,41.7,35.69
2020-10-08,25,26,8,519.25,GA,8,543.2,15,23.8933,35.52
2020-10-08,25,26,8,519.25,GA,9,453.4,18,31.1546,35.33
2020-10-08,25,26,8,519.25,dPSO,0,521.9666666666667,19,63.3149,36.18
2020-10-08,25,26,8,519.25,dPSO,1,521.7666666666667,25,46.6,36.33
2020-10-08,25,26,8,519.25,dPSO,2,507.95,18,41.2074,36.33
2020-10-08,25,26,8,519.25,dPSO,3,490.2000000000001,21,53.7881,36.0
2020-10-08,25,26,8,519.25,dPSO,4,464.0833333333333,15,51.8633,36.04
2020-10-08,25,26,8,519.25,dPSO,5,521.4,16,33.5563,35.98
2020-10-08,25,26,8,519.25,dPSO,6,446.4,24,39.4403,36.37
2020-10-08,25,26,8,519.25,dPSO,7,486.0666666666667,22,55.9439,36.56
2020-10-08,25,26,8,519.25,dPSO,8,451.4,23,53.8493,36.5
2020-10-08,25,26,8,519.25,dPSO,9,458.3666666666667,23,61.9935,36.62
2020-10-08,25,26,8,519.25,SBOA,0,563.6833333333334,8,11.5833,48.13
2020-10-08,25,26,8,519.25,SBOA,1,475.6666666666666,14,18.6417,48.47
2020-10-08,25,26,8,519.25,SBOA,2,462.6,3,7.0444,45.43
2020-10-08,25,26,8,519.25,SBOA,3,481.6,8,6.1625,49.45
2020-10-08,25,26,8,519.25,SBOA,4,449.65,7,8.3881,53.93
2020-10-08,25,26,8,519.25,SBOA,5,446.4,1,6.0,47.76
2020-10-08,25,26,8,519.25,SBOA,6,446.4,7,11.9262,47.47
2020-10-08,25,26,8,519.25,SBOA,7,474.85,4,4.2791,45.91
2020-10-08,25,26,8,519.25,SBOA,8,631.4000000000001,7,9.2905,47.27
2020-10-08,25,26,8,519.25,SBOA,9,488.9166666666666,4,9.2375,49.22
2020-10-08,25,26,8,519.25,dMShOA,0,537.75,21,50.3167,34.11
2020-10-08,25,26,8,519.25,dMShOA,1,537.6833333333334,18,46.05,34.12
2020-10-08,25,26,8,519.25,dMShOA,2,586.6500000000001,16,53.0667,34.31
2020-10-08,25,26,8,519.25,dMShOA,3,668.7,13,36.0436,33.9
2020-10-08,25,26,8,519.25,dMShOA,4,573.3333333333334,15,57.0133,33.94
2020-10-08,25,26,8,519.25,dMShOA,5,658.3666666666668,19,47.7035,33.79
2020-10-08,25,26,8,519.25,dMShOA,6,563.6,22,55.4492,34.2
2020-10-08,25,26,8,519.25,dMShOA,7,523.2333333333333,20,50.5792,34.36
2020-10-08,25,26,8,519.25,dMShOA,8,495.65,20,56.7267,34.19
2020-10-08,25,26,8,519.25,dMShOA,9,575.1333333333334,18,47.5481,34.4
2020-01-06,25,24,8,696.3,GA,0,479.45,11,25.7136,32.94
2020-01-06,25,24,8,696.3,GA,1,448.1666666666667,18,27.6407,33.03
2020-01-06,25,24,8,696.3,GA,2,464.44999999999993,12,36.0139,33.01
2020-01-06,25,24,8,696.3,GA,3,504.3,13,30.9064,32.71
2020-01-06,25,24,8,696.3,GA,4,389.2666666666667,15,21.3944,32.77
2020-01-06,25,24,8,696.3,GA,5,567.0166666666667,6,26.6472,32.77
2020-01-06,25,24,8,696.3,GA,6,601.3333333333334,7,23.631,33.03
2020-01-06,25,24,8,696.3,GA,7,419.3333333333333,13,28.9051,33.14
2020-01-06,25,24,8,696.3,GA,8,424.28333333333336,10,24.5067,33.06
2020-01-06,25,24,8,696.3,GA,9,478.7,11,6.8197,33.28
2020-01-06,25,24,8,696.3,dPSO,0,569.6333333333333,11,26.5273,33.85
2020-01-06,25,24,8,696.3,dPSO,1,391.76666666666665,16,49.9729,33.87
2020-01-06,25,24,8,696.3,dPSO,2,427.7333333333333,18,29.0769,34.07
2020-01-06,25,24,8,696.3,dPSO,3,411.4166666666666,23,49.8558,33.86
2020-01-06,25,24,8,696.3,dPSO,4,422.3,17,76.8608,33.81
2020-01-06,25,24,8,696.3,dPSO,5,413.15,17,30.6402,33.76
2020-01-06,25,24,8,696.3,dPSO,6,450.48333333333335,21,55.2857,33.89
2020-01-06,25,24,8,696.3,dPSO,7,387.3,17,44.8873,33.6
2020-01-06,25,24,8,696.3,dPSO,8,452.51666666666665,13,24.6872,33.71
2020-01-06,25,24,8,696.3,dPSO,9,428.78333333333336,13,32.1692,34.08
2020-01-06,25,24,8,696.3,SBOA,0,391.6,7,6.05,39.81
2020-01-06,25,24,8,696.3,SBOA,1,405.8833333333333,10,10.765,42.96
2020-01-06,25,24,8,696.3,SBOA,2,432.28333333333336,5,15.0166,42.43
2020-01-06,25,24,8,696.3,SBOA,3,530.3166666666667,4,4.7167,42.62
2020-01-06,25,24,8,696.3,SBOA,4,512.9666666666667,11,14.9333,42.99
2020-01-06,25,24,8,696.3,SBOA,5,408.0,5,3.39,48.1
2020-01-06,25,24,8,696.3,SBOA,6,418.6166666666666,1,9.4667,42.99
2020-01-06,25,24,8,696.3,SBOA,7,555.3499999999999,0,0.0,40.86
2020-01-06,25,24,8,696.3,SBOA,8,443.8,19,56.0517,32.57
2020-01-06,25,24,8,696.3,SBOA,9,389.53333333333336,1,0.7167,43.63
2020-01-06,25,24,8,696.3,dMShOA,0,555.0333333333333,10,48.0933,31.7
2020-01-06,25,24,8,696.3,dMShOA,1,468.6666666666667,14,56.1405,31.84
2020-01-06,25,24,8,696.3,dMShOA,2,442.7,20,48.495,31.81
2020-01-06,25,24,8,696.3,dMShOA,3,519.9166666666667,19,40.8579,32.03
2020-01-06,25,24,8,696.3,dMShOA,4,471.1,18,53.0491,31.66
2020-01-06,25,24,8,696.3,dMShOA,5,439.75,18,47.3463,31.72
2020-01-06,25,24,8,696.3,dMShOA,6,426.3666666666667,18,36.0694,31.84
2020-01-06,25,24,8,696.3,dMShOA,7,522.7666666666667,16,50.501,31.52
2020-01-06,25,24,8,696.3,dMShOA,8,517.6500000000001,15,44.3455,31.57
2020-01-06,25,24,8,696.3,dMShOA,9,414.35,15,42.4544,32.03
2020-12-02,25,26,8,530.15,GA,0,641.6166666666668,17,33.5578,35.52
2020-12-02,25,26,8,530.15,GA,1,620.2833333333334,14,27.4667,35.6
2020-12-02,25,26,8,530.15,GA,2,583.25,13,17.5436,35.58
2020-12-02,25,26,8,530.15,GA,3,564.9,13,33.8962,35.57
2020-12-02,25,26,8,530.15,GA,4,532.55,14,50.4369,35.64
2020-12-02,25,26,8,530.15,GA,5,496.6666666666666,16,40.1469,35.82
2020-12-02,25,26,8,530.15,GA,6,468.2000000000001,17,40.2441,35.62
2020-12-02,25,26,8,530.15,GA,7,511.7166666666666,16,36.6125,35.74
2020-12-02,25,26,8,530.15,GA,8,607.6,11,30.9258,35.52
2020-12-02,25,26,8,530.15,GA,9,448.58333333333337,18,44.4528,35.36
2020-12-02,25,26,8,530.15,dPSO,0,544.8,21,86.1444,36.35
2020-12-02,25,26,8,530.15,dPSO,1,604.5666666666667,15,45.5756,36.09
2020-12-02,25,26,8,530.15,dPSO,2,433.8333333333333,24,60.3535,36.46
2020-12-02,25,26,8,530.15,dPSO,3,420.7166666666666,18,66.6426,36.18
2020-12-02,25,26,8,530.15,dPSO,4,574.35,16,35.1052,36.3
2020-12-02,25,26,8,530.15,dPSO,5,580.5666666666666,17,47.3108,36.48
2020-12-02,25,26,8,530.15,dPSO,6,444.7,18,41.3259,36.42
2020-12-02,25,26,8,530.15,dPSO,7,534.3666666666667,18,52.3695,36.61
2020-12-02,25,26,8,530.15,dPSO,8,467.83333333333337,25,71.938,36.02
2020-12-02,25,26,8,530.15,dPSO,9,562.2166666666667,19,46.4079,36.67
2020-12-02,25,26,8,530.15,SBOA,0,458.8833333333333,12,19.2597,48.16
2020-12-02,25,26,8,530.15,SBOA,1,464.56666666666666,14,13.3976,46.39
2020-12-02,25,26,8,530.15,SBOA,2,477.51666666666665,23,64.471,36.13
2020-12-02,25,26,8,530.15,SBOA,3,478.1166666666667,9,23.6704,52.68
2020-12-02,25,26,8,530.15,SBOA,4,416.3833333333333,16,20.5854,43.0
2020-12-02,25,26,8,530.15,SBOA,5,461.23333333333335,14,19.2238,41.77
2020-12-02,25,26,8,530.15,SBOA,6,623.8833333333333,9,8.6481,44.48
2020-12-02,25,26,8,530.15,SBOA,7,472.45,10,10.3083,44.29
2020-12-02,25,26,8,530.15,SBOA,8,458.81666666666666,11,12.2515,48.01
2020-12-02,25,26,8,530.15,SBOA,9,547.4166666666667,13,14.1564,47.73
2020-12-02,25,26,8,530.15,dMShOA,0,683.2166666666666,17,62.2225,34.05
2020-12-02,25,26,8,530.15,dMShOA,1,576.2833333333333,20,54.3042,33.91
2020-12-02,25,26,8,530.15,dMShOA,2,564.9833333333333,18,51.4713,34.27
2020-12-02,25,26,8,530.15,dMShOA,3,646.25,19,62.7097,33.94
2020-12-02,25,26,8,530.15,dMShOA,4,467.6833333333333,22,66.3265,34.1
2020-12-02,25,26,8,530.15,dMShOA,5,488.2833333333333,20,67.7217,34.31
2020-12-02,25,26,8,530.15,dMShOA,6,564.1833333333333,22,58.428,34.28
2020-12-02,25,26,8,530.15,dMShOA,7,501.8833333333333,21,60.1857,34.38
2020-12-02,25,26,8,530.15,dMShOA,8,556.8666666666667,18,66.4815,33.81
2020-12-02,25,26,8,530.15,dMShOA,9,558.8166666666666,21,61.3278,34.44
2020-11-02,25,24,8,640.6166666666667,GA,0,446.9166666666667,19,33.7658,33.01
2020-11-02,25,24,8,640.6166666666667,GA,1,559.05,8,17.1208,32.81
2020-11-02,25,24,8,640.6166666666667,GA,2,508.1333333333334,8,36.4792,32.93
2020-11-02,25,24,8,640.6166666666667,GA,3,568.4666666666666,15,24.2033,32.97
2020-11-02,25,24,8,640.6166666666667,GA,4,442.35,15,32.1522,32.84
2020-11-02,25,24,8,640.6166666666667,GA,5,451.3,19,36.3789,32.86
2020-11-02,25,24,8,640.6166666666667,GA,6,483.4333333333333,14,30.1107,33.18
2020-11-02,25,24,8,640.6166666666667,GA,7,387.6166666666667,16,33.4427,33.05
2020-11-02,25,24,8,640.6166666666667,GA,8,453.4666666666667,15,36.3411,33.22
2020-11-02,25,24,8,640.6166666666667,GA,9,432.7666666666666,18,45.4482,32.94
2020-11-02,25,24,8,640.6166666666667,dPSO,0,567.7666666666667,13,30.4538,33.9
2020-11-02,25,24,8,640.6166666666667,dPSO,1,446.4,18,51.4463,33.52
2020-11-02,25,24,8,640.6166666666667,dPSO,2,385.1666666666667,21,44.3214,33.8
2020-11-02,25,24,8,640.6166666666667,dPSO,3,561.4333333333333,18,44.987,34.13
2020-11-02,25,24,8,640.6166666666667,dPSO,4,449.15,8,40.2667,33.51
2020-11-02,25,24,8,640.6166666666667,dPSO,5,421.9,19,35.1693,33.81
2020-11-02,25,24,8,640.6166666666667,dPSO,6,500.56666666666666,15,41.8811,33.88
2020-11-02,25,24,8,640.6166666666667,dPSO,7,501.0833333333333,18,42.3759,33.93
2020-11-02,25,24,8,640.6166666666667,dPSO,8,468.05,20,48.3258,33.86
2020-11-02,25,24,8,640.6166666666667,dPSO,9,519.9833333333333,15,49.0567,33.92
2020-11-02,25,24,8,640.6166666666667,SBOA,0,482.75,11,22.447,43.16
2020-11-02,25,24,8,640.6166666666667,SBOA,1,512.1333333333334,4,5.5458,43.8
2020-11-02,25,24,8,640.6166666666667,SBOA,2,404.3,9,16.1167,44.23
2020-11-02,25,24,8,640.6166666666667,SBOA,3,481.58333333333337,14,52.1143,42.33
2020-11-02,25,24,8,640.6166666666667,SBOA,4,522.6333333333334,7,6.931,43.07
2020-11-02,25,24,8,640.6166666666667,SBOA,5,430.9166666666667,14,20.3476,36.06
2020-11-02,25,24,8,640.6166666666667,SBOA,6,493.00000000000006,4,31.3417,45.04
2020-11-02,25,24,8,640.6166666666667,SBOA,7,516.5166666666667,2,12.0,41.04
2020-11-02,25,24,8,640.6166666666667,SBOA,8,573.3333333333334,6,10.2833,35.5
2020-11-02,25,24,8,640.6166666666667,SBOA,9,442.6166666666667,6,11.1806,46.2
2020-11-02,25,24,8,640.6166666666667,dMShOA,0,454.2,16,52.4729,31.53
2020-11-02,25,24,8,640.6166666666667,dMShOA,1,476.8166666666666,20,59.0942,31.88
2020-11-02,25,24,8,640.6166666666667,dMShOA,2,539.0666666666666,16,51.6344,31.85
2020-11-02,25,24,8,640.6166666666667,dMShOA,3,500.8833333333333,16,65.9073,31.5
2020-11-02,25,24,8,640.6166666666667,dMShOA,4,489.9,20,43.4358,32.1
2020-11-02,25,24,8,640.6166666666667,dMShOA,5,475.35,17,57.4784,31.69
2020-11-02,25,24,8,640.6166666666667,dMShOA,6,455.6833333333333,20,52.3575,31.82
2020-11-02,25,24,8,640.6166666666667,dMShOA,7,496.85,19,50.3904,31.73
2020-11-02,25,24,8,640.6166666666667,dMShOA,8,479.4666666666667,19,38.3658,31.75
2020-11-02,25,24,8,640.6166666666667,dMShOA,9,482.73333333333335,15,63.6856,31.76
2020-02-13,25,25,8,633.1666666666666,GA,0,473.5833333333333,12,32.2597,34.11
2020-02-13,25,25,8,633.1666666666666,GA,1,609.4000000000001,14,24.9929,34.01
2020-02-13,25,25,8,633.1666666666666,GA,2,551.9833333333332,14,25.8571,34.36
2020-02-13,25,25,8,633.1666666666666,GA,3,552.0333333333334,13,20.2141,34.27
2020-02-13,25,25,8,633.1666666666666,GA,4,506.1,14,30.1607,34.0
2020-02-13,25,25,8,633.1666666666666,GA,5,623.3333333333333,13,18.8897,34.19
2020-02-13,25,25,8,633.1666666666666,GA,6,473.9,16,38.9886,34.17
2020-02-13,25,25,8,633.1666666666666,GA,7,660.0000000000002,8,14.4021,34.31
2020-02-13,25,25,8,633.1666666666666,GA,8,555.7500000000001,13,26.3846,34.24
2020-02-13,25,25,8,633.1666666666666,GA,9,474.1666666666667,12,30.6208,34.45
2020-02-13,25,25,8,633.1666666666666,dPSO,0,516.0666666666667,17,51.199,35.11
2020-02-13,25,25,8,633.1666666666666,dPSO,1,548.9166666666667,15,16.5578,34.81
2020-02-13,25,25,8,633.1666666666666,dPSO,2,602.6,16,46.2396,34.85
2020-02-13,25,25,8,633.1666666666666,dPSO,3,529.0,21,48.8857,35.06
2020-02-13,25,25,8,633.1666666666666,dPSO,4,550.8333333333334,17,69.3971,35.14
2020-02-13,25,25,8,633.1666666666666,dPSO,5,539.3333333333334,13,31.0,35.11
2020-02-13,25,25,8,633.1666666666666,dPSO,6,538.8000000000001,14,58.2024,35.2
2020-02-13,25,25,8,633.1666666666666,dPSO,7,516.9833333333333,14,45.2381,35.18
2020-02-13,25,25,8,633.1666666666666,dPSO,8,458.7166666666667,17,47.4382,35.29
2020-02-13,25,25,8,633.1666666666666,dPSO,9,584.1333333333333,13,39.6282,35.29
2020-02-13,25,25,8,633.1666666666666,SBOA,0,490.03333333333336,7,15.5167,36.67
2020-02-13,25,25,8,633.1666666666666,SBOA,1,586.5666666666667,11,11.9727,41.92
2020-02-13,25,25,8,633.1666666666666,SBOA,2,539.6333333333333,7,8.7524,39.56
2020-02-13,25,25,8,633.1666666666666,SBOA,3,611.7500000000001,6,7.9195,41.88
2020-02-13,25,25,8,633.1666666666666,SBOA,4,547.9666666666668,12,12.6806,42.55
2020-02-13,25,25,8,633.1666666666666,SBOA,5,615.1333333333333,2,3.025,46.68
2020-02-13,25,25,8,633.1666666666666,SBOA,6,523.8666666666667,7,14.9,44.52
2020-02-13,25,25,8,633.1666666666666,SBOA,7,495.7833333333333,2,5.125,45.42
2020-02-13,25,25,8,633.1666666666666,SBOA,8,597.9166666666667,0,0.0,46.13
2020-02-13,25,25,8,633.1666666666666,SBOA,9,473.55,16,45.0562,35.61
2020-02-13,25,25,8,633.1666666666666,dMShOA,0,480.6333333333334,17,47.5392,33.13
2020-02-13,25,25,8,633.1666666666666,dMShOA,1,598.5000000000001,17,49.8804,32.75
2020-02-13,25,25,8,633.1666666666666,dMShOA,2,599.3666666666667,20,46.7,32.95
2020-02-13,25,25,8,633.1666666666666,dMShOA,3,599.1666666666667,17,50.8118,32.94
2020-02-13,25,25,8,633.1666666666666,dMShOA,4,544.0,16,67.6531,33.05
2020-02-13,25,25,8,633.1666666666666,dMShOA,5,553.1,16,51.2125,33.01
2020-02-13,25,25,8,633.1666666666666,dMShOA,6,647.9333333333334,15,51.48,33.12
2020-02-13,25,25,8,633.1666666666666,dMShOA,7,566.6333333333333,13,53.5859,33.12
2020-02-13,25,25,8,633.1666666666666,dMShOA,8,506.6333333333333,22,60.1553,33.21
2020-02-13,25,25,8,633.1666666666666,dMShOA,9,458.06666666666666,18,52.988,33.27
2023-01-31,30,31,8,704.0,GA,0,495.2333333333333,26,73.2006,42.06
2023-01-31,30,31,8,704.0,GA,1,502.8333333333333,25,35.9,41.77
2023-01-31,30,31,8,704.0,GA,2,559.5833333333333,26,71.6731,42.06
2023-01-31,30,31,8,704.0,GA,3,566.3833333333334,24,52.4236,42.14
2023-01-31,30,31,8,704.0,GA,4,678.0999999999999,13,50.2244,42.31
2023-01-31,30,31,8,704.0,GA,5,454.6166666666667,26,53.4462,41.95
2023-01-31,30,31,8,704.0,GA,6,569.6833333333334,26,62.4692,42.09
2023-01-31,30,31,8,704.0,GA,7,703.8,22,41.3917,42.04
2023-01-31,30,31,8,704.0,GA,8,584.8000000000001,18,55.763,41.96
2023-01-31,30,31,8,704.0,GA,9,528.5,26,51.6827,42.02
2023-01-31,30,31,8,704.0,dPSO,0,559.1333333333333,21,109.7111,42.13
2023-01-31,30,31,8,704.0,dPSO,1,603.2166666666667,26,56.316,42.58
2023-01-31,30,31,8,704.0,dPSO,2,519.2833333333333,28,86.1012,42.67
2023-01-31,30,31,8,704.0,dPSO,3,433.83333333333337,26,69.9744,42.91
2023-01-31,30,31,8,704.0,dPSO,4,522.9333333333333,19,25.2026,42.25
2023-01-31,30,31,8,704.0,dPSO,5,589.2,25,71.9067,42.48
2023-01-31,30,31,8,704.0,dPSO,6,552.6333333333333,26,104.7577,42.84
2023-01-31,30,31,8,704.0,dPSO,7,510.7666666666667,29,84.2707,42.44
2023-01-31,30,31,8,704.0,dPSO,8,559.8666666666667,30,89.9167,42.56
2023-01-31,30,31,8,704.0,dPSO,9,491.6333333333333,30,92.7795,42.6
2023-01-31,30,31,8,704.0,SBOA,0,599.9833333333333,10,16.0767,55.73
2023-01-31,30,31,8,704.0,SBOA,1,534.15,19,32.5298,56.95
2023-01-31,30,31,8,704.0,SBOA,2,474.53333333333336,11,10.3561,56.1
2023-01-31,30,31,8,704.0,SBOA,3,469.9166666666667,20,18.38,56.38
2023-01-31,30,31,8,704.0,SBOA,4,514.5833333333333,26,79.6122,40.85
2023-01-31,30,31,8,704.0,SBOA,5,581.5666666666666,13,22.1397,54.86
2023-01-31,30,31,8,704.0,SBOA,6,481.03333333333336,26,61.4353,53.4
2023-01-31,30,31,8,704.0,SBOA,7,539.8,17,15.9941,52.93
2023-01-31,30,31,8,704.0,SBOA,8,682.1166666666667,19,32.9219,47.29
2023-01-31,30,31,8,704.0,SBOA,9,506.01666666666665,11,4.65,56.16
2023-01-31,30,31,8,704.0,dMShOA,0,598.3666666666667,25,77.2807,39.59
2023-01-31,30,31,8,704.0,dMShOA,1,501.1166666666667,24,85.6292,40.12
2023-01-31,30,31,8,704.0,dMShOA,2,664.4499999999999,26,87.0289,40.04
2023-01-31,30,31,8,704.0,dMShOA,3,598.6666666666666,25,91.4333,39.66
2023-01-31,30,31,8,704.0,dMShOA,4,816.4,26,72.4635,40.32
2023-01-31,30,31,8,704.0,dMShOA,5,524.45,29,93.7718,39.99
2023-01-31,30,31,8,704.0,dMShOA,6,535.4166666666666,27,102.2296,40.31
2023-01-31,30,31,8,704.0,dMShOA,7,494.5666666666667,29,72.5448,39.77
2023-01-31,30,31,8,704.0,dMShOA,8,509.78333333333336,24,92.4479,40.02
2023-01-31,30,31,8,704.0,dMShOA,9,576.4,28,89.478,39.98
2021-11-10,30,30,8,665.8,GA,0,652.0,22,63.1765,40.76
2021-11-10,30,30,8,665.8,GA,1,675.55,24,85.6771,40.42
2021-11-10,30,30,8,665.8,GA,2,629.45,22,53.1007,40.9
2021-11-10,30,30,8,665.8,GA,3,576.8833333333334,21,69.527,40.39
2021-11-10,30,30,8,665.8,GA,4,808.9000000000001,18,34.3213,40.7
2021-11-10,30,30,8,665.8,GA,5,578.8666666666666,20,77.9217,40.96
2021-11-10,30,30,8,665.8,GA,6,637.95,24,46.4903,40.9
2021-11-10,30,30,8,665.8,GA,7,636.9166666666666,24,75.9569,40.66
2021-11-10,30,30,8,665.8,GA,8,721.1333333333333,22,61.8841,40.64
2021-11-10,30,30,8,665.8,GA,9,586.55,27,73.9994,40.9
2021-11-10,30,30,8,665.8,dPSO,0,540.2833333333334,23,123.0928,41.39
2021-11-10,30,30,8,665.8,dPSO,1,561.7166666666666,28,122.6583,41.38
2021-11-10,30,30,8,665.8,dPSO,2,555.3666666666667,26,93.7994,41.19
2021-11-10,30,30,8,665.8,dPSO,3,579.7500000000001,26,84.9878,41.45
2021-11-10,30,30,8,665.8,dPSO,4,555.2166666666666,26,130.4506,41.5
2021-11-10,30,30,8,665.8,dPSO,5,551.4666666666667,26,129.6577,41.7
2021-11-10,30,30,8,665.8,dPSO,6,577.0666666666667,30,138.7183,41.53
2021-11-10,30,30,8,665.8,dPSO,7,617.2166666666666,25,121.564,41.1
2021-11-10,30,30,8,665.8,dPSO,8,557.1999999999999,26,84.7224,41.5
2021-11-10,30,30,8,665.8,dPSO,9,596.3833333333332,27,109.1716,41.55
2021-11-10,30,30,8,665.8,SBOA,0,581.1833333333334,11,30.6076,55.82
2021-11-10,30,30,8,665.8,SBOA,1,646.05,23,90.1094,40.04
2021-11-10,30,30,8,665.8,SBOA,2,677.3666666666666,9,15.4667,58.39
2021-11-10,30,30,8,665.8,SBOA,3,842.8666666666666,2,24.1334,58.65
2021-11-10,30,30,8,665.8,SBOA,4,613.0333333333333,18,19.5,53.25
2021-11-10,30,30,8,665.8,SBOA,5,605.0666666666666,9,24.7852,56.16
2021-11-10,30,30,8,665.8,SBOA,6,584.1833333333333,8,14.6625,58.91
2021-11-10,30,30,8,665.8,SBOA,7,516.9666666666666,10,15.3633,53.55
2021-11-10,30,30,8,665.8,SBOA,8,586.5666666666666,19,50.443,51.19
2021-11-10,30,30,8,665.8,SBOA,9,831.4333333333334,2,11.7333,55.86
2021-11-10,30,30,8,665.8,dMShOA,0,638.1500000000001,24,114.0917,38.88
2021-11-10,30,30,8,665.8,dMShOA,1,748.5833333333334,23,121.8326,38.84
2021-11-10,30,30,8,665.8,dMShOA,2,631.9166666666666,26,113.5731,38.79
2021-11-10,30,30,8,665.8,dMShOA,3,601.0666666666667,25,112.73,39.09
2021-11-10,30,30,8,665.8,dMShOA,4,583.9833333333332,27,96.0988,39.05
2021-11-10,30,30,8,665.8,dMShOA,5,690.5666666666666,23,115.9674,39.25
2021-11-10,30,30,8,665.8,dMShOA,6,584.7166666666667,23,117.7783,38.58
2021-11-10,30,30,8,665.8,dMShOA,7,615.8333333333334,29,102.6897,39.01
2021-11-10,30,30,8,665.8,dMShOA,8,634.7666666666667,27,84.8673,38.97
2021-11-10,30,30,8,665.8,dMShOA,9,641.8,24,105.959,38.93
2020-03-04,30,30,8,705.1833333333333,GA,0,506.9,24,54.9563,40.47
2020-03-04,30,30,8,705.1833333333333,GA,1,530.9166666666667,18,45.6491,40.71
2020-03-04,30,30,8,705.1833333333333,GA,2,418.0833333333333,21,49.3484,40.68
2020-03-04,30,30,8,705.1833333333333,GA,3,488.4666666666666,24,48.0243,40.69
2020-03-04,30,30,8,705.1833333333333,GA,4,449.4666666666666,23,42.2348,40.85
2020-03-04,30,30,8,705.1833333333333,GA,5,421.9166666666667,26,67.7667,40.8
2020-03-04,30,30,8,705.1833333333333,GA,6,580.6000000000001,19,46.0149,40.44
2020-03-04,30,30,8,705.1833333333333,GA,7,470.85,22,44.1811,40.79
2020-03-04,30,30,8,705.1833333333333,GA,8,470.3666666666667,23,48.5587,40.94
2020-03-04,30,30,8,705.1833333333333,GA,9,482.53333333333336,26,62.8141,40.77
2020-03-04,30,30,8,705.1833333333333,dPSO,0,517.85,24,62.6847,41.38
2020-03-04,30,30,8,705.1833333333333,dPSO,1,437.9333333333333,24,89.8438,41.39
2020-03-04,30,30,8,705.1833333333333,dPSO,2,425.1166666666667,26,72.6346,41.42
2020-03-04,30,30,8,705.1833333333333,dPSO,3,411.05,29,92.742,41.21
2020-03-04,30,30,8,705.1833333333333,dPSO,4,404.56666666666666,29,87.2155,41.45
2020-03-04,30,30,8,705.1833333333333,dPSO,5,480.3,23,85.4,41.53
2020-03-04,30,30,8,705.1833333333333,dPSO,6,456.6,24,73.4438,41.14
2020-03-04,30,30,8,705.1833333333333,dPSO,7,628.75,22,52.4485,41.41
2020-03-04,30,30,8,705.1833333333333,dPSO,8,403.2000000000001,25,80.326,41.68
2020-03-04,30,30,8,705.1833333333333,dPSO,9,425.2666666666668,23,50.8507,41.31
2020-03-04,30,30,8,705.1833333333333,SBOA,0,479.3333333333333,20,43.5808,56.18
2020-03-04,30,30,8,705.1833333333333,SBOA,1,600.5166666666667,18,71.8787,39.98
2020-03-04,30,30,8,705.1833333333333,SBOA,2,574.9666666666667,5,27.6,52.22
2020-03-04,30,30,8,705.1833333333333,SBOA,3,604.6666666666665,11,11.2136,55.17
2020-03-04,30,30,8,705.1833333333333,SBOA,4,524.6666666666666,9,25.7278,63.05
2020-03-04,30,30,8,705.1833333333333,SBOA,5,666.3,5,12.8167,55.99
2020-03-04,30,30,8,705.1833333333333,SBOA,6,626.5333333333333,11,24.6076,53.84
2020-03-04,30,30,8,705.1833333333333,SBOA,7,513.9666666666667,9,8.9796,57.74
2020-03-04,30,30,8,705.1833333333333,SBOA,8,409.6833333333333,16,26.0469,52.96
2020-03-04,30,30,8,705.1833333333333,SBOA,9,590.3833333333334,9,35.487,54.97
2020-03-04,30,30,8,705.1833333333333,dMShOA,0,471.9333333333333,27,73.5136,38.73
2020-03-04,30,30,8,705.1833333333333,dMShOA,1,507.4166666666667,23,79.4406,38.98
2020-03-04,30,30,8,705.1833333333333,dMShOA,2,477.35,25,64.0287,38.91
2020-03-04,30,30,8,705.1833333333333,dMShOA,3,419.23333333333335,27,67.1426,38.65
2020-03-04,30,30,8,705.1833333333333,dMShOA,4,519.3000000000001,24,79.1451,38.94
2020-03-04,30,30,8,705.1833333333333,dMShOA,5,421.50000000000006,26,66.5179,39.12
2020-03-04,30,30,8,705.1833333333333,dMShOA,6,486.9333333333333,26,80.7051,38.47
2020-03-04,30,30,8,705.1833333333333,dMShOA,7,515.55,23,65.5065,39.02
2020-03-04,30,30,8,705.1833333333333,dMShOA,8,505.55,22,89.4659,39.22
2020-03-04,30,30,8,705.1833333333333,dMShOA,9,447.9666666666667,23,91.4812,38.81
2022-03-16,30,31,8,696.8,GA,0,625.0,20,73.9742,41.94
2022-03-16,30,31,8,696.8,GA,1,648.2166666666666,18,61.2204,42.05
2022-03-16,30,31,8,696.8,GA,2,587.2666666666667,17,84.4902,42.1
2022-03-16,30,31,8,696.8,GA,3,820.7999999999998,14,81.2191,42.07
2022-03-16,30,31,8,696.8,GA,4,644.2333333333333,23,59.221,41.83
2022-03-16,30,31,8,696.8,GA,5,728.6666666666665,19,54.757,41.84
2022-03-16,30,31,8,696.8,GA,6,806.6,19,53.0991,42.12
2022-03-16,30,31,8,696.8,GA,7,701.2666666666668,13,43.4513,41.64
2022-03-16,30,31,8,696.8,GA,8,761.1833333333333,18,61.6926,41.99
2022-03-16,30,31,8,696.8,GA,9,697.4333333333334,20,51.0117,42.08
2022-03-16,30,31,8,696.8,dPSO,0,762.5666666666667,25,108.7613,42.66
2022-03-16,30,31,8,696.8,dPSO,1,627.3833333333334,23,62.7529,42.76
2022-03-16,30,31,8,696.8,dPSO,2,647.6333333333333,23,81.8304,42.49
2022-03-16,30,31,8,696.8,dPSO,3,743.2,20,67.2558,42.28
2022-03-16,30,31,8,696.8,dPSO,4,700.8833333333333,24,59.6458,42.72
2022-03-16,30,31,8,696.8,dPSO,5,1031.8,15,37.1389,42.9
2022-03-16,30,31,8,696.8,dPSO,6,678.55,20,80.4342,42.36
2022-03-16,30,31,8,696.8,dPSO,7,584.9166666666666,25,109.22,42.6
2022-03-16,30,31,8,696.8,dPSO,8,859.6833333333333,21,66.9984,42.72
2022-03-16,30,31,8,696.8,dPSO,9,629.0166666666667,21,86.2405,42.17
2022-03-16,30,31,8,696.8,SBOA,0,664.9999999999999,6,3.6278,57.73
2022-03-16,30,31,8,696.8,SBOA,1,752.1,2,21.2416,55.08
2022-03-16,30,31,8,696.8,SBOA,2,824.0666666666667,4,13.3208,56.75
2022-03-16,30,31,8,696.8,SBOA,3,718.5500000000001,16,17.5885,53.47
2022-03-16,30,31,8,696.8,SBOA,4,622.4,7,37.5286,54.59
2022-03-16,30,31,8,696.8,SBOA,5,750.1166666666667,6,43.5611,53.19
2022-03-16,30,31,8,696.8,SBOA,6,620.5833333333334,8,52.1646,50.22
2022-03-16,30,31,8,696.8,SBOA,7,729.05,2,3.7,53.18
2022-03-16,30,31,8,696.8,SBOA,8,543.7666666666667,12,22.4792,50.29
2022-03-16,30,31,8,696.8,SBOA,9,673.6,20,29.5192,49.83
2022-03-16,30,31,8,696.8,dMShOA,0,875.5333333333333,24,65.8139,40.0
2022-03-16,30,31,8,696.8,dMShOA,1,705.8666666666667,27,97.2821,39.87
2022-03-16,30,31,8,696.8,dMShOA,2,626.3833333333333,22,82.8265,39.68
2022-03-16,30,31,8,696.8,dMShOA,3,599.1166666666667,24,93.259,39.7
2022-03-16,30,31,8,696.8,dMShOA,4,842.1333333333332,22,79.0326,39.84
2022-03-16,30,31,8,696.8,dMShOA,5,615.55,21,111.5635,39.12
2022-03-16,30,31,8,696.8,dMShOA,6,685.6666666666666,26,91.5372,38.55
2022-03-16,30,31,8,696.8,dMShOA,7,762.7,23,86.208,38.79
2022-03-16,30,31,8,696.8,dMShOA,8,780.4833333333333,22,108.55,37.64
2022-03-16,30,31,8,696.8,dMShOA,9,833.1333333333333,25,83.216,34.19
2020-10-02,15,14,9,510.03333333333336,GA,0,556.6166666666667,3,14.9111,19.5
2020-10-02,15,14,9,510.03333333333336,GA,1,515.0166666666667,1,9.0,19.68
2020-10-02,15,14,9,510.03333333333336,GA,2,515.0166666666667,4,4.775,19.6
2020-10-02,15,14,9,510.03333333333336,GA,3,541.65,4,5.9084,19.59
2020-10-02,15,14,9,510.03333333333336,GA,4,515.0166666666667,5,9.91,19.68
2020-10-02,15,14,9,510.03333333333336,GA,5,515.95,4,7.8792,19.55
2020-10-02,15,14,9,510.03333333333336,GA,6,524.7166666666667,2,5.2083,19.58
2020-10-02,15,14,9,510.03333333333336,GA,7,518.5,1,3.4833,19.57
2020-10-02,15,14,9,510.03333333333336,GA,8,515.0166666666667,0,0.0,19.57
2020-10-02,15,14,9,510.03333333333336,GA,9,538.5833333333333,2,8.8917,19.51
2020-10-02,15,14,9,510.03333333333336,dPSO,0,515.0166666666667,6,12.7528,20.99
2020-10-02,15,14,9,510.03333333333336,dPSO,1,590.95,0,0.0,21.0
2020-10-02,15,14,9,510.03333333333336,dPSO,2,524.0333333333333,6,11.1222,20.79
2020-10-02,15,14,9,510.03333333333336,dPSO,3,554.3833333333333,5,10.4267,21.05
2020-10-02,15,14,9,510.03333333333336,dPSO,4,546.3666666666667,4,12.8625,21.08
2020-10-02,15,14,9,510.03333333333336,dPSO,5,524.0333333333333,4,12.1292,20.95
2020-10-02,15,14,9,510.03333333333336,dPSO,6,532.0166666666667,3,12.7,20.87
2020-10-02,15,14,9,510.03333333333336,dPSO,7,526.0333333333333,7,24.2714,21.09
2020-10-02,15,14,9,510.03333333333336,dPSO,8,548.0166666666667,3,13.6167,21.03
2020-10-02,15,14,9,510.03333333333336,dPSO,9,527.0333333333333,4,6.2,20.98
2020-10-02,15,14,9,510.03333333333336,SBOA,0,555.8333333333333,8,18.0938,20.25
2020-10-02,15,14,9,510.03333333333336,SBOA,1,561.8333333333333,2,10.775,22.34
2020-10-02,15,14,9,510.03333333333336,SBOA,2,590.8333333333333,9,21.7667,21.06
2020-10-02,15,14,9,510.03333333333336,SBOA,3,555.8333333333333,0,0.0,22.91
2020-10-02,15,14,9,510.03333333333336,SBOA,4,524.7166666666667,2,6.6416,25.61
2020-10-02,15,14,9,510.03333333333336,SBOA,5,515.0166666666667,1,4.0,25.04
2020-10-02,15,14,9,510.03333333333336,SBOA,6,515.0166666666667,0,0.0,24.71
2020-10-02,15,14,9,510.03333333333336,SBOA,7,515.0166666666667,0,0.0,25.56
2020-10-02,15,14,9,510.03333333333336,SBOA,8,532.4666666666667,2,6.7917,23.81
2020-10-02,15,14,9,510.03333333333336,SBOA,9,568.0166666666667,1,47.4167,21.33
2020-10-02,15,14,9,510.03333333333336,dMShOA,0,516.3833333333333,3,13.8445,19.7
2020-10-02,15,14,9,510.03333333333336,dMShOA,1,531.35,5,16.74,19.8
2020-10-02,15,14,9,510.03333333333336,dMShOA,2,532.0166666666667,6,13.775,19.87
2020-10-02,15,14,9,510.03333333333336,dMShOA,3,561.8666666666667,3,18.5278,20.0
2020-10-02,15,14,9,510.03333333333336,dMShOA,4,615.9333333333333,9,10.7852,19.95
2020-10-02,15,14,9,510.03333333333336,dMShOA,5,515.0166666666667,4,22.2125,19.95
2020-10-02,15,14,9,510.03333333333336,dMShOA,6,515.0166666666667,4,24.8958,20.08
2020-10-02,15,14,9,510.03333333333336,dMShOA,7,517.6,4,24.8834,20.09
2020-10-02,15,14,9,510.03333333333336,dMShOA,8,576.8166666666666,3,22.0,19.9
2020-10-02,15,14,9,510.03333333333336,dMShOA,9,566.8166666666666,5,25.34,20.05
2022-04-08,20,21,9,596.1833333333333,GA,0,497.9,11,23.6121,28.98
2022-04-08,20,21,9,596.1833333333333,GA,1,483.44999999999993,16,34.1042,28.87
2022-04-08,20,21,9,596.1833333333333,GA,2,557.1166666666667,7,34.1667,29.11
2022-04-08,20,21,9,596.1833333333333,GA,3,543.9833333333333,12,51.2361,29.03
2022-04-08,20,21,9,596.1833333333333,GA,4,644.3,9,38.5833,29.05
2022-04-08,20,21,9,596.1833333333333,GA,5,554.3833333333334,11,20.0348,29.19
2022-04-08,20,21,9,596.1833333333333,GA,6,447.5333333333333,11,37.0303,28.92
2022-04-08,20,21,9,596.1833333333333,GA,7,570.9166666666667,12,27.6986,29.21
2022-04-08,20,21,9,596.1833333333333,GA,8,555.6166666666667,7,31.0762,29.13
2022-04-08,20,21,9,596.1833333333333,GA,9,475.15,8,33.4292,29.2
2022-04-08,20,21,9,596.1833333333333,dPSO,0,470.51666666666665,15,50.7044,30.17
2022-04-08,20,21,9,596.1833333333333,dPSO,1,461.9666666666666,19,56.1491,30.14
2022-04-08,20,21,9,596.1833333333333,dPSO,2,584.0,11,29.8697,30.28
2022-04-08,20,21,9,596.1833333333333,dPSO,3,483.8,15,65.6033,30.05
2022-04-08,20,21,9,596.1833333333333,dPSO,4,513.95,14,51.5536,30.06
2022-04-08,20,21,9,596.1833333333333,dPSO,5,527.2666666666667,15,33.1089,30.21
2022-04-08,20,21,9,596.1833333333333,dPSO,6,493.31666666666666,14,40.3226,30.18
2022-04-08,20,21,9,596.1833333333333,dPSO,7,496.9666666666666,13,43.1436,30.12
2022-04-08,20,21,9,596.1833333333333,dPSO,8,523.35,14,36.0726,29.98
2022-04-08,20,21,9,596.1833333333333,dPSO,9,494.5,14,46.5988,29.98
2022-04-08,20,21,9,596.1833333333333,SBOA,0,473.41666666666674,1,13.1167,36.91
2022-04-08,20,21,9,596.1833333333333,SBOA,1,509.51666666666665,3,8.7111,34.55
2022-04-08,20,21,9,596.1833333333333,SBOA,2,540.9,2,4.875,36.75
2022-04-08,20,21,9,596.1833333333333,SBOA,3,447.76666666666665,7,14.9619,39.24
2022-04-08,20,21,9,596.1833333333333,SBOA,4,525.15,2,8.2584,37.95
2022-04-08,20,21,9,596.1833333333333,SBOA,5,589.5666666666667,3,6.85,36.66
2022-04-08,20,21,9,596.1833333333333,SBOA,6,705.0333333333333,1,2.0333,36.41
2022-04-08,20,21,9,596.1833333333333,SBOA,7,500.33333333333337,1,3.0,38.64
2022-04-08,20,21,9,596.1833333333333,SBOA,8,497.7000000000001,4,23.8875,36.56
2022-04-08,20,21,9,596.1833333333333,SBOA,9,557.3,13,55.35,28.51
2022-04-08,20,21,9,596.1833333333333,dMShOA,0,537.8,14,48.5012,28.51
2022-04-08,20,21,9,596.1833333333333,dMShOA,1,550.1833333333334,15,65.1278,28.49
2022-04-08,20,21,9,596.1833333333333,dMShOA,2,557.0333333333332,12,58.193,28.56
2022-04-08,20,21,9,596.1833333333333,dMShOA,3,467.35,12,66.2208,28.3
2022-04-08,20,21,9,596.1833333333333,dMShOA,4,522.2166666666667,11,63.5591,28.37
2022-04-08,20,21,9,596.1833333333333,dMShOA,5,561.35,12,56.8139,28.49
2022-04-08,20,21,9,596.1833333333333,dMShOA,6,432.4333333333333,17,61.5294,28.39
2022-04-08,20,21,9,596.1833333333333,dMShOA,7,492.85,16,50.5719,28.33
2022-04-08,20,21,9,596.1833333333333,dMShOA,8,496.9,12,42.8514,28.18
2022-04-08,20,21,9,596.1833333333333,dMShOA,9,544.95,14,52.1429,28.24
2021-12-21,20,21,9,693.0,GA,0,533.5833333333334,6,42.9444,29.03
2021-12-21,20,21,9,693.0,GA,1,500.16666666666674,9,33.3019,29.25
2021-12-21,20,21,9,693.0,GA,2,489.56666666666666,3,33.4722,29.11
2021-12-21,20,21,9,693.0,GA,3,461.55,12,31.7944,29.01
2021-12-21,20,21,9,693.0,GA,4,561.6,9,22.5537,29.01
2021-12-21,20,21,9,693.0,GA,5,514.5666666666667,11,51.5545,29.22
2021-12-21,20,21,9,693.0,GA,6,533.4666666666667,11,43.9455,29.18
2021-12-21,20,21,9,693.0,GA,7,573.5833333333334,5,34.1667,29.08
2021-12-21,20,21,9,693.0,GA,8,481.81666666666666,9,38.6667,28.97
2021-12-21,20,21,9,693.0,GA,9,521.0333333333333,9,43.7704,28.94
2021-12-21,20,21,9,693.0,dPSO,0,472.4500000000001,7,34.1333,30.2
2021-12-21,20,21,9,693.0,dPSO,1,472.15,14,46.8298,29.8
2021-12-21,20,21,9,693.0,dPSO,2,505.28333333333336,14,33.5238,30.1
2021-12-21,20,21,9,693.0,dPSO,3,488.1666666666667,14,48.8131,30.19
2021-12-21,20,21,9,693.0,dPSO,4,453.9166666666667,15,57.97,30.24
2021-12-21,20,21,9,693.0,dPSO,5,432.9166666666667,14,61.2917,29.98
2021-12-21,20,21,9,693.0,dPSO,6,473.3166666666667,16,60.8656,30.22
2021-12-21,20,21,9,693.0,dPSO,7,496.35,13,34.8692,30.07
2021-12-21,20,21,9,693.0,dPSO,8,530.2333333333333,9,19.7185,30.0
2021-12-21,20,21,9,693.0,dPSO,9,447.8833333333334,15,23.96,30.19
2021-12-21,20,21,9,693.0,SBOA,0,486.9500000000001,9,27.113,36.64
2021-12-21,20,21,9,693.0,SBOA,1,553.5,6,9.6472,36.39
2021-12-21,20,21,9,693.0,SBOA,2,589.6666666666666,2,3.025,36.71
2021-12-21,20,21,9,693.0,SBOA,3,477.7166666666667,5,40.5767,36.71
2021-12-21,20,21,9,693.0,SBOA,4,416.3833333333333,9,13.2815,38.25
2021-12-21,20,21,9,693.0,SBOA,5,686.95,4,7.4459,31.03
2021-12-21,20,21,9,693.0,SBOA,6,659.0,0,0.0,39.27
2021-12-21,20,21,9,693.0,SBOA,7,550.3666666666667,5,15.44,37.42
2021-12-21,20,21,9,693.0,SBOA,8,534.1500000000001,0,0.0,36.01
2021-12-21,20,21,9,693.0,SBOA,9,662.7666666666667,5,9.7633,37.34
2021-12-21,20,21,9,693.0,dMShOA,0,582.8166666666667,13,39.8102,28.57
2021-12-21,20,21,9,693.0,dMShOA,1,539.7833333333333,15,63.4422,28.03
2021-12-21,20,21,9,693.0,dMShOA,2,605.7333333333335,12,49.7555,28.36
2021-12-21,20,21,9,693.0,dMShOA,3,475.9,15,52.4289,28.3
2021-12-21,20,21,9,693.0,dMShOA,4,592.1,11,60.5803,28.51
2021-12-21,20,21,9,693.0,dMShOA,5,534.1,14,57.4655,28.5
2021-12-21,20,21,9,693.0,dMShOA,6,538.2333333333332,17,48.9255,28.49
2021-12-21,20,21,9,693.0,dMShOA,7,542.5833333333334,15,48.5322,28.25
2021-12-21,20,21,9,693.0,dMShOA,8,598.3833333333333,11,59.9591,28.19
2021-12-21,20,21,9,693.0,dMShOA,9,577.7166666666667,14,60.4988,28.34
2020-11-12,20,19,9,545.0,GA,0,450.0,6,22.0555,26.52
2020-11-12,20,19,9,545.0,GA,1,450.48333333333335,7,16.4047,26.3
2020-11-12,20,19,9,545.0,GA,2,453.81666666666666,6,4.8556,26.7
2020-11-12,20,19,9,545.0,GA,3,463.3833333333333,6,6.7194,26.48
2020-11-12,20,19,9,545.0,GA,4,450.0,5,14.0633,26.49
2020-11-12,20,19,9,545.0,GA,5,450.0,4,26.9291,26.39
2020-11-12,20,19,9,545.0,GA,6,493.3833333333333,6,11.8222,26.72
2020-11-12,20,19,9,545.0,GA,7,468.7,9,16.3241,26.61
2020-11-12,20,19,9,545.0,GA,8,466.26666666666665,4,21.4708,26.61
2020-11-12,20,19,9,545.0,GA,9,450.0,7,21.8762,26.58
2020-11-12,20,19,9,545.0,dPSO,0,506.56666666666666,11,24.5197,27.57
2020-11-12,20,19,9,545.0,dPSO,1,459.06666666666666,10,23.3317,27.48
2020-11-12,20,19,9,545.0,dPSO,2,452.3666666666667,7,9.1786,27.49
2020-11-12,20,19,9,545.0,dPSO,3,464.2,9,22.213,27.62
2020-11-12,20,19,9,545.0,dPSO,4,450.0,12,24.7889,27.51
2020-11-12,20,19,9,545.0,dPSO,5,451.51666666666665,12,15.8764,27.6
2020-11-12,20,19,9,545.0,dPSO,6,475.0,13,19.0795,27.51
2020-11-12,20,19,9,545.0,dPSO,7,460.6833333333333,9,17.2222,27.55
2020-11-12,20,19,9,545.0,dPSO,8,454.81666666666666,11,15.8803,27.47
2020-11-12,20,19,9,545.0,dPSO,9,465.35,17,37.6373,27.89
2020-11-12,20,19,9,545.0,SBOA,0,450.0,3,12.4111,32.46
2020-11-12,20,19,9,545.0,SBOA,1,450.0,1,0.0333,32.46
2020-11-12,20,19,9,545.0,SBOA,2,472.3,0,0.0,33.7
2020-11-12,20,19,9,545.0,SBOA,3,450.0,3,10.1944,33.47
2020-11-12,20,19,9,545.0,SBOA,4,450.0,0,0.0,33.94
2020-11-12,20,19,9,545.0,SBOA,5,450.0,1,5.0,33.62
2020-11-12,20,19,9,545.0,SBOA,6,455.0,1,2.5,35.55
2020-11-12,20,19,9,545.0,SBOA,7,450.0,4,11.1625,35.94
2020-11-12,20,19,9,545.0,SBOA,8,579.7,10,20.9533,28.16
2020-11-12,20,19,9,545.0,SBOA,9,509.1333333333333,9,21.7537,28.55
2020-11-12,20,19,9,545.0,dMShOA,0,498.6,12,27.1556,25.9
2020-11-12,20,19,9,545.0,dMShOA,1,489.31666666666666,10,43.9817,26.14
2020-11-12,20,19,9,545.0,dMShOA,2,465.0,11,45.0591,25.96
2020-11-12,20,19,9,545.0,dMShOA,3,498.0333333333333,6,39.5083,25.98
2020-11-12,20,19,9,545.0,dMShOA,4,450.0,13,39.1321,25.98
2020-11-12,20,19,9,545.0,dMShOA,5,506.56666666666666,11,34.3091,26.08
2020-11-12,20,19,9,545.0,dMShOA,6,462.3666666666667,10,31.8,26.01
2020-11-12,20,19,9,545.0,dMShOA,7,486.48333333333335,12,25.8236,25.96
2020-11-12,20,19,9,545.0,dMShOA,8,531.15,9,25.063,25.88
2020-11-12,20,19,9,545.0,dMShOA,9,483.1666666666666,10,35.9,26.19
2022-11-28,20,20,9,637.4,GA,0,452.3,15,36.7411,27.72
2022-11-28,20,20,9,637.4,GA,1,573.5999999999999,7,18.6,27.86
2022-11-28,20,20,9,637.4,GA,2,476.86666666666673,9,35.8204,27.8
2022-11-28,20,20,9,637.4,GA,3,586.8,7,26.2143,27.87
2022-11-28,20,20,9,637.4,GA,4,501.8333333333333,9,17.363,27.74
2022-11-28,20,20,9,637.4,GA,5,513.2333333333332,8,33.0229,27.6
2022-11-28,20,20,9,637.4,GA,6,587.1833333333333,6,40.3472,27.75
2022-11-28,20,20,9,637.4,GA,7,656.75,6,32.4472,27.86
2022-11-28,20,20,9,637.4,GA,8,507.4333333333333,4,54.8458,27.71
2022-11-28,20,20,9,637.4,GA,9,493.3,9,48.5796,27.8
2022-11-28,20,20,9,637.4,dPSO,0,496.31666666666666,16,55.25,28.78
2022-11-28,20,20,9,637.4,dPSO,1,503.3666666666667,14,35.0107,29.0
2022-11-28,20,20,9,637.4,dPSO,2,678.8499999999999,4,28.8875,28.86
2022-11-28,20,20,9,637.4,dPSO,3,503.06666666666666,12,53.4028,28.68
2022-11-28,20,20,9,637.4,dPSO,4,430.73333333333335,13,41.3385,28.86
2022-11-28,20,20,9,637.4,dPSO,5,549.3666666666666,13,42.9474,29.06
2022-11-28,20,20,9,637.4,dPSO,6,531.0333333333333,6,23.2833,28.63
2022-11-28,20,20,9,637.4,dPSO,7,505.31666666666666,10,43.7017,28.68
2022-11-28,20,20,9,637.4,dPSO,8,460.35,18,61.387,29.02
2022-11-28,20,20,9,637.4,dPSO,9,594.8833333333333,9,43.4852,28.97
2022-11-28,20,20,9,637.4,SBOA,0,440.98333333333335,3,29.8556,38.08
2022-11-28,20,20,9,637.4,SBOA,1,654.3833333333333,0,0.0,34.54
2022-11-28,20,20,9,637.4,SBOA,2,445.4166666666667,8,42.6333,35.25
2022-11-28,20,20,9,637.4,SBOA,3,510.81666666666666,5,19.29,34.95
2022-11-28,20,20,9,637.4,SBOA,4,501.8333333333333,6,21.4389,36.39
2022-11-28,20,20,9,637.4,SBOA,5,512.8166666666666,6,11.425,36.99
2022-11-28,20,20,9,637.4,SBOA,6,501.8333333333333,6,11.6056,36.14
2022-11-28,20,20,9,637.4,SBOA,7,570.3166666666667,2,8.2167,40.35
2022-11-28,20,20,9,637.4,SBOA,8,565.1999999999999,3,24.1,32.72
2022-11-28,20,20,9,637.4,SBOA,9,622.2333333333332,1,4.1667,33.47
2022-11-28,20,20,9,637.4,dMShOA,0,588.2166666666666,10,57.8633,27.19
2022-11-28,20,20,9,637.4,dMShOA,1,454.45,14,60.6179,27.34
2022-11-28,20,20,9,637.4,dMShOA,2,516.4166666666666,10,55.1567,26.98
2022-11-28,20,20,9,637.4,dMShOA,3,675.3833333333332,7,54.4167,27.23
2022-11-28,20,20,9,637.4,dMShOA,4,565.0833333333334,14,46.8369,27.15
2022-11-28,20,20,9,637.4,dMShOA,5,503.9,10,61.6883,27.02
2022-11-28,20,20,9,637.4,dMShOA,6,520.25,13,61.4103,27.09
2022-11-28,20,20,9,637.4,dMShOA,7,472.56666666666666,16,35.4333,27.35
2022-11-28,20,20,9,637.4,dMShOA,8,533.9166666666666,12,32.9764,27.33
2022-11-28,20,20,9,637.4,dMShOA,9,527.9,10,59.0167,27.36
2022-06-13,20,21,9,619.85,GA,0,657.6999999999999,14,64.4226,29.03
2022-06-13,20,21,9,619.85,GA,1,648.35,9,26.2204,28.86
2022-06-13,20,21,9,619.85,GA,2,645.0166666666667,15,46.5744,29.22
2022-06-13,20,21,9,619.85,GA,3,738.9,11,41.7454,29.07
2022-06-13,20,21,9,619.85,GA,4,702.2833333333334,14,44.2631,29.12
2022-06-13,20,21,9,619.85,GA,5,799.9,11,34.3561,28.96
2022-06-13,20,21,9,619.85,GA,6,696.5,11,48.8409,29.06
2022-06-13,20,21,9,619.85,GA,7,612.0166666666667,13,45.2243,29.18
2022-06-13,20,21,9,619.85,GA,8,637.0000000000001,11,52.5773,29.02
2022-06-13,20,21,9,619.85,GA,9,629.8000000000001,10,63.75,29.08
2022-06-13,20,21,9,619.85,dPSO,0,564.5333333333334,15,60.2511,30.07
2022-06-13,20,21,9,619.85,dPSO,1,585.65,17,62.3431,30.06
2022-06-13,20,21,9,619.85,dPSO,2,625.4666666666666,11,37.6227,29.94
2022-06-13,20,21,9,619.85,dPSO,3,573.8666666666668,14,71.131,30.29
2022-06-13,20,21,9,619.85,dPSO,4,718.8666666666667,13,67.4321,30.26
2022-06-13,20,21,9,619.85,dPSO,5,689.4999999999999,10,36.2667,30.17
2022-06-13,20,21,9,619.85,dPSO,6,768.8833333333333,8,31.3875,30.04
2022-06-13,20,21,9,619.85,dPSO,7,561.8666666666666,15,61.5422,29.94
2022-06-13,20,21,9,619.85,dPSO,8,735.0666666666667,11,46.7515,29.79
2022-06-13,20,21,9,619.85,dPSO,9,671.7833333333333,16,60.025,30.24
2022-06-13,20,21,9,619.85,SBOA,0,876.4333333333333,3,9.8222,36.1
2022-06-13,20,21,9,619.85,SBOA,1,695.6999999999999,4,24.1458,35.13
2022-06-13,20,21,9,619.85,SBOA,2,622.7499999999999,13,52.1487,29.66
2022-06-13,20,21,9,619.85,SBOA,3,768.8666666666666,3,2.85,38.64
2022-06-13,20,21,9,619.85,SBOA,4,667.1999999999999,9,62.4518,36.57
2022-06-13,20,21,9,619.85,SBOA,5,659.2333333333333,6,15.15,37.31
2022-06-13,20,21,9,619.85,SBOA,6,690.8666666666667,3,8.0778,39.97
2022-06-13,20,21,9,619.85,SBOA,7,668.3833333333333,4,23.3084,38.17
2022-06-13,20,21,9,619.85,SBOA,8,608.9166666666666,13,32.0436,34.48
2022-06-13,20,21,9,619.85,SBOA,9,701.6833333333333,12,21.0986,36.38
2022-06-13,20,21,9,619.85,dMShOA,0,742.9666666666666,14,86.4583,28.4
2022-06-13,20,21,9,619.85,dMShOA,1,774.3333333333334,13,88.3487,28.3
2022-06-13,20,21,9,619.85,dMShOA,2,698.7666666666668,15,80.5022,28.25
2022-06-13,20,21,9,619.85,dMShOA,3,887.8666666666666,14,58.2178,28.49
2022-06-13,20,21,9,619.85,dMShOA,4,642.1,17,61.3147,28.43
2022-06-13,20,21,9,619.85,dMShOA,5,644.8666666666667,16,84.9031,28.34
2022-06-13,20,21,9,619.85,dMShOA,6,673.2166666666666,16,72.8896,28.51
2022-06-13,20,21,9,619.85,dMShOA,7,734.55,12,81.2708,28.03
2022-06-13,20,21,9,619.85,dMShOA,8,757.9666666666667,12,76.4028,28.14
2022-06-13,20,21,9,619.85,dMShOA,9,671.5166666666667,15,83.7367,28.45
2022-06-15,25,26,9,623.65,GA,0,615.1333333333333,14,36.044,35.65
2022-06-15,25,26,9,623.65,GA,1,749.85,12,29.1375,35.65
2022-06-15,25,26,9,623.65,GA,2,585.9833333333332,10,46.3767,35.54
2022-06-15,25,26,9,623.65,GA,3,596.0833333333333,10,53.8933,35.65
2022-06-15,25,26,9,623.65,GA,4,613.7166666666667,17,48.202,35.82
2022-06-15,25,26,9,623.65,GA,5,563.45,14,39.7333,35.45
2022-06-15,25,26,9,623.65,GA,6,574.8333333333333,17,49.8892,35.65
2022-06-15,25,26,9,623.65,GA,7,516.2,18,53.1444,35.81
2022-06-15,25,26,9,623.65,GA,8,523.2666666666667,19,50.8447,35.57
2022-06-15,25,26,9,623.65,GA,9,545.3166666666666,13,50.6192,35.35
2022-06-15,25,26,9,623.65,dPSO,0,579.6000000000001,20,53.4933,36.34
2022-06-15,25,26,9,623.65,dPSO,1,575.8000000000001,17,92.2206,36.59
2022-06-15,25,26,9,623.65,dPSO,2,502.8166666666667,25,97.396,36.3
2022-06-15,25,26,9,623.65,dPSO,3,513.6666666666666,21,68.7349,36.38
2022-06-15,25,26,9,623.65,dPSO,4,518.5333333333333,21,79.9357,36.35
2022-06-15,25,26,9,623.65,dPSO,5,484.9333333333334,14,66.944,36.57
2022-06-15,25,26,9,623.65,dPSO,6,675.6166666666667,12,31.8264,36.35
2022-06-15,25,26,9,623.65,dPSO,7,695.4333333333334,11,50.153,36.59
2022-06-15,25,26,9,623.65,dPSO,8,584.5,22,69.2311,36.65
2022-06-15,25,26,9,623.65,dPSO,9,558.9833333333333,21,86.0167,36.33
2022-06-15,25,26,9,623.65,SBOA,0,563.8666666666666,1,43.7667,50.93
2022-06-15,25,26,9,623.65,SBOA,1,546.9833333333333,7,32.6905,48.75
2022-06-15,25,26,9,623.65,SBOA,2,555.5666666666666,9,48.3741,38.97
2022-06-15,25,26,9,623.65,SBOA,3,557.7333333333333,9,48.5481,51.04
2022-06-15,25,26,9,623.65,SBOA,4,730.55,1,0.65,44.84
2022-06-15,25,26,9,623.65,SBOA,5,528.2666666666667,4,3.65,48.46
2022-06-15,25,26,9,623.65,SBOA,6,503.4,14,60.0226,38.51
2022-06-15,25,26,9,623.65,SBOA,7,573.8166666666667,4,14.1166,50.22
2022-06-15,25,26,9,623.65,SBOA,8,839.05,1,5.0,47.64
2022-06-15,25,26,9,623.65,SBOA,9,558.2666666666667,11,49.3561,37.52
2022-06-15,25,26,9,623.65,dMShOA,0,566.7666666666667,21,52.5206,34.05
2022-06-15,25,26,9,623.65,dMShOA,1,611.5,18,49.35,34.39
2022-06-15,25,26,9,623.65,dMShOA,2,652.2333333333333,21,66.0722,34.09
2022-06-15,25,26,9,623.65,dMShOA,3,743.1166666666667,16,75.2,34.28
2022-06-15,25,26,9,623.65,dMShOA,4,497.3666666666666,23,84.2109,34.14
2022-06-15,25,26,9,623.65,dMShOA,5,663.6166666666667,17,70.7481,34.45
2022-06-15,25,26,9,623.65,dMShOA,6,530.4166666666666,19,79.3974,34.37
2022-06-15,25,26,9,623.65,dMShOA,7,549.0833333333334,18,101.037,34.33
2022-06-15,25,26,9,623.65,dMShOA,8,611.0000000000001,15,76.6978,34.39
2022-06-15,25,26,9,623.65,dMShOA,9,710.4999999999999,14,93.7381,34.24
2022-12-19,25,24,9,658.3333333333334,GA,0,728.5333333333334,15,54.6811,32.98
2022-12-19,25,24,9,658.3333333333334,GA,1,633.2333333333333,14,69.5524,33.17
2022-12-19,25,24,9,658.3333333333334,GA,2,727.2166666666667,12,81.1139,32.95
2022-12-19,25,24,9,658.3333333333334,GA,3,724.85,13,35.9705,33.1
2022-12-19,25,24,9,658.3333333333334,GA,4,773.0166666666667,13,50.0538,33.15
2022-12-19,25,24,9,658.3333333333334,GA,5,675.3833333333332,11,64.6636,33.09
2022-12-19,25,24,9,658.3333333333334,GA,6,638.95,15,46.1578,32.99
2022-12-19,25,24,9,658.3333333333334,GA,7,814.8833333333334,8,38.9146,32.91
2022-12-19,25,24,9,658.3333333333334,GA,8,758.0999999999999,11,42.7682,33.27
2022-12-19,25,24,9,658.3333333333334,GA,9,657.0666666666667,15,45.47,33.09
2022-12-19,25,24,9,658.3333333333334,dPSO,0,582.3166666666666,24,88.7847,33.96
2022-12-19,25,24,9,658.3333333333334,dPSO,1,510.65,16,56.0542,34.06
2022-12-19,25,24,9,658.3333333333334,dPSO,2,597.9999999999999,18,89.4445,33.84
2022-12-19,25,24,9,658.3333333333334,dPSO,3,630.5833333333334,19,62.7482,33.76
2022-12-19,25,24,9,658.3333333333334,dPSO,4,659.6666666666666,12,42.5542,33.94
2022-12-19,25,24,9,658.3333333333334,dPSO,5,658.3666666666667,14,87.9821,33.73
2022-12-19,25,24,9,658.3333333333334,dPSO,6,648.3833333333334,15,68.0278,33.92
2022-12-19,25,24,9,658.3333333333334,dPSO,7,653.1666666666666,12,57.2194,33.66
2022-12-19,25,24,9,658.3333333333334,dPSO,8,598.8499999999999,14,44.6643,33.86
2022-12-19,25,24,9,658.3333333333334,dPSO,9,540.5333333333334,16,93.5917,34.19
2022-12-19,25,24,9,658.3333333333334,SBOA,0,568.8666666666667,6,28.1472,42.47
2022-12-19,25,24,9,658.3333333333334,SBOA,1,761.4,3,35.2778,48.54
2022-12-19,25,24,9,658.3333333333334,SBOA,2,719.0833333333334,8,43.3021,43.62
2022-12-19,25,24,9,658.3333333333334,SBOA,3,639.3666666666667,11,56.153,43.65
2022-12-19,25,24,9,658.3333333333334,SBOA,4,716.7833333333333,4,13.1166,45.24
2022-12-19,25,24,9,658.3333333333334,SBOA,5,703.3166666666667,11,28.6788,41.1
2022-12-19,25,24,9,658.3333333333334,SBOA,6,779.8666666666667,2,35.0166,47.44
2022-12-19,25,24,9,658.3333333333334,SBOA,7,641.3833333333333,5,7.8167,45.22
2022-12-19,25,24,9,658.3333333333334,SBOA,8,591.9666666666666,13,13.5808,42.92
2022-12-19,25,24,9,658.3333333333334,SBOA,9,770.75,2,10.5083,42.69
2022-12-19,25,24,9,658.3333333333334,dMShOA,0,560.3666666666667,20,92.4458,32.07
2022-12-19,25,24,9,658.3333333333334,dMShOA,1,699.5333333333334,18,87.0889,32.07
2022-12-19,25,24,9,658.3333333333334,dMShOA,2,657.1,14,87.1512,31.74
2022-12-19,25,24,9,658.3333333333334,dMShOA,3,602.5833333333333,17,88.8392,31.61
2022-12-19,25,24,9,658.3333333333334,dMShOA,4,600.0666666666667,19,85.6675,31.85
2022-12-19,25,24,9,658.3333333333334,dMShOA,5,655.6666666666667,21,71.8976,31.64
2022-12-19,25,24,9,658.3333333333334,dMShOA,6,717.0166666666667,14,109.0059,31.68
2022-12-19,25,24,9,658.3333333333334,dMShOA,7,723.5333333333333,14,88.2607,31.56
2022-12-19,25,24,9,658.3333333333334,dMShOA,8,683.4833333333332,19,90.8176,31.86
2022-12-19,25,24,9,658.3333333333334,dMShOA,9,686.2,16,102.7135,32.04
2021-12-17,25,24,9,459.3,GA,0,495.85,9,37.9444,33.17
2021-12-17,25,24,9,459.3,GA,1,479.6833333333333,16,27.4396,33.16
2021-12-17,25,24,9,459.3,GA,2,456.76666666666665,13,29.3577,32.95
2021-12-17,25,24,9,459.3,GA,3,479.5,12,21.932,32.89
2021-12-17,25,24,9,459.3,GA,4,548.8166666666667,10,14.7217,32.93
2021-12-17,25,24,9,459.3,GA,5,556.5833333333334,10,24.5767,33.05
2021-12-17,25,24,9,459.3,GA,6,518.8499999999999,11,23.7151,33.16
2021-12-17,25,24,9,459.3,GA,7,601.1999999999999,5,14.3,32.91
2021-12-17,25,24,9,459.3,GA,8,450.6166666666667,11,37.7121,32.98
2021-12-17,25,24,9,459.3,GA,9,499.26666666666665,10,28.4733,32.98
2021-12-17,25,24,9,459.3,dPSO,0,395.4,20,53.5833,33.69
2021-12-17,25,24,9,459.3,dPSO,1,495.58333333333337,10,38.995,33.98
2021-12-17,25,24,9,459.3,dPSO,2,453.9333333333333,15,38.29,33.91
2021-12-17,25,24,9,459.3,dPSO,3,518.0833333333334,18,65.8444,33.93
2021-12-17,25,24,9,459.3,dPSO,4,376.9666666666666,21,44.5659,34.08
2021-12-17,25,24,9,459.3,dPSO,5,463.55,17,25.9843,34.03
2021-12-17,25,24,9,459.3,dPSO,6,513.4333333333334,10,28.2217,34.14
2021-12-17,25,24,9,459.3,dPSO,7,433.6666666666667,17,31.4304,33.83
2021-12-17,25,24,9,459.3,dPSO,8,463.1166666666667,13,14.5577,34.07
2021-12-17,25,24,9,459.3,dPSO,9,393.1,17,45.2971,33.86
2021-12-17,25,24,9,459.3,SBOA,0,564.9333333333334,1,5.0,42.58
2021-12-17,25,24,9,459.3,SBOA,1,530.2166666666666,2,6.8417,42.13
2021-12-17,25,24,9,459.3,SBOA,2,480.3333333333333,4,9.9667,41.01
2021-12-17,25,24,9,459.3,SBOA,3,414.1833333333333,5,18.2,49.99
2021-12-17,25,24,9,459.3,SBOA,4,568.2500000000001,0,0.0,42.89
2021-12-17,25,24,9,459.3,SBOA,5,526.6833333333333,14,60.6214,33.03
2021-12-17,25,24,9,459.3,SBOA,6,529.7,5,5.9067,41.44
2021-12-17,25,24,9,459.3,SBOA,7,440.6666666666667,9,24.4389,41.36
2021-12-17,25,24,9,459.3,SBOA,8,567.9333333333333,4,8.0666,41.72
2021-12-17,25,24,9,459.3,SBOA,9,410.4666666666667,3,19.8667,42.99
2021-12-17,25,24,9,459.3,dMShOA,0,522.4833333333333,11,46.7257,31.7
2021-12-17,25,24,9,459.3,dMShOA,1,490.0833333333333,17,41.6814,31.9
2021-12-17,25,24,9,459.3,dMShOA,2,630.95,13,37.6385,31.85
2021-12-17,25,24,9,459.3,dMShOA,3,490.48333333333335,15,54.9778,31.91
2021-12-17,25,24,9,459.3,dMShOA,4,540.9333333333333,16,44.8708,32.15
2021-12-17,25,24,9,459.3,dMShOA,5,645.5666666666667,12,36.9653,31.97
2021-12-17,25,24,9,459.3,dMShOA,6,510.8833333333333,17,52.9294,32.15
2021-12-17,25,24,9,459.3,dMShOA,7,548.3833333333333,12,64.4417,31.75
2021-12-17,25,24,9,459.3,dMShOA,8,593.85,13,47.1244,31.98
2021-12-17,25,24,9,459.3,dMShOA,9,488.2666666666667,19,44.6439,31.81
2023-02-15,25,25,9,646.55,GA,0,534.35,19,60.0421,34.5
2023-02-15,25,25,9,646.55,GA,1,464.0833333333333,16,52.5489,34.18
2023-02-15,25,25,9,646.55,GA,2,553.0833333333334,16,43.9813,34.41
2023-02-15,25,25,9,646.55,GA,3,585.65,11,41.1424,34.26
2023-02-15,25,25,9,646.55,GA,4,475.5666666666666,17,38.2559,34.41
2023-02-15,25,25,9,646.55,GA,5,547.3833333333333,17,53.7657,34.31
2023-02-15,25,25,9,646.55,GA,6,683.1666666666666,10,33.665,34.5
2023-02-15,25,25,9,646.55,GA,7,519.4166666666666,15,70.2667,34.52
2023-02-15,25,25,9,646.55,GA,8,552.0666666666667,11,43.6364,34.42
2023-02-15,25,25,9,646.55,GA,9,548.35,13,51.7987,34.49
2023-02-15,25,25,9,646.55,dPSO,0,552.7,19,51.7254,35.09
2023-02-15,25,25,9,646.55,dPSO,1,512.0,15,55.3744,35.29
2023-02-15,25,25,9,646.55,dPSO,2,683.05,9,35.6519,35.26
2023-02-15,25,25,9,646.55,dPSO,3,463.1833333333333,17,82.651,35.17
2023-02-15,25,25,9,646.55,dPSO,4,505.0,19,48.4272,34.99
2023-02-15,25,25,9,646.55,dPSO,5,612.7166666666667,17,49.0726,35.04
2023-02-15,25,25,9,646.55,dPSO,6,470.5166666666667,21,75.9198,35.2
2023-02-15,25,25,9,646.55,dPSO,7,518.75,24,65.1535,35.15
2023-02-15,25,25,9,646.55,dPSO,8,613.1666666666667,14,60.4833,35.11
2023-02-15,25,25,9,646.55,dPSO,9,523.1999999999999,19,88.5939,35.08
2023-02-15,25,25,9,646.55,SBOA,0,557.7333333333333,11,14.8091,45.66
2023-02-15,25,25,9,646.55,SBOA,1,575.8000000000001,2,7.6,46.46
2023-02-15,25,25,9,646.55,SBOA,2,604.1000000000001,4,12.6125,44.93
2023-02-15,25,25,9,646.55,SBOA,3,632.0666666666667,7,10.1286,44.96
2023-02-15,25,25,9,646.55,SBOA,4,743.0499999999998,0,0.0,47.26
2023-02-15,25,25,9,646.55,SBOA,5,655.75,6,21.1667,43.91
2023-02-15,25,25,9,646.55,SBOA,6,629.4666666666667,4,12.1167,44.88
2023-02-15,25,25,9,646.55,SBOA,7,511.0166666666667,11,10.1591,50.46
2023-02-15,25,25,9,646.55,SBOA,8,477.2,8,10.6854,46.15
2023-02-15,25,25,9,646.55,SBOA,9,444.1166666666667,17,37.4667,46.2
2023-02-15,25,25,9,646.55,dMShOA,0,727.4666666666667,18,62.2389,32.93
2023-02-15,25,25,9,646.55,dMShOA,1,582.8166666666666,19,79.443,33.24
2023-02-15,25,25,9,646.55,dMShOA,2,514.4166666666666,15,95.0167,33.25
2023-02-15,25,25,9,646.55,dMShOA,3,577.3,16,87.2677,33.05
2023-02-15,25,25,9,646.55,dMShOA,4,515.4333333333334,19,76.8324,32.91
2023-02-15,25,25,9,646.55,dMShOA,5,493.8,20,85.4883,32.89
2023-02-15,25,25,9,646.55,dMShOA,6,678.0333333333333,17,67.9402,33.05
2023-02-15,25,25,9,646.55,dMShOA,7,549.7666666666667,20,80.2792,32.98
2023-02-15,25,25,9,646.55,dMShOA,8,502.3,22,78.8394,32.96
2023-02-15,25,25,9,646.55,dMShOA,9,535.6833333333334,19,65.6693,32.77
2022-01-05,25,26,9,665.3333333333334,GA,0,777.1666666666667,15,52.0278,35.45
2022-01-05,25,26,9,665.3333333333334,GA,1,598.05,12,41.8556,35.79
2022-01-05,25,26,9,665.3333333333334,GA,2,632.8833333333334,17,31.3216,35.73
2022-01-05,25,26,9,665.3333333333334,GA,3,640.6666666666666,13,50.8269,35.63
2022-01-05,25,26,9,665.3333333333334,GA,4,494.7833333333333,22,70.4538,35.47
2022-01-05,25,26,9,665.3333333333334,GA,5,614.9333333333333,19,58.0456,35.42
2022-01-05,25,26,9,665.3333333333334,GA,6,559.0333333333334,17,60.3912,35.67
2022-01-05,25,26,9,665.3333333333334,GA,7,611.6666666666667,16,54.6448,35.65
2022-01-05,25,26,9,665.3333333333334,GA,8,679.3833333333333,15,48.3611,35.54
2022-01-05,25,26,9,665.3333333333334,GA,9,762.4833333333333,13,31.8346,35.75
2022-01-05,25,26,9,665.3333333333334,dPSO,0,564.7333333333333,22,91.5939,36.5
2022-01-05,25,26,9,665.3333333333334,dPSO,1,612.7833333333333,20,75.4117,36.16
2022-01-05,25,26,9,665.3333333333334,dPSO,2,529.75,22,126.9939,36.36
2022-01-05,25,26,9,665.3333333333334,dPSO,3,639.7833333333333,20,58.5292,36.38
2022-01-05,25,26,9,665.3333333333334,dPSO,4,572.75,20,79.9225,36.32
2022-01-05,25,26,9,665.3333333333334,dPSO,5,577.0666666666667,22,77.5273,36.72
2022-01-05,25,26,9,665.3333333333334,dPSO,6,634.3833333333333,18,96.35,36.54
2022-01-05,25,26,9,665.3333333333334,dPSO,7,561.9166666666667,22,59.1735,36.49
2022-01-05,25,26,9,665.3333333333334,dPSO,8,564.35,21,91.9008,36.79
2022-01-05,25,26,9,665.3333333333334,dPSO,9,625.1833333333334,18,65.5546,36.81
2022-01-05,25,26,9,665.3333333333334,SBOA,0,578.4833333333333,1,17.5833,49.78
2022-01-05,25,26,9,665.3333333333334,SBOA,1,650.4666666666667,10,37.08,49.11
2022-01-05,25,26,9,665.3333333333334,SBOA,2,663.8333333333334,5,22.3633,46.81
2022-01-05,25,26,9,665.3333333333334,SBOA,3,578.4833333333333,4,16.0208,49.01
2022-01-05,25,26,9,665.3333333333334,SBOA,4,530.5666666666666,17,42.2529,39.99
2022-01-05,25,26,9,665.3333333333334,SBOA,5,610.3666666666667,8,35.4562,46.39
2022-01-05,25,26,9,665.3333333333334,SBOA,6,918.2333333333332,9,26.3093,47.4
2022-01-05,25,26,9,665.3333333333334,SBOA,7,733.9166666666667,0,0.0,51.34
2022-01-05,25,26,9,665.3333333333334,SBOA,8,652.1833333333334,16,13.125,46.16
2022-01-05,25,26,9,665.3333333333334,SBOA,9,545.2833333333333,6,13.2555,46.27
2022-01-05,25,26,9,665.3333333333334,dMShOA,0,581.85,21,83.9556,34.43
2022-01-05,25,26,9,665.3333333333334,dMShOA,1,599.7666666666667,16,82.776,34.07
2022-01-05,25,26,9,665.3333333333334,dMShOA,2,662.4666666666667,17,85.5226,34.22
2022-01-05,25,26,9,665.3333333333334,dMShOA,3,655.5166666666667,22,77.8727,34.2
2022-01-05,25,26,9,665.3333333333334,dMShOA,4,801.5333333333333,16,64.1521,34.17
2022-01-05,25,26,9,665.3333333333334,dMShOA,5,633.0666666666666,20,78.7008,34.4
2022-01-05,25,26,9,665.3333333333334,dMShOA,6,562.1166666666667,20,81.14,34.44
2022-01-05,25,26,9,665.3333333333334,dMShOA,7,650.0333333333333,22,71.7288,34.34
2022-01-05,25,26,9,665.3333333333334,dMShOA,8,556.8333333333334,21,79.3825,34.43
2022-01-05,25,26,9,665.3333333333334,dMShOA,9,572.8,18,77.6343,34.43
2023-12-22,25,24,9,685.9333333333333,GA,0,528.15,11,27.9788,32.89
2023-12-22,25,24,9,685.9333333333333,GA,1,621.2666666666667,11,45.1167,32.82
2023-12-22,25,24,9,685.9333333333333,GA,2,535.6666666666667,13,27.3179,33.05
2023-12-22,25,24,9,685.9333333333333,GA,3,541.4666666666667,12,54.6125,32.98
2023-12-22,25,24,9,685.9333333333333,GA,4,642.5500000000001,15,55.6033,33.09
2023-12-22,25,24,9,685.9333333333333,GA,5,530.9333333333334,12,57.1819,32.86
2023-12-22,25,24,9,685.9333333333333,GA,6,636.1666666666667,9,33.7167,33.15
2023-12-22,25,24,9,685.9333333333333,GA,7,644.5833333333334,12,43.1194,33.26
2023-12-22,25,24,9,685.9333333333333,GA,8,597.5166666666667,11,48.8182,33.09
2023-12-22,25,24,9,685.9333333333333,GA,9,550.0500000000001,13,43.1974,33.2
2023-12-22,25,24,9,685.9333333333333,dPSO,0,535.7,19,48.486,34.04
2023-12-22,25,24,9,685.9333333333333,dPSO,1,469.95,14,59.4952,33.8
2023-12-22,25,24,9,685.9333333333333,dPSO,2,528.7333333333333,18,42.0278,34.05
2023-12-22,25,24,9,685.9333333333333,dPSO,3,626.6333333333334,22,73.9901,33.76
2023-12-22,25,24,9,685.9333333333333,dPSO,4,552.2333333333333,21,58.0079,33.86
2023-12-22,25,24,9,685.9333333333333,dPSO,5,617.0333333333334,21,75.3889,33.98
2023-12-22,25,24,9,685.9333333333333,dPSO,6,578.1500000000001,19,63.7912,34.09
2023-12-22,25,24,9,685.9333333333333,dPSO,7,633.3166666666667,16,51.5552,33.83
2023-12-22,25,24,9,685.9333333333333,dPSO,8,481.03333333333336,8,56.0333,33.89
2023-12-22,25,24,9,685.9333333333333,dPSO,9,471.1,14,54.0417,33.91
2023-12-22,25,24,9,685.9333333333333,SBOA,0,590.9666666666667,1,1.7333,43.37
2023-12-22,25,24,9,685.9333333333333,SBOA,1,631.9,2,4.25,44.91
2023-12-22,25,24,9,685.9333333333333,SBOA,2,500.1333333333333,6,27.8028,43.53
2023-12-22,25,24,9,685.9333333333333,SBOA,3,569.0833333333333,6,9.6389,39.02
2023-12-22,25,24,9,685.9333333333333,SBOA,4,634.3833333333333,0,0.0,44.73
2023-12-22,25,24,9,685.9333333333333,SBOA,5,547.6833333333334,6,7.9306,44.98
2023-12-22,25,24,9,685.9333333333333,SBOA,6,550.2000000000002,10,22.9117,45.54
2023-12-22,25,24,9,685.9333333333333,SBOA,7,531.8666666666667,9,7.0185,43.18
2023-12-22,25,24,9,685.9333333333333,SBOA,8,565.6500000000001,6,14.5167,44.94
2023-12-22,25,24,9,685.9333333333333,SBOA,9,575.6666666666666,2,8.9583,44.0
2023-12-22,25,24,9,685.9333333333333,dMShOA,0,698.3333333333334,14,71.4857,32.08
2023-12-22,25,24,9,685.9333333333333,dMShOA,1,544.0666666666667,18,64.1324,31.73
2023-12-22,25,24,9,685.9333333333333,dMShOA,2,516.6666666666667,20,81.0183,31.76
2023-12-22,25,24,9,685.9333333333333,dMShOA,3,594.1833333333333,16,66.5115,31.98
2023-12-22,25,24,9,685.9333333333333,dMShOA,4,674.1166666666668,18,75.7769,31.84
2023-12-22,25,24,9,685.9333333333333,dMShOA,5,571.1666666666667,16,69.376,31.84
2023-12-22,25,24,9,685.9333333333333,dMShOA,6,505.4,20,67.3083,32.04
2023-12-22,25,24,9,685.9333333333333,dMShOA,7,550.1333333333333,19,74.0026,31.74
2023-12-22,25,24,9,685.9333333333333,dMShOA,8,547.6833333333334,17,70.5628,31.83
2023-12-22,25,24,9,685.9333333333333,dMShOA,9,530.3166666666667,18,73.812,31.76
2023-02-17,25,24,9,751.55,GA,0,755.2,6,47.0,33.16
2023-02-17,25,24,9,751.55,GA,1,620.5,15,52.0578,32.93
2023-02-17,25,24,9,751.55,GA,2,750.0999999999999,11,46.053,32.96
2023-02-17,25,24,9,751.55,GA,3,775.3,14,57.8024,33.2
2023-02-17,25,24,9,751.55,GA,4,731.35,17,41.2863,33.01
2023-02-17,25,24,9,751.55,GA,5,909.15,12,34.0236,33.02
2023-02-17,25,24,9,751.55,GA,6,682.95,9,36.237,33.03
2023-02-17,25,24,9,751.55,GA,7,619.1166666666666,9,51.1259,33.19
2023-02-17,25,24,9,751.55,GA,8,584.5333333333333,15,51.9844,32.95
2023-02-17,25,24,9,751.55,GA,9,643.8833333333333,15,60.5611,33.13
2023-02-17,25,24,9,751.55,dPSO,0,624.9666666666667,17,58.9794,33.68
2023-02-17,25,24,9,751.55,dPSO,1,646.7333333333333,15,62.7433,33.93
2023-02-17,25,24,9,751.55,dPSO,2,649.9000000000001,16,82.25,33.71
2023-02-17,25,24,9,751.55,dPSO,3,648.5000000000001,16,71.5844,33.81
2023-02-17,25,24,9,751.55,dPSO,4,658.9333333333334,17,52.2627,33.84
2023-02-17,25,24,9,751.55,dPSO,5,695.4999999999999,12,28.643,33.72
2023-02-17,25,24,9,751.55,dPSO,6,757.4833333333333,11,57.8621,33.93
2023-02-17,25,24,9,751.55,dPSO,7,656.2833333333333,17,69.7412,34.07
2023-02-17,25,24,9,751.55,dPSO,8,627.3666666666667,18,65.3287,34.06
2023-02-17,25,24,9,751.55,dPSO,9,705.6833333333333,10,41.4217,34.05
2023-02-17,25,24,9,751.55,SBOA,0,633.0833333333334,7,8.7453,47.1
2023-02-17,25,24,9,751.55,SBOA,1,613.4166666666666,12,41.2653,34.5
2023-02-17,25,24,9,751.55,SBOA,2,648.5000000000001,10,32.76,40.96
2023-02-17,25,24,9,751.55,SBOA,3,604.75,5,12.7433,41.05
2023-02-17,25,24,9,751.55,SBOA,4,816.8166666666666,13,40.1,34.38
2023-02-17,25,24,9,751.55,SBOA,5,593.1833333333334,6,17.2333,43.37
2023-02-17,25,24,9,751.55,SBOA,6,717.6666666666666,1,8.8167,43.29
2023-02-17,25,24,9,751.55,SBOA,7,524.35,19,76.7211,34.52
2023-02-17,25,24,9,751.55,SBOA,8,704.3499999999999,0,0.0,45.63
2023-02-17,25,24,9,751.55,SBOA,9,753.6666666666666,0,0.0,42.11
2023-02-17,25,24,9,751.55,dMShOA,0,663.5666666666666,14,81.2488,31.68
2023-02-17,25,24,9,751.55,dMShOA,1,649.8833333333332,17,63.0784,31.87
2023-02-17,25,24,9,751.55,dMShOA,2,599.1833333333334,17,74.1167,31.52
2023-02-17,25,24,9,751.55,dMShOA,3,738.55,12,59.2736,31.84
2023-02-17,25,24,9,751.55,dMShOA,4,786.1166666666667,10,84.12,31.63
2023-02-17,25,24,9,751.55,dMShOA,5,677.7166666666666,19,70.0614,31.71
2023-02-17,25,24,9,751.55,dMShOA,6,682.4333333333333,18,70.462,31.86
2023-02-17,25,24,9,751.55,dMShOA,7,623.9833333333332,14,74.656,32.09
2023-02-17,25,24,9,751.55,dMShOA,8,922.9666666666668,17,65.2206,31.99
2023-02-17,25,24,9,751.55,dMShOA,9,753.85,13,63.5231,31.91
2021-11-08,25,24,9,713.9333333333333,GA,0,475.4333333333333,14,72.2297,33.02
2021-11-08,25,24,9,713.9333333333333,GA,1,664.1,11,55.2424,33.3
2021-11-08,25,24,9,713.9333333333333,GA,2,698.65,12,38.4194,32.87
2021-11-08,25,24,9,713.9333333333333,GA,3,544.25,18,66.0278,33.24
2021-11-08,25,24,9,713.9333333333333,GA,4,590.3166666666667,13,36.1269,33.16
2021-11-08,25,24,9,713.9333333333333,GA,5,580.8333333333334,13,36.7013,32.8
2021-11-08,25,24,9,713.9333333333333,GA,6,687.05,15,36.0144,33.01
2021-11-08,25,24,9,713.9333333333333,GA,7,728.9333333333334,10,38.695,32.87
2021-11-08,25,24,9,713.9333333333333,GA,8,590.0833333333334,13,33.3859,32.95
2021-11-08,25,24,9,713.9333333333333,GA,9,567.6333333333332,17,45.049,33.02
2021-11-08,25,24,9,713.9333333333333,dPSO,0,560.4666666666668,20,66.0425,34.05
2021-11-08,25,24,9,713.9333333333333,dPSO,1,524.9,16,76.9094,33.78
2021-11-08,25,24,9,713.9333333333333,dPSO,2,503.9666666666667,19,81.1789,34.05
2021-11-08,25,24,9,713.9333333333333,dPSO,3,502.9666666666667,21,47.3286,34.03
2021-11-08,25,24,9,713.9333333333333,dPSO,4,620.3999999999999,18,76.0111,34.03
2021-11-08,25,24,9,713.9333333333333,dPSO,5,603.3166666666666,9,29.0815,33.86
2021-11-08,25,24,9,713.9333333333333,dPSO,6,575.5,19,49.2368,33.91
2021-11-08,25,24,9,713.9333333333333,dPSO,7,516.2333333333333,17,44.2431,34.11
2021-11-08,25,24,9,713.9333333333333,dPSO,8,610.5833333333333,19,59.0035,33.9
2021-11-08,25,24,9,713.9333333333333,dPSO,9,634.3166666666667,13,55.0949,33.86
2021-11-08,25,24,9,713.9333333333333,SBOA,0,658.3333333333333,15,57.6555,37.9
2021-11-08,25,24,9,713.9333333333333,SBOA,1,519.8666666666667,11,44.9727,39.9
2021-11-08,25,24,9,713.9333333333333,SBOA,2,722.5666666666666,0,0.0,42.27
2021-11-08,25,24,9,713.9333333333333,SBOA,3,624.6333333333333,5,10.17,44.04
2021-11-08,25,24,9,713.9333333333333,SBOA,4,635.5666666666667,3,12.1389,41.36
2021-11-08,25,24,9,713.9333333333333,SBOA,5,568.2166666666667,5,6.7133,43.42
2021-11-08,25,24,9,713.9333333333333,SBOA,6,653.8166666666667,0,0.0,44.18
2021-11-08,25,24,9,713.9333333333333,SBOA,7,564.8499999999999,14,24.6869,41.75
2021-11-08,25,24,9,713.9333333333333,SBOA,8,450.1166666666667,19,59.9175,32.75
2021-11-08,25,24,9,713.9333333333333,SBOA,9,703.05,6,9.9917,40.13
2021-11-08,25,24,9,713.9333333333333,dMShOA,0,527.3499999999999,19,77.4237,31.89
2021-11-08,25,24,9,713.9333333333333,dMShOA,1,639.95,17,75.8059,31.8
2021-11-08,25,24,9,713.9333333333333,dMShOA,2,540.8666666666667,21,76.1841,32.1
2021-11-08,25,24,9,713.9333333333333,dMShOA,3,574.9166666666667,19,92.5939,31.99
2021-11-08,25,24,9,713.9333333333333,dMShOA,4,595.35,14,90.9988,31.97
2021-11-08,25,24,9,713.9333333333333,dMShOA,5,658.3833333333332,17,72.8333,31.78
2021-11-08,25,24,9,713.9333333333333,dMShOA,6,497.8333333333333,22,68.2417,31.87
2021-11-08,25,24,9,713.9333333333333,dMShOA,7,568.25,20,78.925,31.83
2021-11-08,25,24,9,713.9333333333333,dMShOA,8,517.3666666666667,20,63.125,31.98
2021-11-08,25,24,9,713.9333333333333,dMShOA,9,520.5,17,86.5863,31.62
2021-12-30,30,30,9,547.2333333333333,GA,0,820.3166666666666,14,41.0583,40.75
2021-12-30,30,30,9,547.2333333333333,GA,1,492.51666666666665,19,70.7237,40.75
2021-12-30,30,30,9,547.2333333333333,GA,2,602.8166666666667,18,55.3093,40.79
2021-12-30,30,30,9,547.2333333333333,GA,3,605.5833333333334,19,27.6465,40.79
2021-12-30,30,30,9,547.2333333333333,GA,4,676.2333333333333,15,52.0844,40.98
2021-12-30,30,30,9,547.2333333333333,GA,5,767.8166666666667,16,66.6698,41.07
2021-12-30,30,30,9,547.2333333333333,GA,6,577.1666666666666,17,66.849,40.88
2021-12-30,30,30,9,547.2333333333333,GA,7,628.7666666666667,17,68.6912,40.81
2021-12-30,30,30,9,547.2333333333333,GA,8,600.0999999999999,24,44.7215,40.7
2021-12-30,30,30,9,547.2333333333333,GA,9,496.5,24,81.7194,40.78
2021-12-30,30,30,9,547.2333333333333,dPSO,0,666.8833333333334,16,60.9886,41.26
2021-12-30,30,30,9,547.2333333333333,dPSO,1,509.48333333333335,24,90.3549,41.53
2021-12-30,30,30,9,547.2333333333333,dPSO,2,472.6333333333334,22,69.9394,41.58
2021-12-30,30,30,9,547.2333333333333,dPSO,3,576.35,16,83.65,41.18
2021-12-30,30,30,9,547.2333333333333,dPSO,4,559.4000000000001,23,82.2942,41.32
2021-12-30,30,30,9,547.2333333333333,dPSO,5,577.0666666666667,20,104.6642,41.42
2021-12-30,30,30,9,547.2333333333333,dPSO,6,654.4,19,99.6921,41.32
2021-12-30,30,30,9,547.2333333333333,dPSO,7,535.3166666666666,26,81.9846,41.52
2021-12-30,30,30,9,547.2333333333333,dPSO,8,535.6666666666666,22,75.3886,41.63
2021-12-30,30,30,9,547.2333333333333,dPSO,9,669.7166666666666,20,68.34,41.45
2021-12-30,30,30,9,547.2333333333333,SBOA,0,501.9333333333333,20,76.9675,40.73
2021-12-30,30,30,9,547.2333333333333,SBOA,1,495.78333333333336,21,62.2897,52.25
2021-12-30,30,30,9,547.2333333333333,SBOA,2,565.65,5,13.0467,54.67
2021-12-30,30,30,9,547.2333333333333,SBOA,3,514.0833333333334,12,40.4236,53.96
2021-12-30,30,30,9,547.2333333333333,SBOA,4,544.5,11,23.2954,56.08
2021-12-30,30,30,9,547.2333333333333,SBOA,5,595.9999999999999,12,77.9611,56.68
2021-12-30,30,30,9,547.2333333333333,SBOA,6,678.85,6,21.6056,53.54
2021-12-30,30,30,9,547.2333333333333,SBOA,7,542.85,6,7.5278,56.43
2021-12-30,30,30,9,547.2333333333333,SBOA,8,679.0000000000001,8,34.2292,58.66
2021-12-30,30,30,9,547.2333333333333,SBOA,9,604.1500000000001,6,22.4195,58.41
2021-12-30,30,30,9,547.2333333333333,dMShOA,0,528.0333333333333,26,94.1019,38.89
2021-12-30,30,30,9,547.2333333333333,dMShOA,1,533.55,21,92.4389,38.71
2021-12-30,30,30,9,547.2333333333333,dMShOA,2,626.3833333333333,23,91.9978,38.88
2021-12-30,30,30,9,547.2333333333333,dMShOA,3,653.0000000000001,14,122.531,39.18
2021-12-30,30,30,9,547.2333333333333,dMShOA,4,582.2833333333333,24,98.0014,38.81
2021-12-30,30,30,9,547.2333333333333,dMShOA,5,557.7833333333333,24,80.5076,38.81
2021-12-30,30,30,9,547.2333333333333,dMShOA,6,688.2833333333334,23,111.2891,38.9
2021-12-30,30,30,9,547.2333333333333,dMShOA,7,572.1833333333333,21,91.7294,39.09
2021-12-30,30,30,9,547.2333333333333,dMShOA,8,533.8833333333333,22,114.7492,39.27
2021-12-30,30,30,9,547.2333333333333,dMShOA,9,524.1166666666667,24,78.5695,38.92
2023-12-08,30,29,9,391.0,GA,0,409.5333333333333,15,14.84,39.52
2023-12-08,30,29,9,391.0,GA,1,405.55,15,25.2778,39.44
2023-12-08,30,29,9,391.0,GA,2,316.4833333333333,20,25.2975,39.43
2023-12-08,30,29,9,391.0,GA,3,287.9833333333333,19,29.2649,39.51
2023-12-08,30,29,9,391.0,GA,4,347.0,18,16.7907,39.81
2023-12-08,30,29,9,391.0,GA,5,495.0,14,18.6488,39.41
2023-12-08,30,29,9,391.0,GA,6,388.8166666666666,19,26.0123,39.57
2023-12-08,30,29,9,391.0,GA,7,348.04999999999995,18,20.4185,39.54
2023-12-08,30,29,9,391.0,GA,8,478.0,11,16.2985,39.67
2023-12-08,30,29,9,391.0,GA,9,337.4,22,26.2788,39.9
2023-12-08,30,29,9,391.0,dPSO,0,317.4833333333333,25,31.5173,40.25
2023-12-08,30,29,9,391.0,dPSO,1,470.9666666666667,15,19.2433,40.14
2023-12-08,30,29,9,391.0,dPSO,2,316.1,27,52.9457,40.19
2023-12-08,30,29,9,391.0,dPSO,3,287.9833333333333,24,31.4667,40.36
2023-12-08,30,29,9,391.0,dPSO,4,329.4833333333333,28,43.0208,40.42
2023-12-08,30,29,9,391.0,dPSO,5,306.9833333333333,24,53.8778,40.62
2023-12-08,30,29,9,391.0,dPSO,6,302.0,17,45.9265,40.44
2023-12-08,30,29,9,391.0,dPSO,7,341.31666666666666,27,43.0765,40.44
2023-12-08,30,29,9,391.0,dPSO,8,347.54999999999995,22,41.3386,40.29
2023-12-08,30,29,9,391.0,dPSO,9,296.9833333333333,21,13.3786,40.49
2023-12-08,30,29,9,391.0,SBOA,0,405.0,7,9.669,52.01
2023-12-08,30,29,9,391.0,SBOA,1,311.9,14,10.3071,56.15
2023-12-08,30,29,9,391.0,SBOA,2,397.9666666666667,8,6.0563,52.39
2023-12-08,30,29,9,391.0,SBOA,3,347.0,10,12.1167,52.66
2023-12-08,30,29,9,391.0,SBOA,4,384.0,13,6.75,59.59
2023-12-08,30,29,9,391.0,SBOA,5,321.9666666666667,9,16.5296,53.06
2023-12-08,30,29,9,391.0,SBOA,6,334.9,8,6.3125,54.6
2023-12-08,30,29,9,391.0,SBOA,7,341.0,17,24.2627,45.88
2023-12-08,30,29,9,391.0,SBOA,8,330.81666666666666,15,6.92,52.17
2023-12-08,30,29,9,391.0,SBOA,9,300.9666666666667,11,29.0682,51.02
2023-12-08,30,29,9,391.0,dMShOA,0,393.6,20,31.3092,37.74
2023-12-08,30,29,9,391.0,dMShOA,1,331.8833333333333,18,50.0046,37.75
2023-12-08,30,29,9,391.0,dMShOA,2,427.8,17,41.7402,37.78
2023-12-08,30,29,9,391.0,dMShOA,3,345.75,19,37.6342,37.81
2023-12-08,30,29,9,391.0,dMShOA,4,324.9666666666667,19,42.5518,37.9
2023-12-08,30,29,9,391.0,dMShOA,5,420.9166666666667,17,36.451,38.06
2023-12-08,30,29,9,391.0,dMShOA,6,329.0,23,35.3957,37.94
2023-12-08,30,29,9,391.0,dMShOA,7,377.0,26,33.3109,38.03
2023-12-08,30,29,9,391.0,dMShOA,8,377.6,20,43.3517,37.75
2023-12-08,30,29,9,391.0,dMShOA,9,414.51666666666665,21,37.1476,37.97
2021-11-24,30,29,9,697.3833333333333,GA,0,569.3333333333334,19,29.4903,39.49
2021-11-24,30,29,9,697.3833333333333,GA,1,465.33333333333326,22,42.2023,39.49
2021-11-24,30,29,9,697.3833333333333,GA,2,522.6833333333333,21,45.2952,39.52
2021-11-24,30,29,9,697.3833333333333,GA,3,534.1166666666667,18,53.5204,39.52
2021-11-24,30,29,9,697.3833333333333,GA,4,418.6666666666667,16,57.7719,39.54
2021-11-24,30,29,9,697.3833333333333,GA,5,490.5833333333333,21,57.3063,39.62
2021-11-24,30,29,9,697.3833333333333,GA,6,524.1166666666667,19,40.7974,39.49
2021-11-24,30,29,9,697.3833333333333,GA,7,569.3833333333333,20,42.1967,39.4
2021-11-24,30,29,9,697.3833333333333,GA,8,496.08333333333337,16,40.9448,39.72
2021-11-24,30,29,9,697.3833333333333,GA,9,596.2833333333333,20,39.8,39.72
2021-11-24,30,29,9,697.3833333333333,dPSO,0,509.7833333333333,22,73.6538,40.46
2021-11-24,30,29,9,697.3833333333333,dPSO,1,507.8,23,69.0884,40.46
2021-11-24,30,29,9,697.3833333333333,dPSO,2,427.26666666666665,23,73.2927,40.43
2021-11-24,30,29,9,697.3833333333333,dPSO,3,643.7166666666667,20,69.115,40.24
2021-11-24,30,29,9,697.3833333333333,dPSO,4,500.2166666666667,20,46.3917,40.03
2021-11-24,30,29,9,697.3833333333333,dPSO,5,503.15,21,69.9111,40.0
2021-11-24,30,29,9,697.3833333333333,dPSO,6,440.0666666666666,22,76.0008,40.18
2021-11-24,30,29,9,697.3833333333333,dPSO,7,490.9,16,46.849,40.08
2021-11-24,30,29,9,697.3833333333333,dPSO,8,435.4,27,96.8037,40.49
2021-11-24,30,29,9,697.3833333333333,dPSO,9,493.06666666666666,25,61.4613,40.53
2021-11-24,30,29,9,697.3833333333333,SBOA,0,484.7,19,88.6149,37.24
2021-11-24,30,29,9,697.3833333333333,SBOA,1,462.03333333333336,16,43.5396,42.63
2021-11-24,30,29,9,697.3833333333333,SBOA,2,720.1166666666666,3,9.0389,55.93
2021-11-24,30,29,9,697.3833333333333,SBOA,3,488.51666666666665,11,21.5803,45.58
2021-11-24,30,29,9,697.3833333333333,SBOA,4,519.6666666666666,17,25.4216,50.92
2021-11-24,30,29,9,697.3833333333333,SBOA,5,410.03333333333336,13,42.241,50.06
2021-11-24,30,29,9,697.3833333333333,SBOA,6,482.75000000000006,13,24.4115,46.51
2021-11-24,30,29,9,697.3833333333333,SBOA,7,528.15,8,20.775,53.09
2021-11-24,30,29,9,697.3833333333333,SBOA,8,623.5,6,7.55,53.61
2021-11-24,30,29,9,697.3833333333333,SBOA,9,468.0833333333333,20,20.41,54.21
2021-11-24,30,29,9,697.3833333333333,dMShOA,0,551.6666666666665,19,67.1614,37.84
2021-11-24,30,29,9,697.3833333333333,dMShOA,1,458.6166666666667,23,75.0587,37.92
2021-11-24,30,29,9,697.3833333333333,dMShOA,2,629.1166666666667,18,77.8722,38.04
2021-11-24,30,29,9,697.3833333333333,dMShOA,3,411.9333333333333,23,87.5239,37.53
2021-11-24,30,29,9,697.3833333333333,dMShOA,4,572.3,21,56.1643,37.82
2021-11-24,30,29,9,697.3833333333333,dMShOA,5,486.8666666666666,22,67.7204,37.62
2021-11-24,30,29,9,697.3833333333333,dMShOA,6,451.8833333333333,23,76.1406,37.69
2021-11-24,30,29,9,697.3833333333333,dMShOA,7,458.2666666666667,21,71.7889,37.74
2021-11-24,30,29,9,697.3833333333333,dMShOA,8,454.8333333333333,24,72.534,37.92
2021-11-24,30,29,9,697.3833333333333,dMShOA,9,413.1000000000001,21,77.773,38.05
2022-10-27,30,31,9,759.5,GA,0,873.3666666666667,22,62.7546,42.06
2022-10-27,30,31,9,759.5,GA,1,862.5666666666666,19,71.6763,42.15
2022-10-27,30,31,9,759.5,GA,2,785.7,23,87.7014,42.27
2022-10-27,30,31,9,759.5,GA,3,1125.5666666666666,19,77.9895,42.25
2022-10-27,30,31,9,759.5,GA,4,774.55,24,70.6729,41.99
2022-10-27,30,31,9,759.5,GA,5,926.8,18,73.1009,42.17
2022-10-27,30,31,9,759.5,GA,6,776.0333333333333,23,74.6732,42.4
2022-10-27,30,31,9,759.5,GA,7,812.9333333333333,22,60.8106,42.1
2022-10-27,30,31,9,759.5,GA,8,891.4166666666667,23,77.8406,41.88
2022-10-27,30,31,9,759.5,GA,9,903.05,18,87.25,42.0
2022-10-27,30,31,9,759.5,dPSO,0,1065.3333333333333,27,99.4136,42.66
2022-10-27,30,31,9,759.5,dPSO,1,828.5333333333333,27,101.4636,42.96
2022-10-27,30,31,9,759.5,dPSO,2,897.8666666666667,27,128.6969,42.7
2022-10-27,30,31,9,759.5,dPSO,3,804.4833333333333,23,125.616,42.7
2022-10-27,30,31,9,759.5,dPSO,4,1011.3,27,88.9241,42.8
2022-10-27,30,31,9,759.5,dPSO,5,741.7166666666667,24,117.9507,43.07
2022-10-27,30,31,9,759.5,dPSO,6,749.85,31,128.6323,42.69
2022-10-27,30,31,9,759.5,dPSO,7,853.55,27,111.7179,42.47
2022-10-27,30,31,9,759.5,dPSO,8,810.9666666666667,25,95.4793,42.97
2022-10-27,30,31,9,759.5,dPSO,9,810.8333333333334,27,126.0457,42.81
2022-10-27,30,31,9,759.5,SBOA,0,859.3333333333333,6,12.4083,59.34
2022-10-27,30,31,9,759.5,SBOA,1,858.9666666666667,16,51.6083,64.85
2022-10-27,30,31,9,759.5,SBOA,2,807.8666666666667,12,25.0208,57.16
2022-10-27,30,31,9,759.5,SBOA,3,840.4999999999999,4,6.9083,57.11
2022-10-27,30,31,9,759.5,SBOA,4,1011.3,7,7.3833,55.6
2022-10-27,30,31,9,759.5,SBOA,5,747.7166666666667,17,49.0569,57.1
2022-10-27,30,31,9,759.5,SBOA,6,855.0833333333333,10,20.1033,58.66
2022-10-27,30,31,9,759.5,SBOA,7,839.8166666666666,15,48.3478,56.44
2022-10-27,30,31,9,759.5,SBOA,8,761.1666666666667,7,13.8667,61.25
2022-10-27,30,31,9,759.5,SBOA,9,1156.3000000000002,16,30.1636,55.83
2022-10-27,30,31,9,759.5,dMShOA,0,878.7833333333334,26,98.7692,39.97
2022-10-27,30,31,9,759.5,dMShOA,1,1011.3,19,60.1737,40.35
2022-10-27,30,31,9,759.5,dMShOA,2,787.7166666666667,26,107.9359,40.04
2022-10-27,30,31,9,759.5,dMShOA,3,1034.5333333333333,22,126.0568,40.03
2022-10-27,30,31,9,759.5,dMShOA,4,1044.75,22,143.3954,40.09
2022-10-27,30,31,9,759.5,dMShOA,5,1120.55,25,105.686,40.43
2022-10-27,30,31,9,759.5,dMShOA,6,894.2333333333332,22,117.8917,39.93
2022-10-27,30,31,9,759.5,dMShOA,7,824.4333333333334,27,127.7833,39.96
2022-10-27,30,31,9,759.5,dMShOA,8,828.7666666666667,23,109.9174,40.35
2022-10-27,30,31,9,759.5,dMShOA,9,874.6500000000001,27,108.2407,40.04
2022-04-13,30,30,9,554.05,GA,0,618.0833333333333,19,51.7649,40.64
2022-04-13,30,30,9,554.05,GA,1,580.5833333333334,25,77.0633,40.9
2022-04-13,30,30,9,554.05,GA,2,630.1,18,66.6278,41.03
2022-04-13,30,30,9,554.05,GA,3,803.3,14,43.7274,40.82
2022-04-13,30,30,9,554.05,GA,4,839.6499999999999,15,41.3656,40.76
2022-04-13,30,30,9,554.05,GA,5,574.1999999999999,21,83.1675,40.99
2022-04-13,30,30,9,554.05,GA,6,480.06666666666666,26,77.2288,41.07
2022-04-13,30,30,9,554.05,GA,7,645.5500000000001,22,62.7053,40.71
2022-04-13,30,30,9,554.05,GA,8,657.8333333333333,23,54.3188,40.52
2022-04-13,30,30,9,554.05,GA,9,673.0833333333333,20,81.2817,41.06
2022-04-13,30,30,9,554.05,dPSO,0,547.6833333333334,22,101.3879,41.84
2022-04-13,30,30,9,554.05,dPSO,1,591.25,24,116.7965,41.32
2022-04-13,30,30,9,554.05,dPSO,2,626.1999999999999,23,111.1181,41.58
2022-04-13,30,30,9,554.05,dPSO,3,551.2166666666666,23,68.5457,41.67
2022-04-13,30,30,9,554.05,dPSO,4,711.8666666666667,21,71.3198,41.32
2022-04-13,30,30,9,554.05,dPSO,5,597.4666666666667,27,108.4457,41.53
2022-04-13,30,30,9,554.05,dPSO,6,604.7333333333333,26,91.4551,41.55
2022-04-13,30,30,9,554.05,dPSO,7,575.9499999999999,28,86.1774,41.58
2022-04-13,30,30,9,554.05,dPSO,8,588.0666666666666,23,85.0464,41.45
2022-04-13,30,30,9,554.05,dPSO,9,593.4833333333333,27,97.6265,41.25
2022-04-13,30,30,9,554.05,SBOA,0,660.1166666666666,19,35.5974,54.39
2022-04-13,30,30,9,554.05,SBOA,1,605.9166666666666,27,95.0525,40.58
2022-04-13,30,30,9,554.05,SBOA,2,696.4333333333333,26,74.6699,40.6
2022-04-13,30,30,9,554.05,SBOA,3,574.2166666666667,8,19.3542,53.56
2022-04-13,30,30,9,554.05,SBOA,4,558.8499999999999,12,33.1431,60.48
2022-04-13,30,30,9,554.05,SBOA,5,734.4333333333335,13,20.3898,52.49
2022-04-13,30,30,9,554.05,SBOA,6,568.2333333333335,13,58.7628,56.35
2022-04-13,30,30,9,554.05,SBOA,7,694.0999999999999,1,3.25,54.09
2022-04-13,30,30,9,554.05,SBOA,8,578.3166666666666,26,81.5897,41.71
2022-04-13,30,30,9,554.05,SBOA,9,672.7166666666667,28,85.0423,41.62
2022-04-13,30,30,9,554.05,dMShOA,0,590.25,23,88.2152,39.19
2022-04-13,30,30,9,554.05,dMShOA,1,719.0833333333333,26,104.2724,38.73
2022-04-13,30,30,9,554.05,dMShOA,2,628.3,29,90.7362,39.11
2022-04-13,30,30,9,554.05,dMShOA,3,670.8833333333333,22,101.7167,38.8
2022-04-13,30,30,9,554.05,dMShOA,4,586.3,29,73.3609,38.85
2022-04-13,30,30,9,554.05,dMShOA,5,507.06666666666666,26,103.9532,38.96
2022-04-13,30,30,9,554.05,dMShOA,6,606.7333333333333,23,91.7123,38.92
2022-04-13,30,30,9,554.05,dMShOA,7,613.35,28,95.7881,39.06
2022-04-13,30,30,9,554.05,dMShOA,8,599.7833333333334,23,118.1109,39.06
2022-04-13,30,30,9,554.05,dMShOA,9,839.8000000000001,24,76.1681,39.05
2022-05-10,30,30,9,713.1166666666667,GA,0,675.8666666666667,17,80.0745,40.83
2022-05-10,30,30,9,713.1166666666667,GA,1,745.5166666666667,19,70.3421,41.0
2022-05-10,30,30,9,713.1166666666667,GA,2,615.45,24,55.6076,40.51
2022-05-10,30,30,9,713.1166666666667,GA,3,780.5666666666666,13,49.1539,40.64
2022-05-10,30,30,9,713.1166666666667,GA,4,827.5666666666666,17,57.3588,40.97
2022-05-10,30,30,9,713.1166666666667,GA,5,652.1333333333333,22,60.8583,40.98
2022-05-10,30,30,9,713.1166666666667,GA,6,539.4833333333333,24,101.893,41.04
2022-05-10,30,30,9,713.1166666666667,GA,7,625.1833333333334,27,60.9093,40.85
2022-05-10,30,30,9,713.1166666666667,GA,8,552.9166666666666,27,79.5358,40.79
2022-05-10,30,30,9,713.1166666666667,GA,9,682.9333333333333,23,75.1884,40.85
2022-05-10,30,30,9,713.1166666666667,dPSO,0,615.8666666666668,30,97.3756,41.48
2022-05-10,30,30,9,713.1166666666667,dPSO,1,603.45,26,86.0353,41.63
2022-05-10,30,30,9,713.1166666666667,dPSO,2,775.9333333333334,17,73.8882,41.64
2022-05-10,30,30,9,713.1166666666667,dPSO,3,606.15,22,76.6856,41.63
2022-05-10,30,30,9,713.1166666666667,dPSO,4,679.8166666666666,24,78.7597,41.48
2022-05-10,30,30,9,713.1166666666667,dPSO,5,596.6833333333334,27,82.2809,41.67
2022-05-10,30,30,9,713.1166666666667,dPSO,6,580.9666666666667,28,87.2619,41.78
2022-05-10,30,30,9,713.1166666666667,dPSO,7,638.4,21,99.5667,41.35
2022-05-10,30,30,9,713.1166666666667,dPSO,8,710.5,22,83.0894,41.74
2022-05-10,30,30,9,713.1166666666667,dPSO,9,678.0,23,91.8181,40.99
2022-05-10,30,30,9,713.1166666666667,SBOA,0,709.9333333333333,9,26.9333,54.35
2022-05-10,30,30,9,713.1166666666667,SBOA,1,623.4666666666667,6,11.1472,53.94
2022-05-10,30,30,9,713.1166666666667,SBOA,2,671.05,25,96.1693,42.4
2022-05-10,30,30,9,713.1166666666667,SBOA,3,627.6166666666667,14,24.4214,49.18
2022-05-10,30,30,9,713.1166666666667,SBOA,4,633.4833333333333,14,34.425,45.44
2022-05-10,30,30,9,713.1166666666667,SBOA,5,874.9333333333334,6,17.9472,49.68
2022-05-10,30,30,9,713.1166666666667,SBOA,6,636.1333333333333,24,90.4576,41.89
2022-05-10,30,30,9,713.1166666666667,SBOA,7,682.7166666666666,7,14.0238,48.71
2022-05-10,30,30,9,713.1166666666667,SBOA,8,669.1333333333332,6,18.0389,47.82
2022-05-10,30,30,9,713.1166666666667,SBOA,9,592.35,12,52.6514,48.38
2022-05-10,30,30,9,713.1166666666667,dMShOA,0,747.6833333333334,27,99.8037,39.04
2022-05-10,30,30,9,713.1166666666667,dMShOA,1,746.55,22,110.1803,39.12
2022-05-10,30,30,9,713.1166666666667,dMShOA,2,692.45,27,109.6006,38.5
2022-05-10,30,30,9,713.1166666666667,dMShOA,3,609.8833333333334,27,93.534,38.37
2022-05-10,30,30,9,713.1166666666667,dMShOA,4,695.1166666666668,26,90.5769,38.45
2022-05-10,30,30,9,713.1166666666667,dMShOA,5,672.0333333333333,24,110.434,38.15
2022-05-10,30,30,9,713.1166666666667,dMShOA,6,626.2833333333333,27,108.2346,37.21
2022-05-10,30,30,9,713.1166666666667,dMShOA,7,654.9333333333334,24,82.9632,36.91
2022-05-10,30,30,9,713.1166666666667,dMShOA,8,629.5500000000001,22,108.3629,36.02
2022-05-10,30,30,9,713.1166666666667,dMShOA,9,616.1666666666667,25,113.316,33.89
2022-11-22,25,25,10,817.4166666666666,GA,0,661.6833333333334,11,61.9394,34.09
2022-11-22,25,25,10,817.4166666666666,GA,1,804.4,10,24.775,34.21
2022-11-22,25,25,10,817.4166666666666,GA,2,776.3166666666666,13,34.3756,33.94
2022-11-22,25,25,10,817.4166666666666,GA,3,740.8833333333333,18,48.613,34.02
2022-11-22,25,25,10,817.4166666666666,GA,4,699.3333333333334,8,61.6708,34.29
2022-11-22,25,25,10,817.4166666666666,GA,5,684.1,8,41.1771,34.16
2022-11-22,25,25,10,817.4166666666666,GA,6,773.6166666666667,17,35.7588,34.26
2022-11-22,25,25,10,817.4166666666666,GA,7,738.5333333333332,7,53.3476,34.12
2022-11-22,25,25,10,817.4166666666666,GA,8,785.5000000000001,11,45.6409,34.27
2022-11-22,25,25,10,817.4166666666666,GA,9,715.2166666666666,13,31.2833,34.49
2022-11-22,25,25,10,817.4166666666666,dPSO,0,943.0,12,38.575,34.83
2022-11-22,25,25,10,817.4166666666666,dPSO,1,762.6,14,53.0833,34.82
2022-11-22,25,25,10,817.4166666666666,dPSO,2,781.1833333333333,11,49.0379,35.14
2022-11-22,25,25,10,817.4166666666666,dPSO,3,805.9,12,44.85,35.11
2022-11-22,25,25,10,817.4166666666666,dPSO,4,702.1833333333332,9,47.6111,35.14
2022-11-22,25,25,10,817.4166666666666,dPSO,5,662.25,15,49.9289,35.08
2022-11-22,25,25,10,817.4166666666666,dPSO,6,657.25,16,48.6823,34.79
2022-11-22,25,25,10,817.4166666666666,dPSO,7,798.4833333333333,9,42.1037,35.11
2022-11-22,25,25,10,817.4166666666666,dPSO,8,684.4666666666667,18,37.2602,34.9
2022-11-22,25,25,10,817.4166666666666,dPSO,9,696.25,16,83.4823,34.9
2022-11-22,25,25,10,817.4166666666666,SBOA,0,652.7333333333332,1,0.7667,47.9
2022-11-22,25,25,10,817.4166666666666,SBOA,1,656.3166666666666,10,16.4583,42.77
2022-11-22,25,25,10,817.4166666666666,SBOA,2,761.4,5,22.9367,49.16
2022-11-22,25,25,10,817.4166666666666,SBOA,3,778.35,5,10.7767,45.42
2022-11-22,25,25,10,817.4166666666666,SBOA,4,793.5,4,9.9792,46.16
2022-11-22,25,25,10,817.4166666666666,SBOA,5,641.2166666666666,13,39.6539,40.96
2022-11-22,25,25,10,817.4166666666666,SBOA,6,758.4000000000001,1,7.8167,43.06
2022-11-22,25,25,10,817.4166666666666,SBOA,7,668.3166666666666,8,8.8125,45.99
2022-11-22,25,25,10,817.4166666666666,SBOA,8,654.9,5,14.7033,41.82
2022-11-22,25,25,10,817.4166666666666,SBOA,9,641.2166666666666,5,17.0467,47.39
2022-11-22,25,25,10,817.4166666666666,dMShOA,0,947.9166666666666,13,58.959,33.01
2022-11-22,25,25,10,817.4166666666666,dMShOA,1,712.3333333333334,17,68.5206,32.86
2022-11-22,25,25,10,817.4166666666666,dMShOA,2,681.5,13,66.3487,32.99
2022-11-22,25,25,10,817.4166666666666,dMShOA,3,790.9333333333334,15,64.4567,33.19
2022-11-22,25,25,10,817.4166666666666,dMShOA,4,908.2666666666668,12,73.4292,33.01
2022-11-22,25,25,10,817.4166666666666,dMShOA,5,694.3333333333334,14,71.1322,33.17
2022-11-22,25,25,10,817.4166666666666,dMShOA,6,846.3000000000001,12,68.9111,32.99
2022-11-22,25,25,10,817.4166666666666,dMShOA,7,924.9333333333332,13,42.2205,33.39
2022-11-22,25,25,10,817.4166666666666,dMShOA,8,716.4666666666666,9,123.0481,33.35
2022-11-22,25,25,10,817.4166666666666,dMShOA,9,809.7666666666667,20,62.8258,33.04
2022-10-11,25,24,10,584.95,GA,0,562.4666666666667,17,59.5647,32.95
2022-10-11,25,24,10,584.95,GA,1,568.0333333333333,19,57.8333,33.18
2022-10-11,25,24,10,584.95,GA,2,626.8,19,57.8781,33.06
2022-10-11,25,24,10,584.95,GA,3,550.5,20,56.0075,33.07
2022-10-11,25,24,10,584.95,GA,4,593.15,20,57.0408,33.24
2022-10-11,25,24,10,584.95,GA,5,596.9833333333333,13,65.7641,33.05
2022-10-11,25,24,10,584.95,GA,6,561.5333333333333,19,48.4474,33.46
2022-10-11,25,24,10,584.95,GA,7,626.5833333333334,15,50.9689,33.05
2022-10-11,25,24,10,584.95,GA,8,630.2833333333333,16,53.3875,33.14
2022-10-11,25,24,10,584.95,GA,9,603.4333333333333,14,49.2238,33.42
2022-10-11,25,24,10,584.95,dPSO,0,667.0833333333333,21,65.2952,34.19
2022-10-11,25,24,10,584.95,dPSO,1,549.2333333333333,16,76.0542,34.18
2022-10-11,25,24,10,584.95,dPSO,2,556.5833333333333,19,71.1254,34.09
2022-10-11,25,24,10,584.95,dPSO,3,494.0166666666667,19,69.1368,34.19
2022-10-11,25,24,10,584.95,dPSO,4,589.5833333333333,18,70.3991,33.87
2022-10-11,25,24,10,584.95,dPSO,5,572.5333333333333,17,84.0265,34.0
2022-10-11,25,24,10,584.95,dPSO,6,602.5833333333333,18,65.0167,33.87
2022-10-11,25,24,10,584.95,dPSO,7,619.3166666666666,19,60.6351,33.92
2022-10-11,25,24,10,584.95,dPSO,8,568.0999999999999,17,59.4225,34.15
2022-10-11,25,24,10,584.95,dPSO,9,571.1666666666666,20,58.5858,34.23
2022-10-11,25,24,10,584.95,SBOA,0,575.7666666666667,8,11.5729,43.12
2022-10-11,25,24,10,584.95,SBOA,1,526.1,18,42.7111,42.97
2022-10-11,25,24,10,584.95,SBOA,2,615.2833333333333,8,16.3562,45.51
2022-10-11,25,24,10,584.95,SBOA,3,597.5666666666666,16,54.6406,42.89
2022-10-11,25,24,10,584.95,SBOA,4,553.1666666666666,17,36.4206,44.01
2022-10-11,25,24,10,584.95,SBOA,5,654.3,6,6.8611,44.13
2022-10-11,25,24,10,584.95,SBOA,6,557.05,7,26.9,45.15
2022-10-11,25,24,10,584.95,SBOA,7,565.6666666666667,6,22.0111,44.94
2022-10-11,25,24,10,584.95,SBOA,8,597.5333333333333,3,16.3444,46.48
2022-10-11,25,24,10,584.95,SBOA,9,644.2833333333333,4,38.425,42.51
2022-10-11,25,24,10,584.95,dMShOA,0,722.9166666666666,21,64.7936,32.05
2022-10-11,25,24,10,584.95,dMShOA,1,691.1333333333332,20,64.7875,31.93
2022-10-11,25,24,10,584.95,dMShOA,2,695.7833333333333,18,93.7926,32.02
2022-10-11,25,24,10,584.95,dMShOA,3,598.6333333333333,18,66.9324,32.1
2022-10-11,25,24,10,584.95,dMShOA,4,576.4833333333333,17,70.7569,31.74
2022-10-11,25,24,10,584.95,dMShOA,5,610.8166666666666,20,90.4492,31.68
2022-10-11,25,24,10,584.95,dMShOA,6,635.0999999999999,21,80.6254,31.71
2022-10-11,25,24,10,584.95,dMShOA,7,636.7,15,80.9845,31.72
2022-10-11,25,24,10,584.95,dMShOA,8,609.5666666666666,16,68.3719,32.21
2022-10-11,25,24,10,584.95,dMShOA,9,643.3,13,88.2346,31.78
2023-02-20,25,24,10,664.8,GA,0,580.1833333333334,11,46.8197,33.12
2023-02-20,25,24,10,664.8,GA,1,677.6,9,30.3778,33.02
2023-02-20,25,24,10,664.8,GA,2,648.95,14,61.0322,33.25
2023-02-20,25,24,10,664.8,GA,3,558.5500000000001,17,48.8049,33.19
2023-02-20,25,24,10,664.8,GA,4,670.5666666666667,6,41.7805,32.87
2023-02-20,25,24,10,664.8,GA,5,571.5833333333333,11,46.4697,32.94
2023-02-20,25,24,10,664.8,GA,6,602.7166666666666,9,23.7889,33.04
2023-02-20,25,24,10,664.8,GA,7,598.65,12,34.2403,33.13
2023-02-20,25,24,10,664.8,GA,8,556.2833333333333,15,35.12,32.99
2023-02-20,25,24,10,664.8,GA,9,572.4,8,57.7437,33.24
2023-02-20,25,24,10,664.8,dPSO,0,590.6333333333333,17,49.2618,33.86
2023-02-20,25,24,10,664.8,dPSO,1,689.7333333333332,12,56.9528,33.79
2023-02-20,25,24,10,664.8,dPSO,2,525.2166666666666,12,49.1514,33.78
2023-02-20,25,24,10,664.8,dPSO,3,521.1333333333333,16,61.3042,34.05
2023-02-20,25,24,10,664.8,dPSO,4,647.5333333333333,16,39.3438,34.19
2023-02-20,25,24,10,664.8,dPSO,5,471.3333333333333,17,39.299,33.82
2023-02-20,25,24,10,664.8,dPSO,6,516.0833333333334,16,47.6948,33.9
2023-02-20,25,24,10,664.8,dPSO,7,552.5,13,56.4949,34.09
2023-02-20,25,24,10,664.8,dPSO,8,588.8666666666667,9,34.5667,34.24
2023-02-20,25,24,10,664.8,dPSO,9,535.3166666666667,10,60.0667,33.88
2023-02-20,25,24,10,664.8,SBOA,0,560.95,1,5.4,44.79
2023-02-20,25,24,10,664.8,SBOA,1,617.9833333333332,4,6.8333,44.23
2023-02-20,25,24,10,664.8,SBOA,2,540.5833333333334,9,20.0407,39.87
2023-02-20,25,24,10,664.8,SBOA,3,558.5500000000001,7,45.4595,34.7
2023-02-20,25,24,10,664.8,SBOA,4,559.8666666666667,5,9.3,40.75
2023-02-20,25,24,10,664.8,SBOA,5,629.3166666666667,5,12.7967,40.79
2023-02-20,25,24,10,664.8,SBOA,6,488.4500000000001,3,20.3111,43.09
2023-02-20,25,24,10,664.8,SBOA,7,490.2833333333333,5,13.3866,44.52
2023-02-20,25,24,10,664.8,SBOA,8,519.3666666666667,20,53.6333,32.81
2023-02-20,25,24,10,664.8,SBOA,9,490.35,5,12.94,43.12
2023-02-20,25,24,10,664.8,dMShOA,0,528.7166666666667,17,56.8147,31.81
2023-02-20,25,24,10,664.8,dMShOA,1,515.85,14,65.1762,31.6
2023-02-20,25,24,10,664.8,dMShOA,2,634.5666666666667,9,80.0944,31.59
2023-02-20,25,24,10,664.8,dMShOA,3,502.55,22,56.0417,31.73
2023-02-20,25,24,10,664.8,dMShOA,4,610.85,14,57.156,31.8
2023-02-20,25,24,10,664.8,dMShOA,5,573.5500000000001,15,51.5178,32.03
2023-02-20,25,24,10,664.8,dMShOA,6,650.6999999999999,16,55.2802,31.7
2023-02-20,25,24,10,664.8,dMShOA,7,536.9166666666667,14,61.3464,32.01
2023-02-20,25,24,10,664.8,dMShOA,8,592.0,16,61.1385,32.17
2023-02-20,25,24,10,664.8,dMShOA,9,752.4166666666666,17,54.2235,31.78
2022-01-19,30,29,10,674.2333333333333,GA,0,888.4,12,47.9417,39.42
2022-01-19,30,29,10,674.2333333333333,GA,1,584.9,18,57.5981,39.4
2022-01-19,30,29,10,674.2333333333333,GA,2,827.3499999999999,14,39.6143,39.38
2022-01-19,30,29,10,674.2333333333333,GA,3,728.9333333333334,15,38.1311,39.35
2022-01-19,30,29,10,674.2333333333333,GA,4,526.0666666666667,21,78.2508,39.45
2022-01-19,30,29,10,674.2333333333333,GA,5,649.6666666666667,17,54.799,39.38
2022-01-19,30,29,10,674.2333333333333,GA,6,812.0833333333334,17,64.4363,39.53
2022-01-19,30,29,10,674.2333333333333,GA,7,642.65,16,52.6354,39.78
2022-01-19,30,29,10,674.2333333333333,GA,8,645.9999999999999,19,63.314,39.37
2022-01-19,30,29,10,674.2333333333333,GA,9,674.85,22,63.7174,39.77
2022-01-19,30,29,10,674.2333333333333,dPSO,0,634.25,15,81.5533,40.64
2022-01-19,30,29,10,674.2333333333333,dPSO,1,604.1999999999999,21,101.1714,40.27
2022-01-19,30,29,10,674.2333333333333,dPSO,2,576.8833333333333,18,88.2278,40.22
2022-01-19,30,29,10,674.2333333333333,dPSO,3,568.5333333333334,23,74.7232,40.48
2022-01-19,30,29,10,674.2333333333333,dPSO,4,600.4,14,53.7964,39.98
2022-01-19,30,29,10,674.2333333333333,dPSO,5,618.8500000000001,21,103.8246,40.65
2022-01-19,30,29,10,674.2333333333333,dPSO,6,583.9833333333332,23,69.629,40.33
2022-01-19,30,29,10,674.2333333333333,dPSO,7,578.1333333333333,20,93.1358,40.18
2022-01-19,30,29,10,674.2333333333333,dPSO,8,566.7,20,85.1417,40.44
2022-01-19,30,29,10,674.2333333333333,dPSO,9,785.8833333333333,19,82.6482,40.39
2022-01-19,30,29,10,674.2333333333333,SBOA,0,620.1666666666666,6,4.8833,51.96
2022-01-19,30,29,10,674.2333333333333,SBOA,1,848.6333333333333,1,8.6667,53.55
2022-01-19,30,29,10,674.2333333333333,SBOA,2,578.4166666666666,8,13.3729,51.96
2022-01-19,30,29,10,674.2333333333333,SBOA,3,603.8166666666666,13,30.8167,57.95
2022-01-19,30,29,10,674.2333333333333,SBOA,4,564.6,23,93.1348,37.96
2022-01-19,30,29,10,674.2333333333333,SBOA,5,556.35,17,27.8637,48.24
2022-01-19,30,29,10,674.2333333333333,SBOA,6,572.1833333333334,13,27.3321,52.35
2022-01-19,30,29,10,674.2333333333333,SBOA,7,639.7333333333332,6,31.2889,53.09
2022-01-19,30,29,10,674.2333333333333,SBOA,8,653.7499999999999,20,76.665,39.29
2022-01-19,30,29,10,674.2333333333333,SBOA,9,586.2166666666667,20,63.0658,49.19
2022-01-19,30,29,10,674.2333333333333,dMShOA,0,567.3833333333334,22,101.3735,37.67
2022-01-19,30,29,10,674.2333333333333,dMShOA,1,650.9166666666666,23,98.0862,38.14
2022-01-19,30,29,10,674.2333333333333,dMShOA,2,744.6666666666667,22,71.2152,37.85
2022-01-19,30,29,10,674.2333333333333,dMShOA,3,631.9000000000001,26,97.0782,37.66
2022-01-19,30,29,10,674.2333333333333,dMShOA,4,587.5833333333334,22,104.1227,37.91
2022-01-19,30,29,10,674.2333333333333,dMShOA,5,553.7500000000001,21,105.0413,37.77
2022-01-19,30,29,10,674.2333333333333,dMShOA,6,644.8333333333334,25,82.406,37.99
2022-01-19,30,29,10,674.2333333333333,dMShOA,7,797.1833333333334,21,74.5579,37.74
2022-01-19,30,29,10,674.2333333333333,dMShOA,8,648.9166666666666,20,87.8367,37.94
2022-01-19,30,29,10,674.2333333333333,dMShOA,9,618.6999999999999,21,110.8444,37.7
2023-03-31,30,29,10,688.0833333333334,GA,0,595.6666666666666,17,84.5137,39.44
2023-03-31,30,29,10,688.0833333333334,GA,1,622.1333333333333,21,66.2516,39.77
2023-03-31,30,29,10,688.0833333333334,GA,2,701.0999999999999,15,74.8889,39.46
2023-03-31,30,29,10,688.0833333333334,GA,3,574.3166666666667,23,86.1855,39.84
2023-03-31,30,29,10,688.0833333333334,GA,4,570.6833333333334,20,77.2942,39.56
2023-03-31,30,29,10,688.0833333333334,GA,5,666.4833333333333,17,71.3941,39.37
2023-03-31,30,29,10,688.0833333333334,GA,6,683.4333333333334,21,62.8413,39.71
2023-03-31,30,29,10,688.0833333333334,GA,7,563.3,23,80.7565,39.65
2023-03-31,30,29,10,688.0833333333334,GA,8,561.8666666666667,22,69.6841,39.75
2023-03-31,30,29,10,688.0833333333334,GA,9,626.7166666666667,26,59.9583,39.49
2023-03-31,30,29,10,688.0833333333334,dPSO,0,525.4,24,87.0389,40.16
2023-03-31,30,29,10,688.0833333333334,dPSO,1,556.9166666666666,25,96.126,40.48
2023-03-31,30,29,10,688.0833333333334,dPSO,2,545.4000000000001,21,97.5413,40.39
2023-03-31,30,29,10,688.0833333333334,dPSO,3,629.75,25,100.9807,40.21
2023-03-31,30,29,10,688.0833333333334,dPSO,4,564.05,26,104.8077,40.1
2023-03-31,30,29,10,688.0833333333334,dPSO,5,642.45,25,92.8293,40.47
2023-03-31,30,29,10,688.0833333333334,dPSO,6,592.4333333333334,27,121.0994,40.2
2023-03-31,30,29,10,688.0833333333334,dPSO,7,532.6166666666667,22,83.8917,40.36
2023-03-31,30,29,10,688.0833333333334,dPSO,8,622.5833333333333,25,95.7673,40.28
2023-03-31,30,29,10,688.0833333333334,dPSO,9,618.3,22,76.7591,40.21
2023-03-31,30,29,10,688.0833333333334,SBOA,0,661.4666666666666,11,33.3303,51.86
2023-03-31,30,29,10,688.0833333333334,SBOA,1,632.8666666666667,9,14.5963,53.56
2023-03-31,30,29,10,688.0833333333334,SBOA,2,586.5666666666667,9,20.0445,52.27
2023-03-31,30,29,10,688.0833333333334,SBOA,3,608.5666666666666,10,28.6,52.15
2023-03-31,30,29,10,688.0833333333334,SBOA,4,658.5166666666667,9,48.4278,52.55
2023-03-31,30,29,10,688.0833333333334,SBOA,5,675.9166666666667,16,50.1583,45.61
2023-03-31,30,29,10,688.0833333333334,SBOA,6,745.1833333333334,3,12.1611,53.07
2023-03-31,30,29,10,688.0833333333334,SBOA,7,593.05,17,23.2696,52.36
2023-03-31,30,29,10,688.0833333333334,SBOA,8,563.15,8,26.0083,56.65
2023-03-31,30,29,10,688.0833333333334,SBOA,9,665.7,7,19.9214,52.93
2023-03-31,30,29,10,688.0833333333334,dMShOA,0,866.1,20,89.2917,37.62
2023-03-31,30,29,10,688.0833333333334,dMShOA,1,611.7,22,103.7189,38.16
2023-03-31,30,29,10,688.0833333333334,dMShOA,2,616.5333333333333,19,110.4,37.85
2023-03-31,30,29,10,688.0833333333334,dMShOA,3,670.1833333333333,19,91.5719,37.71
2023-03-31,30,29,10,688.0833333333334,dMShOA,4,615.4833333333333,25,98.7173,37.54
2023-03-31,30,29,10,688.0833333333334,dMShOA,5,738.8,22,75.8318,38.04
2023-03-31,30,29,10,688.0833333333334,dMShOA,6,697.2166666666667,25,105.102,37.72
2023-03-31,30,29,10,688.0833333333334,dMShOA,7,637.6833333333333,22,116.2826,37.71
2023-03-31,30,29,10,688.0833333333334,dMShOA,8,686.5666666666666,23,91.6203,37.68
2023-03-31,30,29,10,688.0833333333334,dMShOA,9,651.6833333333334,23,106.2188,37.54
2022-08-05,30,31,10,669.3833333333333,GA,0,438.1166666666667,23,66.0319,42.05
2022-08-05,30,31,10,669.3833333333333,GA,1,467.73333333333335,27,71.6414,41.94
2022-08-05,30,31,10,669.3833333333333,GA,2,608.2,17,46.699,42.21
2022-08-05,30,31,10,669.3833333333333,GA,3,474.3333333333333,28,71.8929,42.03
2022-08-05,30,31,10,669.3833333333333,GA,4,504.3833333333333,22,33.9189,41.86
2022-08-05,30,31,10,669.3833333333333,GA,5,684.5333333333333,16,45.7219,41.83
2022-08-05,30,31,10,669.3833333333333,GA,6,605.35,23,42.1572,42.08
2022-08-05,30,31,10,669.3833333333333,GA,7,596.6833333333333,18,51.0139,42.29
2022-08-05,30,31,10,669.3833333333333,GA,8,469.1333333333334,24,62.3153,41.9
2022-08-05,30,31,10,669.3833333333333,GA,9,421.25,23,65.5942,42.04
2022-08-05,30,31,10,669.3833333333333,dPSO,0,593.6333333333333,26,97.8853,42.68
2022-08-05,30,31,10,669.3833333333333,dPSO,1,454.0499999999999,26,63.3641,42.62
2022-08-05,30,31,10,669.3833333333333,dPSO,2,580.9666666666666,26,78.6391,43.1
2022-08-05,30,31,10,669.3833333333333,dPSO,3,541.9499999999999,24,86.5736,43.24
2022-08-05,30,31,10,669.3833333333333,dPSO,4,427.8166666666667,27,101.8932,42.72
2022-08-05,30,31,10,669.3833333333333,dPSO,5,470.7333333333334,25,88.8267,42.64
2022-08-05,30,31,10,669.3833333333333,dPSO,6,568.9833333333332,26,51.6442,42.96
2022-08-05,30,31,10,669.3833333333333,dPSO,7,469.28333333333336,27,80.4679,42.87
2022-08-05,30,31,10,669.3833333333333,dPSO,8,557.9333333333333,23,73.2232,43.1
2022-08-05,30,31,10,669.3833333333333,dPSO,9,432.0,27,105.7556,42.78
2022-08-05,30,31,10,669.3833333333333,SBOA,0,604.5166666666665,10,20.2767,56.94
2022-08-05,30,31,10,669.3833333333333,SBOA,1,499.2,18,24.5889,57.19
2022-08-05,30,31,10,669.3833333333333,SBOA,2,567.7166666666667,10,29.9817,54.81
2022-08-05,30,31,10,669.3833333333333,SBOA,3,589.6999999999999,10,14.86,50.06
2022-08-05,30,31,10,669.3833333333333,SBOA,4,451.4333333333333,19,32.6158,61.35
2022-08-05,30,31,10,669.3833333333333,SBOA,5,457.45,18,38.3093,52.43
2022-08-05,30,31,10,669.3833333333333,SBOA,6,528.8166666666667,13,18.2923,55.47
2022-08-05,30,31,10,669.3833333333333,SBOA,7,469.4500000000001,18,26.0741,59.62
2022-08-05,30,31,10,669.3833333333333,SBOA,8,548.2333333333332,10,24.7683,57.6
2022-08-05,30,31,10,669.3833333333333,SBOA,9,535.8666666666667,10,9.3517,57.32
2022-08-05,30,31,10,669.3833333333333,dMShOA,0,515.4666666666666,22,96.8674,40.02
2022-08-05,30,31,10,669.3833333333333,dMShOA,1,696.4833333333333,20,85.84,39.95
2022-08-05,30,31,10,669.3833333333333,dMShOA,2,539.2166666666667,26,91.6917,40.26
2022-08-05,30,31,10,669.3833333333333,dMShOA,3,555.2166666666666,26,82.9686,40.38
2022-08-05,30,31,10,669.3833333333333,dMShOA,4,542.05,21,70.0936,40.08
2022-08-05,30,31,10,669.3833333333333,dMShOA,5,441.9666666666667,28,86.1756,39.84
2022-08-05,30,31,10,669.3833333333333,dMShOA,6,602.9166666666666,20,87.6525,40.26
2022-08-05,30,31,10,669.3833333333333,dMShOA,7,618.5166666666667,26,79.5814,40.09
2022-08-05,30,31,10,669.3833333333333,dMShOA,8,462.9166666666666,26,107.6994,40.31
2022-08-05,30,31,10,669.3833333333333,dMShOA,9,539.8333333333334,28,87.4488,39.9
2022-04-07,30,31,10,695.0,GA,0,637.6333333333332,21,63.8667,41.95
2022-04-07,30,31,10,695.0,GA,1,600.3666666666667,22,50.1227,41.99
2022-04-07,30,31,10,695.0,GA,2,566.0666666666667,22,90.3985,42.32
2022-04-07,30,31,10,695.0,GA,3,714.6166666666667,21,53.4333,41.82
2022-04-07,30,31,10,695.0,GA,4,584.15,22,50.6477,42.0
2022-04-07,30,31,10,695.0,GA,5,874.6166666666666,16,52.3687,42.38
2022-04-07,30,31,10,695.0,GA,6,663.4666666666666,21,56.5643,42.17
2022-04-07,30,31,10,695.0,GA,7,580.6833333333333,19,62.9684,41.94
2022-04-07,30,31,10,695.0,GA,8,829.1666666666666,18,58.725,42.15
2022-04-07,30,31,10,695.0,GA,9,772.9666666666666,17,54.198,42.25
2022-04-07,30,31,10,695.0,dPSO,0,777.6166666666667,19,56.1465,42.54
2022-04-07,30,31,10,695.0,dPSO,1,642.65,23,87.3659,42.82
2022-04-07,30,31,10,695.0,dPSO,2,584.1666666666666,21,96.7119,42.75
2022-04-07,30,31,10,695.0,dPSO,3,563.4833333333333,25,100.1107,42.65
2022-04-07,30,31,10,695.0,dPSO,4,598.75,28,78.569,42.69
2022-04-07,30,31,10,695.0,dPSO,5,621.4166666666667,29,110.192,42.64
2022-04-07,30,31,10,695.0,dPSO,6,628.75,20,72.2592,43.09
2022-04-07,30,31,10,695.0,dPSO,7,523.1833333333333,26,93.7154,42.75
2022-04-07,30,31,10,695.0,dPSO,8,612.9333333333333,20,65.7042,42.61
2022-04-07,30,31,10,695.0,dPSO,9,678.2833333333334,25,69.3787,42.68
2022-04-07,30,31,10,695.0,SBOA,0,581.5500000000001,7,10.3,57.72
2022-04-07,30,31,10,695.0,SBOA,1,575.1166666666667,14,18.5738,57.05
2022-04-07,30,31,10,695.0,SBOA,2,654.2833333333334,15,28.7333,51.57
2022-04-07,30,31,10,695.0,SBOA,3,566.5166666666668,23,52.4862,43.99
2022-04-07,30,31,10,695.0,SBOA,4,614.7666666666667,15,38.4022,45.36
2022-04-07,30,31,10,695.0,SBOA,5,591.8166666666668,19,27.0149,57.02
2022-04-07,30,31,10,695.0,SBOA,6,472.9333333333333,13,20.4808,57.74
2022-04-07,30,31,10,695.0,SBOA,7,552.4833333333333,16,37.7687,58.38
2022-04-07,30,31,10,695.0,SBOA,8,752.3666666666666,10,25.5483,59.38
2022-04-07,30,31,10,695.0,SBOA,9,650.9000000000001,14,34.5607,54.38
2022-04-07,30,31,10,695.0,dMShOA,0,633.6,23,98.9312,39.92
2022-04-07,30,31,10,695.0,dMShOA,1,604.5833333333334,25,81.548,40.32
2022-04-07,30,31,10,695.0,dMShOA,2,678.8,25,81.412,39.92
2022-04-07,30,31,10,695.0,dMShOA,3,691.9333333333334,23,85.2681,39.9
2022-04-07,30,31,10,695.0,dMShOA,4,759.65,22,87.7462,40.06
2022-04-07,30,31,10,695.0,dMShOA,5,590.2166666666667,25,86.364,40.0
2022-04-07,30,31,10,695.0,dMShOA,6,560.5166666666668,27,82.3265,39.99
2022-04-07,30,31,10,695.0,dMShOA,7,663.9666666666666,19,93.1447,40.24
2022-04-07,30,31,10,695.0,dMShOA,8,609.2833333333334,28,85.2815,39.92
2022-04-07,30,31,10,695.0,dMShOA,9,596.1666666666666,27,78.9352,40.0
2023-07-04,30,31,10,653.7333333333333,GA,0,703.6,22,66.6303,42.28
2023-07-04,30,31,10,653.7333333333333,GA,1,793.4,20,90.8992,42.32
2023-07-04,30,31,10,653.7333333333333,GA,2,699.1166666666667,21,66.8865,41.96
2023-07-04,30,31,10,653.7333333333333,GA,3,763.4666666666668,23,72.4152,42.21
2023-07-04,30,31,10,653.7333333333333,GA,4,725.5666666666666,15,87.1089,41.88
2023-07-04,30,31,10,653.7333333333333,GA,5,607.2166666666667,27,95.2519,42.02
2023-07-04,30,31,10,653.7333333333333,GA,6,644.2666666666667,22,94.0432,42.0
2023-07-04,30,31,10,653.7333333333333,GA,7,798.4,21,63.8262,41.91
2023-07-04,30,31,10,653.7333333333333,GA,8,776.85,18,81.1509,41.96
2023-07-04,30,31,10,653.7333333333333,GA,9,738.8500000000001,19,57.5316,42.09
2023-07-04,30,31,10,653.7333333333333,dPSO,0,742.25,24,91.9944,43.11
2023-07-04,30,31,10,653.7333333333333,dPSO,1,634.6999999999999,28,133.0446,42.66
2023-07-04,30,31,10,653.7333333333333,dPSO,2,726.2166666666667,25,87.462,42.62
2023-07-04,30,31,10,653.7333333333333,dPSO,3,586.2166666666667,23,100.6355,42.76
2023-07-04,30,31,10,653.7333333333333,dPSO,4,674.6333333333332,29,99.6,42.72
2023-07-04,30,31,10,653.7333333333333,dPSO,5,566.9333333333333,25,114.1533,43.29
2023-07-04,30,31,10,653.7333333333333,dPSO,6,771.8333333333334,26,113.0314,42.99
2023-07-04,30,31,10,653.7333333333333,dPSO,7,614.7833333333333,31,136.2645,42.49
2023-07-04,30,31,10,653.7333333333333,dPSO,8,835.2666666666667,28,121.4595,43.04
2023-07-04,30,31,10,653.7333333333333,dPSO,9,662.3333333333334,21,64.981,42.83
2023-07-04,30,31,10,653.7333333333333,SBOA,0,615.9666666666667,20,57.0867,56.5
2023-07-04,30,31,10,653.7333333333333,SBOA,1,651.1666666666667,17,55.5441,58.63
2023-07-04,30,31,10,653.7333333333333,SBOA,2,646.9499999999999,16,33.651,55.34
2023-07-04,30,31,10,653.7333333333333,SBOA,3,866.3,10,42.88,57.19
2023-07-04,30,31,10,653.7333333333333,SBOA,4,612.5833333333334,23,47.7355,44.44
2023-07-04,30,31,10,653.7333333333333,SBOA,5,717.4999999999999,13,24.4103,56.75
2023-07-04,30,31,10,653.7333333333333,SBOA,6,937.4833333333332,11,37.4151,44.12
2023-07-04,30,31,10,653.7333333333333,SBOA,7,730.9166666666666,16,50.5844,44.63
2023-07-04,30,31,10,653.7333333333333,SBOA,8,629.5833333333334,18,37.1602,56.62
2023-07-04,30,31,10,653.7333333333333,SBOA,9,650.7333333333333,16,76.0906,56.75
2023-07-04,30,31,10,653.7333333333333,dMShOA,0,663.1500000000001,25,105.3853,40.29
2023-07-04,30,31,10,653.7333333333333,dMShOA,1,665.1166666666667,25,103.264,39.98
2023-07-04,30,31,10,653.7333333333333,dMShOA,2,654.5,24,121.8687,39.89
2023-07-04,30,31,10,653.7333333333333,dMShOA,3,702.7666666666667,27,129.916,39.96
2023-07-04,30,31,10,653.7333333333333,dMShOA,4,835.0666666666666,28,113.4607,40.05
2023-07-04,30,31,10,653.7333333333333,dMShOA,5,681.2833333333333,28,103.9202,40.47
2023-07-04,30,31,10,653.7333333333333,dMShOA,6,687.45,23,122.9159,40.27
2023-07-04,30,31,10,653.7333333333333,dMShOA,7,694.3833333333333,24,123.3014,39.85
2023-07-04,30,31,10,653.7333333333333,dMShOA,8,836.0666666666667,24,115.7833,40.22
2023-07-04,30,31,10,653.7333333333333,dMShOA,9,687.0833333333334,26,115.2378,40.12
2022-08-08,30,31,10,708.7666666666667,GA,0,745.1,14,36.4333,41.92
2022-08-08,30,31,10,708.7666666666667,GA,1,619.3,18,49.4185,41.9
2022-08-08,30,31,10,708.7666666666667,GA,2,617.8166666666667,26,68.0686,42.04
2022-08-08,30,31,10,708.7666666666667,GA,3,552.4,25,62.9127,42.33
2022-08-08,30,31,10,708.7666666666667,GA,4,577.5333333333333,22,71.9038,41.91
2022-08-08,30,31,10,708.7666666666667,GA,5,521.3166666666666,20,74.305,41.96
2022-08-08,30,31,10,708.7666666666667,GA,6,681.75,22,55.9583,41.89
2022-08-08,30,31,10,708.7666666666667,GA,7,696.0333333333333,21,41.9135,42.05
2022-08-08,30,31,10,708.7666666666667,GA,8,497.73333333333335,22,71.4462,42.46
2022-08-08,30,31,10,708.7666666666667,GA,9,766.55,14,44.3762,42.24
2022-08-08,30,31,10,708.7666666666667,dPSO,0,527.2666666666667,25,75.5733,43.04
2022-08-08,30,31,10,708.7666666666667,dPSO,1,490.98333333333335,29,109.5598,42.55
2022-08-08,30,31,10,708.7666666666667,dPSO,2,617.15,22,64.8977,42.61
2022-08-08,30,31,10,708.7666666666667,dPSO,3,540.05,21,67.3278,43.0
2022-08-08,30,31,10,708.7666666666667,dPSO,4,528.1833333333334,19,64.5053,42.81
2022-08-08,30,31,10,708.7666666666667,dPSO,5,531.6166666666667,25,70.006,42.81
2022-08-08,30,31,10,708.7666666666667,dPSO,6,629.4333333333334,23,56.6036,42.74
2022-08-08,30,31,10,708.7666666666667,dPSO,7,550.0666666666666,22,73.6288,42.94
2022-08-08,30,31,10,708.7666666666667,dPSO,8,587.2166666666667,25,94.21,42.59
2022-08-08,30,31,10,708.7666666666667,dPSO,9,494.08333333333326,25,95.9087,42.81
2022-08-08,30,31,10,708.7666666666667,SBOA,0,489.9666666666667,29,97.7167,41.39
2022-08-08,30,31,10,708.7666666666667,SBOA,1,572.8,9,48.85,51.89
2022-08-08,30,31,10,708.7666666666667,SBOA,2,651.1,11,41.3742,51.63
2022-08-08,30,31,10,708.7666666666667,SBOA,3,465.48333333333335,28,110.3774,41.01
2022-08-08,30,31,10,708.7666666666667,SBOA,4,483.31666666666666,21,40.9674,50.79
2022-08-08,30,31,10,708.7666666666667,SBOA,5,584.4333333333334,25,64.744,41.24
2022-08-08,30,31,10,708.7666666666667,SBOA,6,586.6333333333333,13,23.7192,50.28
2022-08-08,30,31,10,708.7666666666667,SBOA,7,644.0333333333333,8,9.4729,51.94
2022-08-08,30,31,10,708.7666666666667,SBOA,8,463.9,24,64.034,49.13
2022-08-08,30,31,10,708.7666666666667,SBOA,9,625.8166666666666,9,28.9963,49.59
2022-08-08,30,31,10,708.7666666666667,dMShOA,0,609.9166666666667,22,83.5477,38.29
2022-08-08,30,31,10,708.7666666666667,dMShOA,1,592.0166666666667,26,102.3276,38.28
2022-08-08,30,31,10,708.7666666666667,dMShOA,2,565.6833333333334,25,91.4627,39.94
2022-08-08,30,31,10,708.7666666666667,dMShOA,3,639.8000000000001,22,92.3068,38.54
2022-08-08,30,31,10,708.7666666666667,dMShOA,4,567.5333333333333,26,82.9654,38.04
2022-08-08,30,31,10,708.7666666666667,dMShOA,5,571.4666666666667,25,93.1747,39.05
2022-08-08,30,31,10,708.7666666666667,dMShOA,6,564.9166666666666,26,89.4564,38.32
2022-08-08,30,31,10,708.7666666666667,dMShOA,7,552.1333333333333,26,97.4532,36.91
2022-08-08,30,31,10,708.7666666666667,dMShOA,8,573.3666666666667,26,96.4353,36.35
2022-08-08,30,31,10,708.7666666666667,dMShOA,9,734.4333333333334,18,74.6352,34.82
2023-06-12,25,24,11,776.85,GA,0,756.85,15,49.9711,32.36
2023-06-12,25,24,11,776.85,GA,1,905.8833333333332,12,52.3347,32.82
2023-06-12,25,24,11,776.85,GA,2,806.85,13,61.7436,32.74
2023-06-12,25,24,11,776.85,GA,3,848.0166666666667,12,39.9972,32.72
2023-06-12,25,24,11,776.85,GA,4,787.3000000000001,12,62.6889,32.79
2023-06-12,25,24,11,776.85,GA,5,824.2666666666667,11,46.5697,32.73
2023-06-12,25,24,11,776.85,GA,6,808.8833333333333,15,71.7211,32.6
2023-06-12,25,24,11,776.85,GA,7,874.9166666666666,16,45.975,32.65
2023-06-12,25,24,11,776.85,GA,8,756.85,17,54.0206,32.75
2023-06-12,25,24,11,776.85,GA,9,815.3499999999999,9,34.0444,32.79
2023-06-12,25,24,11,776.85,dPSO,0,934.8833333333332,19,53.0509,33.43
2023-06-12,25,24,11,776.85,dPSO,1,834.5333333333334,16,69.1854,33.89
2023-06-12,25,24,11,776.85,dPSO,2,756.85,15,88.7867,33.74
2023-06-12,25,24,11,776.85,dPSO,3,937.8666666666668,19,75.6746,33.72
2023-06-12,25,24,11,776.85,dPSO,4,873.4833333333333,17,60.6059,33.32
2023-06-12,25,24,11,776.85,dPSO,5,853.1,16,57.4239,33.63
2023-06-12,25,24,11,776.85,dPSO,6,890.8833333333333,16,57.8677,33.3
2023-06-12,25,24,11,776.85,dPSO,7,813.4333333333333,10,59.6017,33.81
2023-06-12,25,24,11,776.85,dPSO,8,756.85,22,74.8273,33.81
2023-06-12,25,24,11,776.85,dPSO,9,938.05,21,61.7929,33.74
2023-06-12,25,24,11,776.85,SBOA,0,772.8833333333333,2,9.3083,43.1
2023-06-12,25,24,11,776.85,SBOA,1,786.85,1,16.7333,47.82
2023-06-12,25,24,11,776.85,SBOA,2,859.4166666666666,11,64.7364,37.99
2023-06-12,25,24,11,776.85,SBOA,3,826.35,15,23.1055,34.77
2023-06-12,25,24,11,776.85,SBOA,4,925.6833333333332,2,14.2084,40.08
2023-06-12,25,24,11,776.85,SBOA,5,918.6833333333332,1,40.0,41.86
2023-06-12,25,24,11,776.85,SBOA,6,782.7833333333334,11,11.4424,44.84
2023-06-12,25,24,11,776.85,SBOA,7,756.85,4,36.3125,46.73
2023-06-12,25,24,11,776.85,SBOA,8,756.85,4,15.8875,43.6
2023-06-12,25,24,11,776.85,SBOA,9,841.85,17,93.0676,33.72
2023-06-12,25,24,11,776.85,dMShOA,0,791.7833333333334,16,99.7323,31.76
2023-06-12,25,24,11,776.85,dMShOA,1,826.85,18,81.1185,31.84
2023-06-12,25,24,11,776.85,dMShOA,2,817.4833333333333,22,67.5523,31.87
2023-06-12,25,24,11,776.85,dMShOA,3,986.85,16,58.3729,31.8
2023-06-12,25,24,11,776.85,dMShOA,4,785.85,13,72.6846,31.73
2023-06-12,25,24,11,776.85,dMShOA,5,774.65,15,93.2145,31.89
2023-06-12,25,24,11,776.85,dMShOA,6,829.2833333333334,16,89.8792,31.88
2023-06-12,25,24,11,776.85,dMShOA,7,953.4833333333332,13,88.6218,31.94
2023-06-12,25,24,11,776.85,dMShOA,8,884.3166666666667,15,67.9,31.76
2023-06-12,25,24,11,776.85,dMShOA,9,845.4833333333333,15,92.5667,31.9
2023-06-20,25,26,11,629.9833333333333,GA,0,566.9166666666666,10,40.3367,35.47
2023-06-20,25,26,11,629.9833333333333,GA,1,645.5833333333334,17,39.7755,35.76
2023-06-20,25,26,11,629.9833333333333,GA,2,797.7333333333332,10,41.05,35.71
2023-06-20,25,26,11,629.9833333333333,GA,3,636.0,12,37.7444,35.47
2023-06-20,25,26,11,629.9833333333333,GA,4,530.6833333333334,17,63.3118,35.73
2023-06-20,25,26,11,629.9833333333333,GA,5,605.6,16,37.1083,35.75
2023-06-20,25,26,11,629.9833333333333,GA,6,619.9499999999999,19,59.3719,35.89
2023-06-20,25,26,11,629.9833333333333,GA,7,602.3833333333333,11,44.5909,35.66
2023-06-20,25,26,11,629.9833333333333,GA,8,608.4999999999999,11,17.1606,35.73
2023-06-20,25,26,11,629.9833333333333,GA,9,555.8833333333333,15,54.0922,35.64
2023-06-20,25,26,11,629.9833333333333,dPSO,0,584.8666666666667,18,62.3944,36.74
2023-06-20,25,26,11,629.9833333333333,dPSO,1,536.5333333333333,20,44.3392,36.51
2023-06-20,25,26,11,629.9833333333333,dPSO,2,678.0999999999999,20,69.0883,36.46
2023-06-20,25,26,11,629.9833333333333,dPSO,3,560.2833333333333,19,67.5605,36.6
2023-06-20,25,26,11,629.9833333333333,dPSO,4,609.4000000000001,19,64.75,36.58
2023-06-20,25,26,11,629.9833333333333,dPSO,5,503.8666666666667,17,47.6137,36.36
2023-06-20,25,26,11,629.9833333333333,dPSO,6,621.7833333333333,11,66.0151,36.74
2023-06-20,25,26,11,629.9833333333333,dPSO,7,546.6333333333333,24,64.7299,36.67
2023-06-20,25,26,11,629.9833333333333,dPSO,8,656.1999999999999,15,48.1611,36.97
2023-06-20,25,26,11,629.9833333333333,dPSO,9,590.0666666666666,8,36.7729,36.43
2023-06-20,25,26,11,629.9833333333333,SBOA,0,550.2666666666667,16,79.5187,36.99
2023-06-20,25,26,11,629.9833333333333,SBOA,1,604.3,14,64.1679,34.66
2023-06-20,25,26,11,629.9833333333333,SBOA,2,595.8833333333333,3,15.3111,47.34
2023-06-20,25,26,11,629.9833333333333,SBOA,3,598.1166666666666,5,7.9867,45.4
2023-06-20,25,26,11,629.9833333333333,SBOA,4,649.4166666666666,8,14.3771,47.08
2023-06-20,25,26,11,629.9833333333333,SBOA,5,670.75,17,58.3265,38.06
2023-06-20,25,26,11,629.9833333333333,SBOA,6,813.4499999999999,4,9.9542,47.31
2023-06-20,25,26,11,629.9833333333333,SBOA,7,602.2333333333333,16,83.625,35.83
2023-06-20,25,26,11,629.9833333333333,SBOA,8,549.2166666666667,5,13.82,53.97
2023-06-20,25,26,11,629.9833333333333,SBOA,9,618.9333333333333,5,9.8233,47.83
2023-06-20,25,26,11,629.9833333333333,dMShOA,0,703.1,20,60.4342,34.43
2023-06-20,25,26,11,629.9833333333333,dMShOA,1,601.9666666666667,15,78.3989,34.37
2023-06-20,25,26,11,629.9833333333333,dMShOA,2,593.4833333333333,18,80.5028,34.0
2023-06-20,25,26,11,629.9833333333333,dMShOA,3,635.1333333333333,17,87.5373,34.5
2023-06-20,25,26,11,629.9833333333333,dMShOA,4,666.05,17,70.9794,34.03
2023-06-20,25,26,11,629.9833333333333,dMShOA,5,511.5,20,77.6342,34.0
2023-06-20,25,26,11,629.9833333333333,dMShOA,6,510.01666666666665,20,76.5992,34.54
2023-06-20,25,26,11,629.9833333333333,dMShOA,7,561.1833333333333,15,75.1156,34.09
2023-06-20,25,26,11,629.9833333333333,dMShOA,8,653.7166666666667,18,65.737,34.25
2023-06-20,25,26,11,629.9833333333333,dMShOA,9,643.8666666666667,16,77.1917,34.04
2022-10-04,25,26,11,710.9,GA,0,742.9166666666666,10,21.3717,35.49
2022-10-04,25,26,11,710.9,GA,1,560.8833333333333,17,38.2088,35.64
2022-10-04,25,26,11,710.9,GA,2,676.7333333333332,18,41.4231,35.65
2022-10-04,25,26,11,710.9,GA,3,578.8000000000001,12,40.4347,35.86
2022-10-04,25,26,11,710.9,GA,4,508.01666666666665,14,48.6845,35.86
2022-10-04,25,26,11,710.9,GA,5,605.2833333333333,9,58.7926,35.72
2022-10-04,25,26,11,710.9,GA,6,589.3666666666667,16,51.9385,35.56
2022-10-04,25,26,11,710.9,GA,7,615.65,18,45.0602,35.86
2022-10-04,25,26,11,710.9,GA,8,586.4499999999999,21,47.3698,35.53
2022-10-04,25,26,11,710.9,GA,9,568.6,16,62.3927,35.45
2022-10-04,25,26,11,710.9,dPSO,0,599.6,19,67.8298,36.38
2022-10-04,25,26,11,710.9,dPSO,1,590.9499999999999,14,65.5345,36.87
2022-10-04,25,26,11,710.9,dPSO,2,548.5833333333334,16,51.9906,36.29
2022-10-04,25,26,11,710.9,dPSO,3,557.2333333333332,18,42.2796,36.6
2022-10-04,25,26,11,710.9,dPSO,4,597.8166666666667,23,53.937,36.65
2022-10-04,25,26,11,710.9,dPSO,5,570.9333333333333,20,55.3333,36.48
2022-10-04,25,26,11,710.9,dPSO,6,454.15,17,38.9245,36.58
2022-10-04,25,26,11,710.9,dPSO,7,509.15,17,34.6677,36.68
2022-10-04,25,26,11,710.9,dPSO,8,536.5333333333333,18,37.4852,36.59
2022-10-04,25,26,11,710.9,dPSO,9,469.03333333333336,19,61.0009,36.79
2022-10-04,25,26,11,710.9,SBOA,0,604.9499999999999,1,0.9167,42.94
2022-10-04,25,26,11,710.9,SBOA,1,561.7166666666666,8,35.2959,50.42
2022-10-04,25,26,11,710.9,SBOA,2,499.15,4,6.8417,49.07
2022-10-04,25,26,11,710.9,SBOA,3,571.8333333333333,13,28.6487,45.67
2022-10-04,25,26,11,710.9,SBOA,4,618.25,5,17.5733,46.68
2022-10-04,25,26,11,710.9,SBOA,5,590.1,11,28.5924,48.38
2022-10-04,25,26,11,710.9,SBOA,6,567.5666666666666,7,43.8809,49.07
2022-10-04,25,26,11,710.9,SBOA,7,574.0833333333333,11,17.6894,47.82
2022-10-04,25,26,11,710.9,SBOA,8,663.6666666666666,3,11.1889,50.74
2022-10-04,25,26,11,710.9,SBOA,9,766.1333333333332,6,4.1111,48.69
2022-10-04,25,26,11,710.9,dMShOA,0,522.7833333333333,21,69.0635,34.04
2022-10-04,25,26,11,710.9,dMShOA,1,560.0500000000001,16,65.4365,34.47
2022-10-04,25,26,11,710.9,dMShOA,2,491.9166666666666,21,74.2984,33.98
2022-10-04,25,26,11,710.9,dMShOA,3,627.3833333333334,18,72.2343,34.23
2022-10-04,25,26,11,710.9,dMShOA,4,475.2666666666666,22,68.5167,34.23
2022-10-04,25,26,11,710.9,dMShOA,5,583.0833333333334,15,63.0456,34.12
2022-10-04,25,26,11,710.9,dMShOA,6,587.6166666666667,17,82.3578,34.2
2022-10-04,25,26,11,710.9,dMShOA,7,719.75,18,41.3324,34.24
2022-10-04,25,26,11,710.9,dMShOA,8,652.9333333333333,19,77.3947,34.11
2022-10-04,25,26,11,710.9,dMShOA,9,605.9333333333333,22,63.8288,34.38
2022-11-08,25,25,11,700.7666666666667,GA,0,581.0833333333333,9,31.9574,34.24
2022-11-08,25,25,11,700.7666666666667,GA,1,574.2833333333333,13,62.5782,34.14
2022-11-08,25,25,11,700.7666666666667,GA,2,545.4666666666667,16,55.2229,34.14
2022-11-08,25,25,11,700.7666666666667,GA,3,606.8,15,39.9333,34.58
2022-11-08,25,25,11,700.7666666666667,GA,4,551.1166666666666,17,50.0284,34.35
2022-11-08,25,25,11,700.7666666666667,GA,5,709.6333333333333,10,32.3267,34.28
2022-11-08,25,25,11,700.7666666666667,GA,6,564.5166666666667,17,45.2363,34.63
2022-11-08,25,25,11,700.7666666666667,GA,7,667.1166666666667,18,46.0482,34.24
2022-11-08,25,25,11,700.7666666666667,GA,8,559.9,17,39.7676,34.29
2022-11-08,25,25,11,700.7666666666667,GA,9,627.6166666666667,17,39.6088,34.53
2022-11-08,25,25,11,700.7666666666667,dPSO,0,650.65,16,29.0052,35.17
2022-11-08,25,25,11,700.7666666666667,dPSO,1,514.1166666666667,18,53.2639,35.42
2022-11-08,25,25,11,700.7666666666667,dPSO,2,648.9166666666666,18,57.7917,35.3
2022-11-08,25,25,11,700.7666666666667,dPSO,3,634.3833333333333,21,59.0857,35.18
2022-11-08,25,25,11,700.7666666666667,dPSO,4,579.4166666666666,23,67.7761,35.34
2022-11-08,25,25,11,700.7666666666667,dPSO,5,547.05,16,49.6521,35.17
2022-11-08,25,25,11,700.7666666666667,dPSO,6,551.2,24,50.3035,35.49
2022-11-08,25,25,11,700.7666666666667,dPSO,7,575.7166666666667,16,49.3135,35.56
2022-11-08,25,25,11,700.7666666666667,dPSO,8,533.4,17,60.2951,35.1
2022-11-08,25,25,11,700.7666666666667,dPSO,9,562.35,17,58.6686,35.2
2022-11-08,25,25,11,700.7666666666667,SBOA,0,511.9166666666667,8,27.1396,45.14
2022-11-08,25,25,11,700.7666666666667,SBOA,1,549.6666666666666,5,19.11,46.53
2022-11-08,25,25,11,700.7666666666667,SBOA,2,774.5833333333334,4,20.4542,52.47
2022-11-08,25,25,11,700.7666666666667,SBOA,3,676.2833333333333,9,49.1167,45.97
2022-11-08,25,25,11,700.7666666666667,SBOA,4,558.6333333333333,8,32.6187,46.09
2022-11-08,25,25,11,700.7666666666667,SBOA,5,565.7166666666666,9,21.1648,43.31
2022-11-08,25,25,11,700.7666666666667,SBOA,6,572.8,17,33.4676,35.86
2022-11-08,25,25,11,700.7666666666667,SBOA,7,567.0666666666666,8,28.9812,44.12
2022-11-08,25,25,11,700.7666666666667,SBOA,8,587.5333333333333,20,54.465,34.29
2022-11-08,25,25,11,700.7666666666667,SBOA,9,548.5833333333333,16,34.4312,44.22
2022-11-08,25,25,11,700.7666666666667,dMShOA,0,664.9999999999999,19,64.6026,32.81
2022-11-08,25,25,11,700.7666666666667,dMShOA,1,619.1833333333333,15,54.4611,33.04
2022-11-08,25,25,11,700.7666666666667,dMShOA,2,558.9166666666666,16,69.7667,33.12
2022-11-08,25,25,11,700.7666666666667,dMShOA,3,513.3166666666667,19,60.9325,32.92
2022-11-08,25,25,11,700.7666666666667,dMShOA,4,621.0333333333333,18,50.4417,33.17
2022-11-08,25,25,11,700.7666666666667,dMShOA,5,799.8499999999999,13,58.1462,32.86
2022-11-08,25,25,11,700.7666666666667,dMShOA,6,532.5166666666667,19,66.4307,33.16
2022-11-08,25,25,11,700.7666666666667,dMShOA,7,577.6833333333333,20,53.1825,33.18
2022-11-08,25,25,11,700.7666666666667,dMShOA,8,688.55,19,67.7702,32.8
2022-11-08,25,25,11,700.7666666666667,dMShOA,9,609.5333333333333,14,79.181,32.81
2023-12-28,30,29,11,695.4333333333333,GA,0,649.9666666666667,14,40.1059,39.55
2023-12-28,30,29,11,695.4333333333333,GA,1,618.9166666666667,17,55.9255,39.78
2023-12-28,30,29,11,695.4333333333333,GA,2,733.6,14,41.6214,39.28
2023-12-28,30,29,11,695.4333333333333,GA,3,601.9,17,47.7755,39.64
2023-12-28,30,29,11,695.4333333333333,GA,4,658.2333333333332,17,49.1578,39.46
2023-12-28,30,29,11,695.4333333333333,GA,5,727.2166666666667,12,50.3417,39.47
2023-12-28,30,29,11,695.4333333333333,GA,6,567.2,19,69.4202,39.47
2023-12-28,30,29,11,695.4333333333333,GA,7,602.3166666666667,19,69.1009,39.38
2023-12-28,30,29,11,695.4333333333333,GA,8,687.3333333333334,17,43.7588,39.4
2023-12-28,30,29,11,695.4333333333333,GA,9,641.0833333333334,12,59.5639,39.67
2023-12-28,30,29,11,695.4333333333333,dPSO,0,555.1666666666666,17,78.2284,40.55
2023-12-28,30,29,11,695.4333333333333,dPSO,1,627.8999999999999,21,50.869,40.07
2023-12-28,30,29,11,695.4333333333333,dPSO,2,528.2333333333333,23,46.4,40.07
2023-12-28,30,29,11,695.4333333333333,dPSO,3,562.8833333333333,22,72.0212,40.01
2023-12-28,30,29,11,695.4333333333333,dPSO,4,686.2,15,79.9055,40.47
2023-12-28,30,29,11,695.4333333333333,dPSO,5,477.3166666666667,22,80.3356,40.27
2023-12-28,30,29,11,695.4333333333333,dPSO,6,584.5333333333333,22,52.5212,40.16
2023-12-28,30,29,11,695.4333333333333,dPSO,7,531.2166666666666,28,73.1899,40.2
2023-12-28,30,29,11,695.4333333333333,dPSO,8,670.1666666666666,16,40.8802,40.44
2023-12-28,30,29,11,695.4333333333333,dPSO,9,516.6333333333333,23,67.9855,40.05
2023-12-28,30,29,11,695.4333333333333,SBOA,0,710.25,15,53.4167,38.06
2023-12-28,30,29,11,695.4333333333333,SBOA,1,558.55,16,29.1448,49.99
2023-12-28,30,29,11,695.4333333333333,SBOA,2,558.4833333333333,17,43.4559,43.92
2023-12-28,30,29,11,695.4333333333333,SBOA,3,558.6833333333333,3,5.7,52.15
2023-12-28,30,29,11,695.4333333333333,SBOA,4,608.6833333333333,2,4.1583,52.37
2023-12-28,30,29,11,695.4333333333333,SBOA,5,553.0,5,26.3967,53.46
2023-12-28,30,29,11,695.4333333333333,SBOA,6,666.7666666666667,4,8.3167,54.81
2023-12-28,30,29,11,695.4333333333333,SBOA,7,633.9666666666667,10,13.4183,50.96
2023-12-28,30,29,11,695.4333333333333,SBOA,8,622.15,14,90.0405,37.91
2023-12-28,30,29,11,695.4333333333333,SBOA,9,645.8666666666668,5,36.4033,53.28
2023-12-28,30,29,11,695.4333333333333,dMShOA,0,593.9166666666667,19,73.8167,37.96
2023-12-28,30,29,11,695.4333333333333,dMShOA,1,640.2,20,91.7167,37.57
2023-12-28,30,29,11,695.4333333333333,dMShOA,2,703.5166666666667,20,72.1008,37.51
2023-12-28,30,29,11,695.4333333333333,dMShOA,3,623.7166666666667,18,77.2759,37.49
2023-12-28,30,29,11,695.4333333333333,dMShOA,4,658.8000000000001,22,80.9333,38.02
2023-12-28,30,29,11,695.4333333333333,dMShOA,5,619.4166666666666,22,87.0015,37.49
2023-12-28,30,29,11,695.4333333333333,dMShOA,6,638.95,22,86.7606,37.85
2023-12-28,30,29,11,695.4333333333333,dMShOA,7,760.4499999999999,20,81.7533,37.64
2023-12-28,30,29,11,695.4333333333333,dMShOA,8,678.9166666666667,14,84.8762,37.99
2023-12-28,30,29,11,695.4333333333333,dMShOA,9,691.1333333333333,20,81.2167,37.39
2023-07-25,30,30,11,810.2833333333333,GA,0,935.05,26,74.2737,40.71
2023-07-25,30,30,11,810.2833333333333,GA,1,887.4833333333333,20,71.9933,40.63
2023-07-25,30,30,11,810.2833333333333,GA,2,908.7666666666668,21,68.9452,41.06
2023-07-25,30,30,11,810.2833333333333,GA,3,909.7,22,70.2205,40.59
2023-07-25,30,30,11,810.2833333333333,GA,4,815.6666666666666,14,73.25,40.91
2023-07-25,30,30,11,810.2833333333333,GA,5,897.0333333333333,19,60.8035,40.65
2023-07-25,30,30,11,810.2833333333333,GA,6,901.9166666666666,17,45.1118,40.42
2023-07-25,30,30,11,810.2833333333333,GA,7,940.05,18,48.2093,41.02
2023-07-25,30,30,11,810.2833333333333,GA,8,870.7666666666667,21,85.2556,40.55
2023-07-25,30,30,11,810.2833333333333,GA,9,841.8,21,79.6929,40.65
2023-07-25,30,30,11,810.2833333333333,dPSO,0,891.6166666666667,24,101.2194,41.54
2023-07-25,30,30,11,810.2833333333333,dPSO,1,956.3,27,84.8167,41.75
2023-07-25,30,30,11,810.2833333333333,dPSO,2,864.4,25,79.898,41.44
2023-07-25,30,30,11,810.2833333333333,dPSO,3,818.1166666666666,23,81.279,41.58
2023-07-25,30,30,11,810.2833333333333,dPSO,4,1047.05,20,81.4325,41.51
2023-07-25,30,30,11,810.2833333333333,dPSO,5,943.2333333333332,24,95.1382,41.34
2023-07-25,30,30,11,810.2833333333333,dPSO,6,866.6166666666667,25,87.2367,41.31
2023-07-25,30,30,11,810.2833333333333,dPSO,7,857.6666666666666,25,113.138,41.41
2023-07-25,30,30,11,810.2833333333333,dPSO,8,842.6666666666666,24,92.3465,41.69
2023-07-25,30,30,11,810.2833333333333,dPSO,9,843.4,24,73.8597,41.69
2023-07-25,30,30,11,810.2833333333333,SBOA,0,961.05,15,65.5956,53.86
2023-07-25,30,30,11,810.2833333333333,SBOA,1,1098.3333333333333,20,98.5975,41.89
2023-07-25,30,30,11,810.2833333333333,SBOA,2,1013.6833333333332,14,37.3345,55.68
2023-07-25,30,30,11,810.2833333333333,SBOA,3,840.6666666666666,5,26.94,57.73
2023-07-25,30,30,11,810.2833333333333,SBOA,4,968.8166666666666,9,10.1556,54.92
2023-07-25,30,30,11,810.2833333333333,SBOA,5,888.3166666666666,19,47.936,43.22
2023-07-25,30,30,11,810.2833333333333,SBOA,6,826.5666666666666,12,40.9111,51.35
2023-07-25,30,30,11,810.2833333333333,SBOA,7,818.1166666666666,14,30.1738,56.64
2023-07-25,30,30,11,810.2833333333333,SBOA,8,820.0166666666667,11,15.4273,54.49
2023-07-25,30,30,11,810.2833333333333,SBOA,9,815.6666666666666,12,38.3486,56.31
2023-07-25,30,30,11,810.2833333333333,dMShOA,0,1088.1333333333332,25,102.2647,38.9
2023-07-25,30,30,11,810.2833333333333,dMShOA,1,1009.65,21,102.5921,39.16
2023-07-25,30,30,11,810.2833333333333,dMShOA,2,940.4833333333332,27,103.5315,38.75
2023-07-25,30,30,11,810.2833333333333,dMShOA,3,882.1333333333333,22,95.147,38.86
2023-07-25,30,30,11,810.2833333333333,dMShOA,4,1123.6,25,88.3187,38.65
2023-07-25,30,30,11,810.2833333333333,dMShOA,5,892.65,21,94.9508,38.89
2023-07-25,30,30,11,810.2833333333333,dMShOA,6,921.5,25,106.2773,38.66
2023-07-25,30,30,11,810.2833333333333,dMShOA,7,836.7333333333333,23,86.0522,38.83
2023-07-25,30,30,11,810.2833333333333,dMShOA,8,905.8,25,98.7833,39.01
2023-07-25,30,30,11,810.2833333333333,dMShOA,9,952.2333333333332,18,115.1889,38.96
2022-11-09,30,30,11,697.4333333333333,GA,0,653.15,18,49.6472,40.62
2022-11-09,30,30,11,697.4333333333333,GA,1,726.9499999999999,20,56.2242,40.84
2022-11-09,30,30,11,697.4333333333333,GA,2,716.3499999999999,19,46.9456,40.52
2022-11-09,30,30,11,697.4333333333333,GA,3,640.1666666666666,16,57.8563,40.96
2022-11-09,30,30,11,697.4333333333333,GA,4,656.1666666666666,21,39.1564,40.56
2022-11-09,30,30,11,697.4333333333333,GA,5,650.1666666666666,20,56.2283,40.75
2022-11-09,30,30,11,697.4333333333333,GA,6,715.4333333333333,18,32.9278,40.8
2022-11-09,30,30,11,697.4333333333333,GA,7,708.15,20,70.1683,40.53
2022-11-09,30,30,11,697.4333333333333,GA,8,725.1666666666666,20,51.3317,40.73
2022-11-09,30,30,11,697.4333333333333,GA,9,708.3833333333333,18,43.0148,40.56
2022-11-09,30,30,11,697.4333333333333,dPSO,0,847.5666666666666,18,29.2481,41.56
2022-11-09,30,30,11,697.4333333333333,dPSO,1,682.1666666666666,19,59.2482,41.57
2022-11-09,30,30,11,697.4333333333333,dPSO,2,721.7833333333333,22,47.7326,41.18
2022-11-09,30,30,11,697.4333333333333,dPSO,3,646.1666666666666,22,66.2614,41.78
2022-11-09,30,30,11,697.4333333333333,dPSO,4,640.1666666666666,20,67.2408,41.89
2022-11-09,30,30,11,697.4333333333333,dPSO,5,694.0833333333333,29,67.8075,41.81
2022-11-09,30,30,11,697.4333333333333,dPSO,6,640.1666666666666,20,69.2992,41.4
2022-11-09,30,30,11,697.4333333333333,dPSO,7,681.1666666666666,24,77.791,41.44
2022-11-09,30,30,11,697.4333333333333,dPSO,8,718.3166666666666,22,80.8742,41.79
2022-11-09,30,30,11,697.4333333333333,dPSO,9,685.7499999999999,20,60.5192,41.49
2022-11-09,30,30,11,697.4333333333333,SBOA,0,759.4166666666666,16,56.0167,42.15
2022-11-09,30,30,11,697.4333333333333,SBOA,1,689.0,21,85.3865,39.82
2022-11-09,30,30,11,697.4333333333333,SBOA,2,679.1666666666666,5,9.5767,53.64
2022-11-09,30,30,11,697.4333333333333,SBOA,3,679.2666666666667,8,16.4208,53.73
2022-11-09,30,30,11,697.4333333333333,SBOA,4,640.1666666666666,21,60.7071,40.04
2022-11-09,30,30,11,697.4333333333333,SBOA,5,680.1666666666666,3,19.3,59.66
2022-11-09,30,30,11,697.4333333333333,SBOA,6,798.4333333333333,7,9.8929,57.52
2022-11-09,30,30,11,697.4333333333333,SBOA,7,733.3,21,40.2254,50.2
2022-11-09,30,30,11,697.4333333333333,SBOA,8,728.4333333333333,11,38.4712,55.17
2022-11-09,30,30,11,697.4333333333333,SBOA,9,650.1666666666666,3,36.6444,61.22
2022-11-09,30,30,11,697.4333333333333,dMShOA,0,683.0166666666667,24,68.4278,38.77
2022-11-09,30,30,11,697.4333333333333,dMShOA,1,770.1999999999999,25,58.1187,38.69
2022-11-09,30,30,11,697.4333333333333,dMShOA,2,678.8166666666666,24,71.3229,38.93
2022-11-09,30,30,11,697.4333333333333,dMShOA,3,795.8833333333333,24,55.8882,38.94
2022-11-09,30,30,11,697.4333333333333,dMShOA,4,821.4833333333333,26,63.3833,39.17
2022-11-09,30,30,11,697.4333333333333,dMShOA,5,749.2666666666667,24,52.0507,39.17
2022-11-09,30,30,11,697.4333333333333,dMShOA,6,640.1666666666666,24,76.9861,38.75
2022-11-09,30,30,11,697.4333333333333,dMShOA,7,701.9999999999999,20,65.8017,38.7
2022-11-09,30,30,11,697.4333333333333,dMShOA,8,834.1999999999999,19,73.0895,38.81
2022-11-09,30,30,11,697.4333333333333,dMShOA,9,688.55,24,71.7736,39.05
2022-10-07,30,29,11,691.9333333333333,GA,0,518.9166666666666,23,45.1681,39.42
2022-10-07,30,29,11,691.9333333333333,GA,1,689.8833333333333,12,45.9542,39.54
2022-10-07,30,29,11,691.9333333333333,GA,2,569.55,15,51.5778,39.71
2022-10-07,30,29,11,691.9333333333333,GA,3,670.35,15,45.1867,39.52
2022-10-07,30,29,11,691.9333333333333,GA,4,623.7333333333332,18,62.3602,39.32
2022-10-07,30,29,11,691.9333333333333,GA,5,663.6999999999999,15,36.4745,39.54
2022-10-07,30,29,11,691.9333333333333,GA,6,622.4666666666666,17,49.6225,39.64
2022-10-07,30,29,11,691.9333333333333,GA,7,634.3666666666667,17,40.1716,39.8
2022-10-07,30,29,11,691.9333333333333,GA,8,609.1,24,59.3695,39.78
2022-10-07,30,29,11,691.9333333333333,GA,9,564.7333333333333,18,46.2417,39.31
2022-10-07,30,29,11,691.9333333333333,dPSO,0,613.9666666666667,21,49.8698,40.26
2022-10-07,30,29,11,691.9333333333333,dPSO,1,515.8,20,62.7058,40.06
2022-10-07,30,29,11,691.9333333333333,dPSO,2,546.6833333333333,21,48.1984,40.17
2022-10-07,30,29,11,691.9333333333333,dPSO,3,539.2833333333333,27,76.1302,40.02
2022-10-07,30,29,11,691.9333333333333,dPSO,4,501.6333333333333,24,67.8278,40.36
2022-10-07,30,29,11,691.9333333333333,dPSO,5,551.0333333333333,17,68.7608,40.58
2022-10-07,30,29,11,691.9333333333333,dPSO,6,523.9333333333333,19,59.9465,40.26
2022-10-07,30,29,11,691.9333333333333,dPSO,7,526.3166666666666,23,62.9312,40.49
2022-10-07,30,29,11,691.9333333333333,dPSO,8,549.3833333333333,20,78.6675,40.23
2022-10-07,30,29,11,691.9333333333333,dPSO,9,546.95,24,74.4653,40.18
2022-10-07,30,29,11,691.9333333333333,SBOA,0,557.55,8,19.2583,53.22
2022-10-07,30,29,11,691.9333333333333,SBOA,1,476.26666666666665,13,32.2154,54.59
2022-10-07,30,29,11,691.9333333333333,SBOA,2,790.6333333333333,7,11.8691,52.92
2022-10-07,30,29,11,691.9333333333333,SBOA,3,553.3666666666667,8,7.9729,49.94
2022-10-07,30,29,11,691.9333333333333,SBOA,4,548.0333333333333,9,6.6852,52.74
2022-10-07,30,29,11,691.9333333333333,SBOA,5,619.05,9,10.5,51.8
2022-10-07,30,29,11,691.9333333333333,SBOA,6,672.4,6,12.3861,53.8
2022-10-07,30,29,11,691.9333333333333,SBOA,7,529.45,23,62.4326,39.53
2022-10-07,30,29,11,691.9333333333333,SBOA,8,567.05,8,17.2979,56.53
2022-10-07,30,29,11,691.9333333333333,SBOA,9,533.7166666666667,17,30.9,50.43
2022-10-07,30,29,11,691.9333333333333,dMShOA,0,575.4666666666667,20,67.7867,37.48
2022-10-07,30,29,11,691.9333333333333,dMShOA,1,548.7,24,75.7458,37.64
2022-10-07,30,29,11,691.9333333333333,dMShOA,2,579.1,19,95.1737,37.58
2022-10-07,30,29,11,691.9333333333333,dMShOA,3,575.1,21,74.1333,37.62
2022-10-07,30,29,11,691.9333333333333,dMShOA,4,587.1333333333333,18,81.2444,37.65
2022-10-07,30,29,11,691.9333333333333,dMShOA,5,646.0500000000001,20,74.7508,37.94
2022-10-07,30,29,11,691.9333333333333,dMShOA,6,552.1,23,71.8406,37.79
2022-10-07,30,29,11,691.9333333333333,dMShOA,7,654.8166666666666,18,83.287,37.84
2022-10-07,30,29,11,691.9333333333333,dMShOA,8,498.0166666666667,25,72.776,37.65
2022-10-07,30,29,11,691.9333333333333,dMShOA,9,580.9666666666666,20,84.3792,37.46
2022-12-15,30,31,11,799.05,GA,0,766.3333333333334,24,73.8597,41.98
2022-12-15,30,31,11,799.05,GA,1,585.8666666666667,19,78.6009,42.19
2022-12-15,30,31,11,799.05,GA,2,581.3,19,49.3614,41.82
2022-12-15,30,31,11,799.05,GA,3,644.6666666666666,18,70.9546,41.87
2022-12-15,30,31,11,799.05,GA,4,842.1333333333333,15,48.35,41.72
2022-12-15,30,31,11,799.05,GA,5,595.8333333333334,23,74.7732,41.79
2022-12-15,30,31,11,799.05,GA,6,722.6499999999999,23,75.8891,42.29
2022-12-15,30,31,11,799.05,GA,7,643.1999999999999,25,84.4733,41.9
2022-12-15,30,31,11,799.05,GA,8,615.9166666666666,24,74.2396,42.08
2022-12-15,30,31,11,799.05,GA,9,709.9666666666666,18,63.2528,42.26
2022-12-15,30,31,11,799.05,dPSO,0,570.4666666666667,27,88.4154,42.66
2022-12-15,30,31,11,799.05,dPSO,1,644.5500000000001,29,120.3236,42.79
2022-12-15,30,31,11,799.05,dPSO,2,669.0666666666666,24,70.1056,42.81
2022-12-15,30,31,11,799.05,dPSO,3,622.5166666666667,26,110.4122,42.82
2022-12-15,30,31,11,799.05,dPSO,4,566.1166666666667,24,69.1431,42.5
2022-12-15,30,31,11,799.05,dPSO,5,634.6833333333333,28,84.5619,42.73
2022-12-15,30,31,11,799.05,dPSO,6,701.4166666666667,25,81.6413,42.57
2022-12-15,30,31,11,799.05,dPSO,7,707.1,25,90.036,42.92
2022-12-15,30,31,11,799.05,dPSO,8,679.6666666666666,26,73.418,42.57
2022-12-15,30,31,11,799.05,dPSO,9,679.85,24,74.6785,43.11
2022-12-15,30,31,11,799.05,SBOA,0,585.8,20,64.0458,42.72
2022-12-15,30,31,11,799.05,SBOA,1,541.75,12,26.5333,55.68
2022-12-15,30,31,11,799.05,SBOA,2,644.7,16,39.4385,51.12
2022-12-15,30,31,11,799.05,SBOA,3,549.5833333333334,16,26.6875,56.95
2022-12-15,30,31,11,799.05,SBOA,4,560.8666666666668,18,83.7768,41.75
2022-12-15,30,31,11,799.05,SBOA,5,649.1,13,38.859,56.98
2022-12-15,30,31,11,799.05,SBOA,6,613.1833333333333,10,49.1867,56.8
2022-12-15,30,31,11,799.05,SBOA,7,665.4666666666667,7,29.1286,60.18
2022-12-15,30,31,11,799.05,SBOA,8,593.9833333333332,13,52.6051,56.77
2022-12-15,30,31,11,799.05,SBOA,9,611.7166666666667,12,53.8653,62.87
2022-12-15,30,31,11,799.05,dMShOA,0,588.4333333333334,26,122.8692,39.96
2022-12-15,30,31,11,799.05,dMShOA,1,649.4499999999999,21,107.1548,40.17
2022-12-15,30,31,11,799.05,dMShOA,2,666.4166666666666,23,101.7804,39.76
2022-12-15,30,31,11,799.05,dMShOA,3,667.5166666666668,23,95.8355,40.23
2022-12-15,30,31,11,799.05,dMShOA,4,639.7333333333333,23,68.4159,40.14
2022-12-15,30,31,11,799.05,dMShOA,5,704.6333333333333,24,99.0319,39.99
2022-12-15,30,31,11,799.05,dMShOA,6,597.85,28,99.7155,39.81
2022-12-15,30,31,11,799.05,dMShOA,7,670.6999999999999,25,105.2787,39.84
2022-12-15,30,31,11,799.05,dMShOA,8,779.7166666666667,24,96.2285,40.2
2022-12-15,30,31,11,799.05,dMShOA,9,650.7333333333333,22,118.4242,40.33
2022-11-11,30,29,11,755.6166666666667,GA,0,927.65,16,61.0281,39.54
2022-11-11,30,29,11,755.6166666666667,GA,1,760.4499999999999,16,55.9833,39.49
2022-11-11,30,29,11,755.6166666666667,GA,2,598.5666666666666,18,53.0796,39.53
2022-11-11,30,29,11,755.6166666666667,GA,3,619.9166666666667,18,68.4815,39.55
2022-11-11,30,29,11,755.6166666666667,GA,4,803.2833333333334,16,50.6823,39.28
2022-11-11,30,29,11,755.6166666666667,GA,5,648.7,14,54.2107,39.61
2022-11-11,30,29,11,755.6166666666667,GA,6,855.1333333333333,14,62.3762,39.51
2022-11-11,30,29,11,755.6166666666667,GA,7,713.5666666666666,14,50.3405,39.64
2022-11-11,30,29,11,755.6166666666667,GA,8,667.5166666666669,18,75.9509,39.9
2022-11-11,30,29,11,755.6166666666667,GA,9,696.5000000000001,19,56.143,39.39
2022-11-11,30,29,11,755.6166666666667,dPSO,0,612.3666666666667,26,86.6231,40.12
2022-11-11,30,29,11,755.6166666666667,dPSO,1,535.0833333333333,23,45.4442,40.53
2022-11-11,30,29,11,755.6166666666667,dPSO,2,549.5,26,73.759,40.0
2022-11-11,30,29,11,755.6166666666667,dPSO,3,582.1333333333333,16,85.6802,40.06
2022-11-11,30,29,11,755.6166666666667,dPSO,4,657.7666666666667,15,73.2844,40.12
2022-11-11,30,29,11,755.6166666666667,dPSO,5,623.6833333333333,24,76.075,40.6
2022-11-11,30,29,11,755.6166666666667,dPSO,6,747.5833333333334,17,73.1775,40.24
2022-11-11,30,29,11,755.6166666666667,dPSO,7,669.35,17,57.3774,40.35
2022-11-11,30,29,11,755.6166666666667,dPSO,8,704.5333333333334,22,76.1235,40.57
2022-11-11,30,29,11,755.6166666666667,dPSO,9,533.6333333333333,21,102.8175,40.63
2022-11-11,30,29,11,755.6166666666667,SBOA,0,685.7500000000001,14,64.2214,41.89
2022-11-11,30,29,11,755.6166666666667,SBOA,1,713.3,12,25.7958,52.96
2022-11-11,30,29,11,755.6166666666667,SBOA,2,726.7166666666667,20,95.2475,38.54
2022-11-11,30,29,11,755.6166666666667,SBOA,3,585.8166666666667,6,30.9417,52.95
2022-11-11,30,29,11,755.6166666666667,SBOA,4,616.0,17,52.999,40.0
2022-11-11,30,29,11,755.6166666666667,SBOA,5,565.8666666666668,9,34.7481,53.6
2022-11-11,30,29,11,755.6166666666667,SBOA,6,734.5500000000001,10,23.195,47.66
2022-11-11,30,29,11,755.6166666666667,SBOA,7,709.8833333333333,15,84.6122,39.3
2022-11-11,30,29,11,755.6166666666667,SBOA,8,731.0333333333334,14,52.3048,38.56
2022-11-11,30,29,11,755.6166666666667,SBOA,9,673.15,6,31.9083,51.92
2022-11-11,30,29,11,755.6166666666667,dMShOA,0,661.7333333333333,23,87.5043,37.49
2022-11-11,30,29,11,755.6166666666667,dMShOA,1,693.9333333333334,21,64.9532,37.8
2022-11-11,30,29,11,755.6166666666667,dMShOA,2,605.9666666666667,21,85.1191,37.51
2022-11-11,30,29,11,755.6166666666667,dMShOA,3,593.9666666666667,24,91.5375,37.45
2022-11-11,30,29,11,755.6166666666667,dMShOA,4,737.4166666666667,19,98.3842,37.41
2022-11-11,30,29,11,755.6166666666667,dMShOA,5,633.0333333333333,18,107.975,37.61
2022-11-11,30,29,11,755.6166666666667,dMShOA,6,780.55,23,80.163,38.0
2022-11-11,30,29,11,755.6166666666667,dMShOA,7,643.0500000000001,20,88.005,37.74
2022-11-11,30,29,11,755.6166666666667,dMShOA,8,888.0666666666667,20,97.0842,37.89
2022-11-11,30,29,11,755.6166666666667,dMShOA,9,742.45,20,73.1442,37.97
2023-02-27,30,29,11,693.9166666666666,GA,0,602.2666666666667,12,51.325,39.41
2023-02-27,30,29,11,693.9166666666666,GA,1,661.0666666666666,16,59.0698,39.6
2023-02-27,30,29,11,693.9166666666666,GA,2,742.8333333333334,15,44.4933,39.26
2023-02-27,30,29,11,693.9166666666666,GA,3,571.55,19,60.0552,39.61
2023-02-27,30,29,11,693.9166666666666,GA,4,541.6666666666666,18,64.6537,39.81
2023-02-27,30,29,11,693.9166666666666,GA,5,553.8,15,58.3478,39.23
2023-02-27,30,29,11,693.9166666666666,GA,6,568.6333333333333,10,40.55,39.69
2023-02-27,30,29,11,693.9166666666666,GA,7,660.25,15,42.78,39.33
2023-02-27,30,29,11,693.9166666666666,GA,8,627.9166666666667,10,51.3883,39.49
2023-02-27,30,29,11,693.9166666666666,GA,9,555.5833333333333,14,55.2893,39.29
2023-02-27,30,29,11,693.9166666666666,dPSO,0,613.25,23,70.6826,40.08
2023-02-27,30,29,11,693.9166666666666,dPSO,1,558.8,18,67.7463,40.3
2023-02-27,30,29,11,693.9166666666666,dPSO,2,555.2666666666667,21,55.5635,40.26
2023-02-27,30,29,11,693.9166666666666,dPSO,3,638.75,16,57.0156,40.32
2023-02-27,30,29,11,693.9166666666666,dPSO,4,510.73333333333335,18,83.6324,40.66
2023-02-27,30,29,11,693.9166666666666,dPSO,5,532.9833333333333,22,61.5288,40.27
2023-02-27,30,29,11,693.9166666666666,dPSO,6,496.6333333333333,16,84.9396,40.51
2023-02-27,30,29,11,693.9166666666666,dPSO,7,481.95,26,72.1731,40.19
2023-02-27,30,29,11,693.9166666666666,dPSO,8,660.8166666666666,24,68.0986,40.16
2023-02-27,30,29,11,693.9166666666666,dPSO,9,817.4666666666667,11,42.8561,40.58
2023-02-27,30,29,11,693.9166666666666,SBOA,0,511.3,12,34.3347,54.2
2023-02-27,30,29,11,693.9166666666666,SBOA,1,603.6,9,32.8074,55.79
2023-02-27,30,29,11,693.9166666666666,SBOA,2,539.75,10,15.895,57.05
2023-02-27,30,29,11,693.9166666666666,SBOA,3,512.2166666666666,17,45.4196,41.25
2023-02-27,30,29,11,693.9166666666666,SBOA,4,510.4666666666666,11,28.797,51.05
2023-02-27,30,29,11,693.9166666666666,SBOA,5,606.5333333333333,6,10.7972,52.98
2023-02-27,30,29,11,693.9166666666666,SBOA,6,513.4333333333333,10,37.355,51.62
2023-02-27,30,29,11,693.9166666666666,SBOA,7,723.3166666666666,8,10.2417,52.19
2023-02-27,30,29,11,693.9166666666666,SBOA,8,547.1833333333333,16,56.4469,38.27
2023-02-27,30,29,11,693.9166666666666,SBOA,9,628.8666666666666,15,18.03,50.95
2023-02-27,30,29,11,693.9166666666666,dMShOA,0,626.0666666666666,20,82.6025,37.53
2023-02-27,30,29,11,693.9166666666666,dMShOA,1,514.9499999999999,25,67.2667,37.86
2023-02-27,30,29,11,693.9166666666666,dMShOA,2,590.6333333333333,24,71.434,37.72
2023-02-27,30,29,11,693.9166666666666,dMShOA,3,557.0166666666667,25,59.02,37.78
2023-02-27,30,29,11,693.9166666666666,dMShOA,4,530.5999999999999,17,78.8451,38.04
2023-02-27,30,29,11,693.9166666666666,dMShOA,5,545.75,19,84.2588,37.72
2023-02-27,30,29,11,693.9166666666666,dMShOA,6,552.0166666666667,15,112.0178,37.93
2023-02-27,30,29,11,693.9166666666666,dMShOA,7,632.7833333333333,22,73.1894,37.73
2023-02-27,30,29,11,693.9166666666666,dMShOA,8,458.73333333333335,24,76.2701,37.67
2023-02-27,30,29,11,693.9166666666666,dMShOA,9,463.5833333333333,24,74.4479,37.9
2022-10-17,30,30,11,719.9666666666667,GA,0,650.8,22,57.4303,40.83
2022-10-17,30,30,11,719.9666666666667,GA,1,552.9666666666667,22,77.1727,40.72
2022-10-17,30,30,11,719.9666666666667,GA,2,680.1333333333334,20,78.1933,40.56
2022-10-17,30,30,11,719.9666666666667,GA,3,655.0166666666667,16,57.7187,40.79
2022-10-17,30,30,11,719.9666666666667,GA,4,544.0999999999999,22,66.6508,40.89
2022-10-17,30,30,11,719.9666666666667,GA,5,580.3666666666667,23,85.8536,41.03
2022-10-17,30,30,11,719.9666666666667,GA,6,637.3333333333334,17,38.0765,41.1
2022-10-17,30,30,11,719.9666666666667,GA,7,623.7333333333333,19,56.2833,40.66
2022-10-17,30,30,11,719.9666666666667,GA,8,606.4666666666667,23,66.4116,40.79
2022-10-17,30,30,11,719.9666666666667,GA,9,616.5666666666666,18,47.3028,40.79
2022-10-17,30,30,11,719.9666666666667,dPSO,0,597.8,25,67.594,41.79
2022-10-17,30,30,11,719.9666666666667,dPSO,1,639.0166666666667,13,67.2397,41.74
2022-10-17,30,30,11,719.9666666666667,dPSO,2,683.2833333333333,22,71.8045,41.51
2022-10-17,30,30,11,719.9666666666667,dPSO,3,586.7166666666667,22,90.1674,41.42
2022-10-17,30,30,11,719.9666666666667,dPSO,4,606.4,21,70.4064,41.3
2022-10-17,30,30,11,719.9666666666667,dPSO,5,545.0,24,76.9639,41.76
2022-10-17,30,30,11,719.9666666666667,dPSO,6,622.2666666666667,23,80.8696,41.69
2022-10-17,30,30,11,719.9666666666667,dPSO,7,562.0666666666666,29,84.1282,41.35
2022-10-17,30,30,11,719.9666666666667,dPSO,8,588.3666666666667,25,79.4993,41.33
2022-10-17,30,30,11,719.9666666666667,dPSO,9,665.6166666666666,28,79.1619,41.25
2022-10-17,30,30,11,719.9666666666667,SBOA,0,630.8666666666668,16,33.149,45.2
2022-10-17,30,30,11,719.9666666666667,SBOA,1,586.8666666666667,9,18.0,51.39
2022-10-17,30,30,11,719.9666666666667,SBOA,2,546.3833333333332,15,18.3367,48.97
2022-10-17,30,30,11,719.9666666666667,SBOA,3,608.4833333333332,15,29.4556,49.28
2022-10-17,30,30,11,719.9666666666667,SBOA,4,635.0833333333335,25,74.6427,39.16
2022-10-17,30,30,11,719.9666666666667,SBOA,5,594.0,24,90.3326,42.11
2022-10-17,30,30,11,719.9666666666667,SBOA,6,597.3,26,87.6667,40.74
2022-10-17,30,30,11,719.9666666666667,SBOA,7,606.95,9,18.0981,48.11
2022-10-17,30,30,11,719.9666666666667,SBOA,8,595.8666666666667,9,31.3815,47.83
2022-10-17,30,30,11,719.9666666666667,SBOA,9,644.0999999999999,22,101.2447,40.81
2022-10-17,30,30,11,719.9666666666667,dMShOA,0,526.3333333333334,27,87.5346,39.15
2022-10-17,30,30,11,719.9666666666667,dMShOA,1,600.9833333333333,24,89.8972,38.72
2022-10-17,30,30,11,719.9666666666667,dMShOA,2,638.0999999999999,23,92.7514,38.69
2022-10-17,30,30,11,719.9666666666667,dMShOA,3,551.4666666666667,23,100.9022,38.77
2022-10-17,30,30,11,719.9666666666667,dMShOA,4,644.3333333333333,23,98.3,37.07
2022-10-17,30,30,11,719.9666666666667,dMShOA,5,595.0833333333333,22,79.7295,36.26
2022-10-17,30,30,11,719.9666666666667,dMShOA,6,552.2,25,98.2953,37.47
2022-10-17,30,30,11,719.9666666666667,dMShOA,7,662.6333333333333,24,76.4326,36.8
2022-10-17,30,30,11,719.9666666666667,dMShOA,8,608.75,25,85.4193,36.39
2022-10-17,30,30,11,719.9666666666667,dMShOA,9,547.4666666666667,25,87.41,36.41
2023-05-09,30,29,12,737.65,GA,0,563.4666666666667,19,76.3544,38.91
2023-05-09,30,29,12,737.65,GA,1,727.4,24,58.0118,39.36
2023-05-09,30,29,12,737.65,GA,2,562.5833333333333,18,60.4824,39.35
2023-05-09,30,29,12,737.65,GA,3,729.7666666666667,17,62.8578,39.15
2023-05-09,30,29,12,737.65,GA,4,633.7166666666667,23,60.8065,39.38
2023-05-09,30,29,12,737.65,GA,5,688.65,21,66.9135,39.31
2023-05-09,30,29,12,737.65,GA,6,661.5666666666667,16,54.6052,39.06
2023-05-09,30,29,12,737.65,GA,7,668.5500000000001,19,42.7,39.18
2023-05-09,30,29,12,737.65,GA,8,569.65,22,57.5901,39.36
2023-05-09,30,29,12,737.65,GA,9,706.15,13,58.2846,39.15
2023-05-09,30,29,12,737.65,dPSO,0,718.7166666666667,22,72.0364,40.25
2023-05-09,30,29,12,737.65,dPSO,1,540.1166666666667,22,93.931,40.16
2023-05-09,30,29,12,737.65,dPSO,2,642.7,23,76.0268,39.73
2023-05-09,30,29,12,737.65,dPSO,3,607.2833333333334,17,83.2882,39.93
2023-05-09,30,29,12,737.65,dPSO,4,614.0666666666667,24,67.3861,40.16
2023-05-09,30,29,12,737.65,dPSO,5,651.9333333333334,21,91.1452,40.24
2023-05-09,30,29,12,737.65,dPSO,6,631.1166666666667,24,69.6847,39.86
2023-05-09,30,29,12,737.65,dPSO,7,543.0833333333334,20,72.4783,40.11
2023-05-09,30,29,12,737.65,dPSO,8,609.5666666666667,25,78.0813,40.24
2023-05-09,30,29,12,737.65,dPSO,9,591.1,22,71.1159,40.06
2023-05-09,30,29,12,737.65,SBOA,0,580.3666666666667,10,21.4533,52.99
2023-05-09,30,29,12,737.65,SBOA,1,667.8333333333334,1,3.4333,53.24
2023-05-09,30,29,12,737.65,SBOA,2,705.3666666666667,7,15.431,54.75
2023-05-09,30,29,12,737.65,SBOA,3,617.1166666666667,23,47.6732,50.87
2023-05-09,30,29,12,737.65,SBOA,4,667.8166666666667,3,25.8833,53.52
2023-05-09,30,29,12,737.65,SBOA,5,728.2333333333333,3,14.0889,60.52
2023-05-09,30,29,12,737.65,SBOA,6,735.5166666666667,21,82.8183,40.2
2023-05-09,30,29,12,737.65,SBOA,7,689.8833333333333,19,92.7561,37.96
2023-05-09,30,29,12,737.65,SBOA,8,679.3166666666667,4,19.1292,54.62
2023-05-09,30,29,12,737.65,SBOA,9,697.9333333333333,11,22.5364,50.98
2023-05-09,30,29,12,737.65,dMShOA,0,684.8166666666667,25,60.324,37.93
2023-05-09,30,29,12,737.65,dMShOA,1,562.15,23,70.5507,37.85
2023-05-09,30,29,12,737.65,dMShOA,2,678.0500000000001,21,87.4095,37.61
2023-05-09,30,29,12,737.65,dMShOA,3,708.5,21,72.6738,37.81
2023-05-09,30,29,12,737.65,dMShOA,4,547.5833333333333,16,85.9792,37.91
2023-05-09,30,29,12,737.65,dMShOA,5,711.1666666666666,21,96.0024,37.85
2023-05-09,30,29,12,737.65,dMShOA,6,667.9666666666667,19,94.8649,37.72
2023-05-09,30,29,12,737.65,dMShOA,7,540.1166666666667,21,90.7032,37.99
2023-05-09,30,29,12,737.65,dMShOA,8,626.6666666666666,24,83.4743,37.91
2023-05-09,30,29,12,737.65,dMShOA,9,601.9,22,85.8492,37.81
2023-11-13,30,31,12,792.0166666666667,GA,0,655.35,23,82.863,41.76
2023-11-13,30,31,12,792.0166666666667,GA,1,683.7833333333333,24,85.6118,42.11
2023-11-13,30,31,12,792.0166666666667,GA,2,635.6,24,88.1618,42.21
2023-11-13,30,31,12,792.0166666666667,GA,3,823.3,21,81.446,42.11
2023-11-13,30,31,12,792.0166666666667,GA,4,551.95,28,88.4256,42.3
2023-11-13,30,31,12,792.0166666666667,GA,5,744.55,19,56.6491,42.51
2023-11-13,30,31,12,792.0166666666667,GA,6,626.0500000000001,22,85.4788,42.28
2023-11-13,30,31,12,792.0166666666667,GA,7,817.65,19,52.1184,42.13
2023-11-13,30,31,12,792.0166666666667,GA,8,665.9833333333333,21,64.3333,42.3
2023-11-13,30,31,12,792.0166666666667,GA,9,821.1833333333334,17,50.0726,42.26
2023-11-13,30,31,12,792.0166666666667,dPSO,0,653.8666666666667,30,109.3806,43.09
2023-11-13,30,31,12,792.0166666666667,dPSO,1,636.1833333333334,27,90.5358,42.94
2023-11-13,30,31,12,792.0166666666667,dPSO,2,710.25,27,87.0562,42.75
2023-11-13,30,31,12,792.0166666666667,dPSO,3,634.9333333333334,25,109.058,42.96
2023-11-13,30,31,12,792.0166666666667,dPSO,4,630.3000000000001,26,80.0667,42.72
2023-11-13,30,31,12,792.0166666666667,dPSO,5,750.1666666666667,23,80.7101,42.82
2023-11-13,30,31,12,792.0166666666667,dPSO,6,647.5166666666667,30,112.4944,42.96
2023-11-13,30,31,12,792.0166666666667,dPSO,7,624.6500000000001,23,109.6906,42.89
2023-11-13,30,31,12,792.0166666666667,dPSO,8,721.0,26,94.7763,42.95
2023-11-13,30,31,12,792.0166666666667,dPSO,9,643.4666666666667,25,84.15,42.83
2023-11-13,30,31,12,792.0166666666667,SBOA,0,723.2666666666667,9,19.213,57.0
2023-11-13,30,31,12,792.0166666666667,SBOA,1,602.2333333333333,5,76.36,60.94
2023-11-13,30,31,12,792.0166666666667,SBOA,2,733.25,13,26.941,56.7
2023-11-13,30,31,12,792.0166666666667,SBOA,3,681.85,14,41.8226,55.33
2023-11-13,30,31,12,792.0166666666667,SBOA,4,562.8833333333334,26,94.7353,41.55
2023-11-13,30,31,12,792.0166666666667,SBOA,5,801.9833333333333,6,36.8528,60.13
2023-11-13,30,31,12,792.0166666666667,SBOA,6,641.2333333333333,26,71.3923,50.47
2023-11-13,30,31,12,792.0166666666667,SBOA,7,633.4666666666667,23,61.2058,49.98
2023-11-13,30,31,12,792.0166666666667,SBOA,8,656.3833333333333,12,31.1264,58.02
2023-11-13,30,31,12,792.0166666666667,SBOA,9,618.25,30,96.3906,41.5
2023-11-13,30,31,12,792.0166666666667,dMShOA,0,736.4666666666667,26,89.7936,40.32
2023-11-13,30,31,12,792.0166666666667,dMShOA,1,721.3833333333333,27,109.6222,40.15
2023-11-13,30,31,12,792.0166666666667,dMShOA,2,755.1333333333334,23,88.8631,40.1
2023-11-13,30,31,12,792.0166666666667,dMShOA,3,659.6333333333333,26,109.0462,40.11
2023-11-13,30,31,12,792.0166666666667,dMShOA,4,664.5166666666667,25,95.2413,39.84
2023-11-13,30,31,12,792.0166666666667,dMShOA,5,726.0500000000001,24,115.5187,39.81
2023-11-13,30,31,12,792.0166666666667,dMShOA,6,734.4166666666667,24,97.1097,39.82
2023-11-13,30,31,12,792.0166666666667,dMShOA,7,692.0833333333334,28,98.4363,40.05
2023-11-13,30,31,12,792.0166666666667,dMShOA,8,607.2,19,101.0439,40.12
2023-11-13,30,31,12,792.0166666666667,dMShOA,9,665.6833333333333,19,101.0386,39.94
2023-06-01,30,31,12,581.45,GA,0,625.15,25,55.7287,42.18
2023-06-01,30,31,12,581.45,GA,1,697.5833333333334,21,64.5897,42.0
2023-06-01,30,31,12,581.45,GA,2,558.8000000000001,18,68.1889,42.15
2023-06-01,30,31,12,581.45,GA,3,575.4833333333332,23,58.1051,42.21
2023-06-01,30,31,12,581.45,GA,4,601.5833333333334,16,73.3271,42.38
2023-06-01,30,31,12,581.45,GA,5,576.4,18,58.8861,42.08
2023-06-01,30,31,12,581.45,GA,6,532.7666666666667,22,66.3826,42.13
2023-06-01,30,31,12,581.45,GA,7,593.3833333333334,25,65.972,42.11
2023-06-01,30,31,12,581.45,GA,8,609.9666666666668,23,60.7522,41.92
2023-06-01,30,31,12,581.45,GA,9,572.2,21,66.1976,42.04
2023-06-01,30,31,12,581.45,dPSO,0,607.4,23,101.3804,42.79
2023-06-01,30,31,12,581.45,dPSO,1,497.0166666666667,24,69.2743,42.91
2023-06-01,30,31,12,581.45,dPSO,2,543.8666666666667,23,78.3703,42.53
2023-06-01,30,31,12,581.45,dPSO,3,613.7166666666667,23,81.2478,42.93
2023-06-01,30,31,12,581.45,dPSO,4,613.4666666666666,21,62.0563,42.79
2023-06-01,30,31,12,581.45,dPSO,5,580.4,19,74.1737,43.01
2023-06-01,30,31,12,581.45,dPSO,6,537.0666666666666,26,87.8647,42.91
2023-06-01,30,31,12,581.45,dPSO,7,590.5833333333334,29,77.7747,43.07
2023-06-01,30,31,12,581.45,dPSO,8,602.1666666666666,27,78.1197,42.91
2023-06-01,30,31,12,581.45,dPSO,9,505.6833333333333,18,67.4315,42.88
2023-06-01,30,31,12,581.45,SBOA,0,633.0166666666668,20,39.0683,55.59
2023-06-01,30,31,12,581.45,SBOA,1,612.7166666666667,12,36.1292,59.07
2023-06-01,30,31,12,581.45,SBOA,2,524.5,21,33.3452,53.09
2023-06-01,30,31,12,581.45,SBOA,3,580.9666666666667,23,93.4058,41.27
2023-06-01,30,31,12,581.45,SBOA,4,583.3333333333333,14,29.9059,54.33
2023-06-01,30,31,12,581.45,SBOA,5,772.7,20,99.9075,43.08
2023-06-01,30,31,12,581.45,SBOA,6,526.2333333333333,17,42.0255,54.39
2023-06-01,30,31,12,581.45,SBOA,7,532.8166666666666,6,22.95,62.86
2023-06-01,30,31,12,581.45,SBOA,8,544.5666666666666,14,33.0429,57.97
2023-06-01,30,31,12,581.45,SBOA,9,676.25,23,70.5536,43.1
2023-06-01,30,31,12,581.45,dMShOA,0,650.2833333333333,26,90.2058,40.07
2023-06-01,30,31,12,581.45,dMShOA,1,626.9,25,79.5307,40.07
2023-06-01,30,31,12,581.45,dMShOA,2,617.5000000000001,23,99.6775,39.65
2023-06-01,30,31,12,581.45,dMShOA,3,492.8166666666666,22,110.2932,40.16
2023-06-01,30,31,12,581.45,dMShOA,4,752.4000000000001,24,74.0208,39.98
2023-06-01,30,31,12,581.45,dMShOA,5,579.05,26,95.5718,40.21
2023-06-01,30,31,12,581.45,dMShOA,6,605.4333333333334,27,84.3432,40.1
2023-06-01,30,31,12,581.45,dMShOA,7,533.7,26,97.3173,40.21
2023-06-01,30,31,12,581.45,dMShOA,8,561.3833333333334,21,104.65,40.03
2023-06-01,30,31,12,581.45,dMShOA,9,615.9166666666666,21,83.0865,40.01
2023-11-07,30,29,12,779.7833333333333,GA,0,698.7333333333333,18,75.0065,39.64
2023-11-07,30,29,12,779.7833333333333,GA,1,675.1833333333334,15,67.9589,39.52
2023-11-07,30,29,12,779.7833333333333,GA,2,684.0,15,56.7,39.65
2023-11-07,30,29,12,779.7833333333333,GA,3,714.15,20,72.53,39.66
2023-11-07,30,29,12,779.7833333333333,GA,4,626.8166666666667,20,103.355,39.19
2023-11-07,30,29,12,779.7833333333333,GA,5,850.9,13,87.5115,39.62
2023-11-07,30,29,12,779.7833333333333,GA,6,631.0333333333333,17,65.3304,39.63
2023-11-07,30,29,12,779.7833333333333,GA,7,617.85,21,63.3381,39.49
2023-11-07,30,29,12,779.7833333333333,GA,8,605.1,19,72.9,39.77
2023-11-07,30,29,12,779.7833333333333,GA,9,712.6666666666666,12,57.3306,39.5
2023-11-07,30,29,12,779.7833333333333,dPSO,0,608.6333333333333,21,57.4532,40.5
2023-11-07,30,29,12,779.7833333333333,dPSO,1,629.3499999999999,23,64.658,40.39
2023-11-07,30,29,12,779.7833333333333,dPSO,2,675.4333333333334,23,89.071,40.33
2023-11-07,30,29,12,779.7833333333333,dPSO,3,623.6,17,61.2323,40.45
2023-11-07,30,29,12,779.7833333333333,dPSO,4,653.9166666666667,22,73.8523,40.49
2023-11-07,30,29,12,779.7833333333333,dPSO,5,621.1,23,96.3659,40.42
2023-11-07,30,29,12,779.7833333333333,dPSO,6,677.3000000000001,24,93.6611,40.47
2023-11-07,30,29,12,779.7833333333333,dPSO,7,670.5,22,84.2621,40.34
2023-11-07,30,29,12,779.7833333333333,dPSO,8,658.2333333333333,20,82.5275,40.31
2023-11-07,30,29,12,779.7833333333333,dPSO,9,552.0333333333333,18,74.2389,40.54
2023-11-07,30,29,12,779.7833333333333,SBOA,0,671.0,9,14.1167,54.29
2023-11-07,30,29,12,779.7833333333333,SBOA,1,606.7666666666667,6,13.1389,50.36
2023-11-07,30,29,12,779.7833333333333,SBOA,2,608.5500000000001,11,45.747,53.3
2023-11-07,30,29,12,779.7833333333333,SBOA,3,681.7833333333333,10,32.3617,51.82
2023-11-07,30,29,12,779.7833333333333,SBOA,4,579.15,13,23.0051,54.08
2023-11-07,30,29,12,779.7833333333333,SBOA,5,702.9666666666667,9,29.4481,51.0
2023-11-07,30,29,12,779.7833333333333,SBOA,6,779.9,5,18.0967,63.83
2023-11-07,30,29,12,779.7833333333333,SBOA,7,777.8333333333334,4,17.45,54.24
2023-11-07,30,29,12,779.7833333333333,SBOA,8,671.3333333333334,21,68.3286,41.38
2023-11-07,30,29,12,779.7833333333333,SBOA,9,806.6,15,71.3978,39.11
2023-11-07,30,29,12,779.7833333333333,dMShOA,0,701.4166666666667,22,94.8606,37.87
2023-11-07,30,29,12,779.7833333333333,dMShOA,1,717.3666666666667,20,83.9333,37.89
2023-11-07,30,29,12,779.7833333333333,dMShOA,2,766.6500000000001,19,75.6921,37.73
2023-11-07,30,29,12,779.7833333333333,dMShOA,3,742.6333333333332,21,95.3635,37.8
2023-11-07,30,29,12,779.7833333333333,dMShOA,4,722.25,21,97.8405,37.87
2023-11-07,30,29,12,779.7833333333333,dMShOA,5,676.0,22,100.7311,37.77
2023-11-07,30,29,12,779.7833333333333,dMShOA,6,803.2333333333335,20,78.07,37.9
2023-11-07,30,29,12,779.7833333333333,dMShOA,7,692.3333333333334,18,113.6204,37.77
2023-11-07,30,29,12,779.7833333333333,dMShOA,8,731.6,18,100.7963,37.57
2023-11-07,30,29,12,779.7833333333333,dMShOA,9,702.9666666666667,22,87.2674,37.71
2022-10-05,30,30,12,698.7333333333333,GA,0,663.6166666666667,20,51.3142,40.95
2022-10-05,30,30,12,698.7333333333333,GA,1,583.7666666666667,25,52.7867,40.8
2022-10-05,30,30,12,698.7333333333333,GA,2,616.15,24,84.7312,40.83
2022-10-05,30,30,12,698.7333333333333,GA,3,681.3499999999999,14,81.6655,40.95
2022-10-05,30,30,12,698.7333333333333,GA,4,729.2166666666667,19,63.7807,40.99
2022-10-05,30,30,12,698.7333333333333,GA,5,765.9333333333334,16,55.426,40.76
2022-10-05,30,30,12,698.7333333333333,GA,6,691.2833333333333,21,53.0373,40.9
2022-10-05,30,30,12,698.7333333333333,GA,7,716.7166666666667,21,56.231,40.92
2022-10-05,30,30,12,698.7333333333333,GA,8,591.0166666666667,21,72.9063,40.75
2022-10-05,30,30,12,698.7333333333333,GA,9,709.9166666666666,21,76.8746,40.95
2022-10-05,30,30,12,698.7333333333333,dPSO,0,512.4833333333333,22,80.4121,41.49
2022-10-05,30,30,12,698.7333333333333,dPSO,1,639.9833333333333,24,118.3368,41.65
2022-10-05,30,30,12,698.7333333333333,dPSO,2,632.2,23,75.0152,41.64
2022-10-05,30,30,12,698.7333333333333,dPSO,3,622.1333333333333,25,100.0007,41.21
2022-10-05,30,30,12,698.7333333333333,dPSO,4,705.25,19,60.8272,41.57
2022-10-05,30,30,12,698.7333333333333,dPSO,5,578.8833333333333,22,69.4568,41.65
2022-10-05,30,30,12,698.7333333333333,dPSO,6,612.4166666666667,27,88.8574,41.5
2022-10-05,30,30,12,698.7333333333333,dPSO,7,670.2666666666667,25,69.8767,41.56
2022-10-05,30,30,12,698.7333333333333,dPSO,8,701.8333333333333,23,69.9783,41.71
2022-10-05,30,30,12,698.7333333333333,dPSO,9,646.9833333333333,27,62.3975,41.72
2022-10-05,30,30,12,698.7333333333333,SBOA,0,873.6999999999999,2,4.5,51.61
2022-10-05,30,30,12,698.7333333333333,SBOA,1,634.0333333333333,16,31.8021,50.73
2022-10-05,30,30,12,698.7333333333333,SBOA,2,735.1666666666666,25,103.098,40.11
2022-10-05,30,30,12,698.7333333333333,SBOA,3,781.6666666666666,26,74.3231,43.36
2022-10-05,30,30,12,698.7333333333333,SBOA,4,649.6666666666666,24,95.7722,39.78
2022-10-05,30,30,12,698.7333333333333,SBOA,5,738.9,16,53.0708,42.14
2022-10-05,30,30,12,698.7333333333333,SBOA,6,580.8,6,20.3389,49.92
2022-10-05,30,30,12,698.7333333333333,SBOA,7,649.1333333333333,23,74.3015,40.11
2022-10-05,30,30,12,698.7333333333333,SBOA,8,546.7833333333333,12,64.182,46.65
2022-10-05,30,30,12,698.7333333333333,SBOA,9,643.2833333333334,19,54.0368,41.56
2022-10-05,30,30,12,698.7333333333333,dMShOA,0,583.6999999999999,24,90.8861,37.75
2022-10-05,30,30,12,698.7333333333333,dMShOA,1,941.9,18,99.2315,37.75
2022-10-05,30,30,12,698.7333333333333,dMShOA,2,657.6333333333333,23,95.6174,36.81
2022-10-05,30,30,12,698.7333333333333,dMShOA,3,646.5833333333334,23,93.1783,37.29
2022-10-05,30,30,12,698.7333333333333,dMShOA,4,584.3333333333333,28,95.2042,37.06
2022-10-05,30,30,12,698.7333333333333,dMShOA,5,601.6,26,94.0199,36.08
2022-10-05,30,30,12,698.7333333333333,dMShOA,6,641.7833333333333,23,93.4427,35.63
2022-10-05,30,30,12,698.7333333333333,dMShOA,7,728.8166666666666,18,89.5639,34.83
2022-10-05,30,30,12,698.7333333333333,dMShOA,8,700.1666666666666,25,91.8173,32.97
2022-10-05,30,30,12,698.7333333333333,dMShOA,9,696.7333333333332,24,75.0701,30.05
